ply
format ascii 1.0
element vertex 24576
property float x
property float y
property float z
property uchar red
property uchar green
property uchar blue
end_header
-0.6169 0.4112 1.0684 154 207 238
-0.6104 0.4112 1.0684 157 208 239
-0.6040 0.4112 1.0684 156 210 238
-0.5976 0.4112 1.0684 167 219 241
-0.5912 0.4112 1.0684 161 203 228
-0.5847 0.4112 1.0684 162 201 232
-0.5783 0.4112 1.0684 161 206 237
-0.5719 0.4112 1.0684 147 196 226
-0.5655 0.4112 1.0684 156 214 236
-0.5590 0.4112 1.0684 168 214 240
-0.5526 0.4112 1.0684 153 204 231
-0.5462 0.4112 1.0684 156 206 229
-0.5398 0.4112 1.0684 156 209 227
-0.5333 0.4112 1.0684 155 205 230
-0.5270 0.4113 1.0685 172 223 252
-0.5206 0.4113 1.0687 159 211 235
-0.5142 0.4114 1.0688 158 210 232
-0.5078 0.4114 1.0688 166 216 243
-0.5014 0.4114 1.0689 152 201 231
-0.4947 0.4112 1.0682 161 215 241
-0.4880 0.4110 1.0677 154 205 232
-0.4815 0.4109 1.0676 153 207 233
-0.4750 0.4108 1.0673 156 210 234
-0.4684 0.4106 1.0668 158 209 236
-0.4617 0.4104 1.0661 159 209 236
-0.4548 0.4100 1.0652 160 209 239
-0.4480 0.4096 1.0642 157 207 234
-0.4414 0.4094 1.0636 170 217 243
-0.4348 0.4092 1.0631 161 209 232
-0.4284 0.4092 1.0631 174 226 250
-0.4220 0.4092 1.0633 152 208 231
-0.4158 0.4094 1.0638 160 207 233
-0.4097 0.4097 1.0643 163 213 240
-0.4034 0.4098 1.0647 156 206 233
-0.3972 0.4100 1.0652 159 206 234
-0.3909 0.4101 1.0656 159 206 232
-0.3846 0.4103 1.0659 156 206 231
-0.3783 0.4104 1.0663 157 204 230
-0.3721 0.4106 1.0668 156 203 229
-0.3660 0.4109 1.0676 158 208 233
-0.3599 0.4113 1.0686 166 216 239
-0.3534 0.4112 1.0684 169 216 242
-0.3470 0.4112 1.0684 164 211 239
-0.3406 0.4112 1.0684 171 218 244
-0.3341 0.4112 1.0684 160 208 231
-0.3277 0.4112 1.0684 162 214 235
-0.3213 0.4112 1.0684 154 206 227
-0.3149 0.4112 1.0684 158 205 233
-0.3084 0.4112 1.0684 171 218 244
-0.3020 0.4112 1.0684 159 211 233
-0.2956 0.4112 1.0684 160 212 234
-0.2892 0.4112 1.0684 154 204 231
-0.2827 0.4112 1.0684 164 212 235
-0.2763 0.4112 1.0684 161 208 236
-0.2699 0.4112 1.0684 161 210 240
-0.2635 0.4112 1.0684 163 213 238
-0.2570 0.4112 1.0684 161 207 233
-0.2506 0.4112 1.0684 163 213 240
-0.2442 0.4112 1.0684 153 207 231
-0.2377 0.4112 1.0684 160 207 233
-0.2313 0.4112 1.0684 151 205 231
-0.2249 0.4112 1.0684 154 210 233
-0.2185 0.4112 1.0684 161 213 235
-0.2120 0.4112 1.0684 169 217 240
-0.2056 0.4112 1.0684 158 208 231
-0.1992 0.4112 1.0684 160 210 237
-0.1928 0.4112 1.0684 161 210 240
-0.1863 0.4112 1.0684 157 209 230
-0.1799 0.4112 1.0684 159 205 231
-0.1735 0.4112 1.0684 157 205 227
-0.1671 0.4112 1.0684 167 214 234
-0.1606 0.4112 1.0684 162 213 240
-0.1542 0.4112 1.0684 173 218 247
-0.1478 0.4112 1.0684 157 208 235
-0.1414 0.4112 1.0684 163 210 238
-0.1349 0.4112 1.0684 160 212 234
-0.1285 0.4112 1.0684 168 218 241
-0.1221 0.4112 1.0684 159 209 232
-0.1157 0.4112 1.0684 157 204 234
-0.1092 0.4112 1.0684 162 212 239
-0.1028 0.4112 1.0684 163 210 236
-0.0964 0.4112 1.0684 158 210 234
-0.0900 0.4112 1.0684 154 201 227
-0.0835 0.4112 1.0684 160 207 233
-0.0771 0.4112 1.0684 159 211 235
-0.0707 0.4112 1.0684 155 207 228
-0.0643 0.4112 1.0684 158 208 235
-0.0578 0.4112 1.0684 161 211 236
-0.0514 0.4112 1.0684 151 203 225
-0.0450 0.4112 1.0684 153 200 230
-0.0386 0.4112 1.0684 158 208 235
-0.0321 0.4112 1.0684 172 216 243
-0.0257 0.4112 1.0684 158 205 235
-0.0193 0.4112 1.0684 157 204 232
-0.0129 0.4112 1.0684 153 200 228
-0.0064 0.4112 1.0684 163 210 236
0.0000 0.4112 1.0684 166 212 238
0.0064 0.4112 1.0684 163 210 236
0.0129 0.4112 1.0684 161 211 234
0.0193 0.4112 1.0684 148 203 224
0.0257 0.4112 1.0684 155 206 233
0.0321 0.4112 1.0684 158 208 233
0.0386 0.4112 1.0684 155 202 230
0.0450 0.4112 1.0684 162 212 237
0.0514 0.4112 1.0684 163 211 234
0.0578 0.4112 1.0684 162 206 235
0.0643 0.4112 1.0684 162 216 240
0.0707 0.4112 1.0684 169 215 238
0.0771 0.4112 1.0684 161 211 236
0.0835 0.4112 1.0684 158 208 233
0.0900 0.4112 1.0684 161 213 235
0.0964 0.4112 1.0684 156 204 227
0.1028 0.4112 1.0684 163 213 236
0.1092 0.4112 1.0684 155 206 233
0.1157 0.4112 1.0684 153 205 227
0.1221 0.4112 1.0684 161 213 237
0.1285 0.4112 1.0684 155 204 234
0.1349 0.4112 1.0684 152 204 228
0.1414 0.4112 1.0684 161 211 236
0.1478 0.4112 1.0684 165 213 236
0.1542 0.4112 1.0684 161 208 228
0.1606 0.4112 1.0684 168 216 239
0.1671 0.4112 1.0684 166 213 239
0.1735 0.4112 1.0684 173 220 248
0.1799 0.4112 1.0684 154 201 231
0.1863 0.4112 1.0684 157 207 234
0.1928 0.4112 1.0684 163 217 241
0.1992 0.4112 1.0684 160 210 237
0.2056 0.4112 1.0684 164 208 235
0.2120 0.4112 1.0684 169 215 239
0.2185 0.4112 1.0684 158 208 233
0.2249 0.4112 1.0684 151 205 229
0.2313 0.4112 1.0684 157 208 235
0.2377 0.4112 1.0684 161 215 239
0.2442 0.4112 1.0684 161 211 238
0.2506 0.4112 1.0684 157 207 234
0.2570 0.4112 1.0684 154 205 232
0.2635 0.4112 1.0684 153 198 227
0.2699 0.4112 1.0684 167 215 238
0.2763 0.4112 1.0684 163 207 234
0.2827 0.4112 1.0684 168 218 245
0.2892 0.4112 1.0684 167 214 240
0.2956 0.4112 1.0684 167 214 242
0.3020 0.4112 1.0684 161 208 234
0.3084 0.4112 1.0684 149 199 222
0.3149 0.4112 1.0684 170 218 241
0.3213 0.4112 1.0684 163 213 238
0.3277 0.4112 1.0684 162 212 239
0.3341 0.4112 1.0684 159 209 236
0.3406 0.4112 1.0684 161 209 232
0.3470 0.4112 1.0684 170 218 240
0.3534 0.4112 1.0684 160 210 237
0.3598 0.4112 1.0684 152 199 225
0.3663 0.4112 1.0684 165 215 240
0.3727 0.4112 1.0684 162 214 238
0.3791 0.4112 1.0684 156 208 232
0.3855 0.4112 1.0684 163 213 236
0.3920 0.4112 1.0684 163 211 234
0.3984 0.4112 1.0684 161 209 232
0.4048 0.4112 1.0684 163 213 236
0.4112 0.4112 1.0684 159 208 238
0.4177 0.4112 1.0684 161 211 238
0.4241 0.4112 1.0684 154 206 230
0.4305 0.4112 1.0684 159 209 234
0.4369 0.4112 1.0684 160 211 240
0.4434 0.4112 1.0684 153 204 231
0.4498 0.4112 1.0684 164 214 237
0.4562 0.4112 1.0684 146 198 219
0.4626 0.4112 1.0684 156 206 231
0.4691 0.4112 1.0684 159 209 232
0.4755 0.4112 1.0684 165 215 240
0.4819 0.4112 1.0684 167 217 242
0.4883 0.4112 1.0684 158 210 232
0.4948 0.4112 1.0684 163 213 240
0.5012 0.4112 1.0684 154 204 229
0.5076 0.4112 1.0684 166 213 241
0.5141 0.4112 1.0684 169 219 246
0.5205 0.4112 1.0684 160 210 235
0.5269 0.4112 1.0684 167 219 243
0.5333 0.4112 1.0684 167 217 242
0.5398 0.4112 1.0684 156 207 238
0.5462 0.4112 1.0684 167 215 238
0.5526 0.4112 1.0684 157 203 236
0.5590 0.4112 1.0684 159 211 233
0.5655 0.4112 1.0684 153 200 230
0.5719 0.4112 1.0684 152 203 230
0.5783 0.4112 1.0684 160 210 233
0.5847 0.4112 1.0684 163 213 236
0.5912 0.4112 1.0684 158 213 234
0.5976 0.4112 1.0684 156 207 228
0.6040 0.4112 1.0684 153 203 226
0.6104 0.4112 1.0684 163 215 239
-0.6169 0.4048 1.0684 154 210 227
-0.6104 0.4048 1.0684 161 213 234
-0.6040 0.4048 1.0684 161 211 236
-0.5976 0.4048 1.0684 156 208 232
-0.5912 0.4048 1.0684 151 206 227
-0.5847 0.4048 1.0684 155 207 231
-0.5783 0.4048 1.0684 153 204 231
-0.5719 0.4048 1.0684 159 206 236
-0.5655 0.4048 1.0684 160 210 235
-0.5590 0.4048 1.0684 155 205 230
-0.5526 0.4048 1.0684 154 204 227
-0.5462 0.4048 1.0684 157 209 233
-0.5398 0.4048 1.0684 166 214 237
-0.5333 0.4048 1.0684 167 214 240
-0.5268 0.4047 1.0682 167 217 244
-0.5202 0.4046 1.0679 159 209 234
-0.5137 0.4045 1.0677 167 217 242
-0.5072 0.4044 1.0675 160 207 233
-0.5007 0.4044 1.0673 155 202 228
-0.4941 0.4042 1.0669 155 207 231
-0.4874 0.4041 1.0664 165 217 241
-0.4808 0.4039 1.0660 159 211 235
-0.4742 0.4037 1.0656 155 209 233
-0.4676 0.4035 1.0651 161 212 239
-0.4609 0.4033 1.0643 157 208 235
-0.4540 0.4029 1.0633 167 219 243
-0.4472 0.4025 1.0623 165 215 242
-0.4406 0.4023 1.0618 163 213 238
-0.4341 0.4022 1.0615 155 205 230
-0.4276 0.4021 1.0613 151 201 226
-0.4213 0.4021 1.0614 158 208 233
-0.4151 0.4023 1.0618 157 207 230
-0.4089 0.4025 1.0624 160 206 232
-0.4028 0.4028 1.0631 162 212 237
-0.3967 0.4031 1.0640 151 205 231
-0.3906 0.4034 1.0647 161 208 234
-0.3844 0.4036 1.0653 163 210 236
-0.3783 0.4039 1.0660 162 209 235
-0.3722 0.4043 1.0672 163 209 235
-0.3661 0.4046 1.0678 159 206 232
-0.3597 0.4047 1.0681 162 210 233
-0.3534 0.4048 1.0684 163 213 238
-0.3470 0.4048 1.0684 154 201 229
-0.3406 0.4048 1.0684 156 203 231
-0.3341 0.4048 1.0684 161 211 236
-0.3277 0.4048 1.0684 165 215 240
-0.3213 0.4048 1.0684 158 208 235
-0.3149 0.4048 1.0684 163 210 236
-0.3084 0.4048 1.0684 159 206 232
-0.3020 0.4048 1.0684 153 205 229
-0.2956 0.4048 1.0684 164 216 240
-0.2892 0.4048 1.0684 161 206 235
-0.2827 0.4048 1.0684 161 211 236
-0.2763 0.4048 1.0684 156 208 232
-0.2699 0.4048 1.0684 157 209 233
-0.2635 0.4048 1.0684 159 210 237
-0.2570 0.4048 1.0684 164 214 239
-0.2506 0.4048 1.0684 156 206 231
-0.2442 0.4048 1.0684 151 203 227
-0.2377 0.4048 1.0684 163 210 236
-0.2313 0.4048 1.0684 163 215 239
-0.2249 0.4048 1.0684 157 209 233
-0.2185 0.4048 1.0684 152 204 228
-0.2120 0.4048 1.0684 153 203 228
-0.2056 0.4048 1.0684 164 214 241
-0.1992 0.4048 1.0684 167 214 242
-0.1928 0.4048 1.0684 165 212 238
-0.1863 0.4048 1.0684 152 202 229
-0.1799 0.4048 1.0684 162 210 233
-0.1735 0.4048 1.0684 164 212 235
-0.1671 0.4048 1.0684 158 208 231
-0.1606 0.4048 1.0684 163 214 241
-0.1542 0.4048 1.0684 156 210 234
-0.1478 0.4048 1.0684 166 213 239
-0.1414 0.4048 1.0684 164 218 244
-0.1349 0.4048 1.0684 164 211 237
-0.1285 0.4048 1.0684 159 211 235
-0.1221 0.4048 1.0684 160 215 235
-0.1157 0.4048 1.0684 158 212 240
-0.1092 0.4048 1.0684 154 204 231
-0.1028 0.4048 1.0684 160 206 232
-0.0964 0.4048 1.0684 162 212 235
-0.0900 0.4048 1.0684 164 212 235
-0.0835 0.4048 1.0684 158 206 229
-0.0771 0.4048 1.0684 160 212 234
-0.0707 0.4048 1.0684 159 211 232
-0.0643 0.4048 1.0684 158 208 231
-0.0578 0.4048 1.0684 160 210 235
-0.0514 0.4048 1.0684 165 213 236
-0.0450 0.4048 1.0684 159 210 237
-0.0386 0.4048 1.0684 162 209 235
-0.0321 0.4048 1.0684 164 211 237
-0.0257 0.4048 1.0684 159 209 236
-0.0193 0.4048 1.0684 162 214 238
-0.0129 0.4048 1.0684 163 215 239
-0.0064 0.4048 1.0684 158 210 234
0.0000 0.4048 1.0684 162 209 237
0.0064 0.4048 1.0684 150 199 229
0.0129 0.4048 1.0684 163 213 240
0.0193 0.4048 1.0684 157 207 232
0.0257 0.4048 1.0684 160 212 236
0.0321 0.4048 1.0684 167 217 240
0.0386 0.4048 1.0684 166 216 241
0.0450 0.4048 1.0684 157 207 232
0.0514 0.4048 1.0684 154 206 230
0.0578 0.4048 1.0684 155 202 230
0.0643 0.4048 1.0684 165 219 243
0.0707 0.4048 1.0684 154 204 227
0.0771 0.4048 1.0684 150 204 228
0.0835 0.4048 1.0684 152 202 227
0.0900 0.4048 1.0684 156 206 231
0.0964 0.4048 1.0684 160 212 236
0.1028 0.4048 1.0684 158 208 231
0.1092 0.4048 1.0684 148 198 223
0.1157 0.4048 1.0684 160 210 233
0.1221 0.4048 1.0684 164 214 237
0.1285 0.4048 1.0684 156 206 231
0.1349 0.4048 1.0684 155 205 230
0.1414 0.4048 1.0684 156 206 231
0.1478 0.4048 1.0684 158 208 233
0.1542 0.4048 1.0684 154 204 227
0.1606 0.4048 1.0684 157 207 232
0.1671 0.4048 1.0684 157 209 233
0.1735 0.4048 1.0684 163 213 238
0.1799 0.4048 1.0684 157 206 236
0.1863 0.4048 1.0684 160 207 235
0.1928 0.4048 1.0684 156 208 230
0.1992 0.4048 1.0684 163 214 235
0.2056 0.4048 1.0684 161 213 235
0.2120 0.4048 1.0684 157 207 230
0.2185 0.4048 1.0684 160 207 235
0.2249 0.4048 1.0684 157 204 232
0.2313 0.4048 1.0684 163 210 238
0.2377 0.4048 1.0684 156 206 229
0.2442 0.4048 1.0684 151 198 226
0.2506 0.4048 1.0684 159 206 234
0.2570 0.4048 1.0684 161 212 239
0.2635 0.4048 1.0684 159 209 236
0.2699 0.4048 1.0684 160 210 235
0.2763 0.4048 1.0684 164 211 237
0.2827 0.4048 1.0684 161 211 236
0.2892 0.4048 1.0684 163 210 236
0.2956 0.4048 1.0684 162 212 239
0.3020 0.4048 1.0684 160 210 235
0.3084 0.4048 1.0684 158 210 234
0.3149 0.4048 1.0684 159 209 234
0.3213 0.4048 1.0684 153 205 227
0.3277 0.4048 1.0684 147 201 225
0.3341 0.4048 1.0684 157 207 234
0.3406 0.4048 1.0684 159 209 236
0.3470 0.4048 1.0684 159 206 232
0.3534 0.4048 1.0684 157 208 235
0.3598 0.4048 1.0684 157 207 232
0.3663 0.4048 1.0684 162 212 237
0.3727 0.4048 1.0684 158 208 233
0.3791 0.4048 1.0684 161 211 236
0.3855 0.4048 1.0684 149 201 225
0.3920 0.4048 1.0684 162 214 236
0.3984 0.4048 1.0684 158 209 236
0.4048 0.4048 1.0684 159 211 235
0.4112 0.4048 1.0684 151 203 227
0.4177 0.4048 1.0684 158 210 234
0.4241 0.4048 1.0684 158 208 233
0.4305 0.4048 1.0684 158 208 233
0.4369 0.4048 1.0684 159 206 234
0.4434 0.4048 1.0684 152 208 231
0.4498 0.4048 1.0684 166 216 241
0.4562 0.4048 1.0684 156 203 229
0.4626 0.4048 1.0684 161 213 235
0.4691 0.4048 1.0684 155 205 230
0.4755 0.4048 1.0684 159 210 237
0.4819 0.4048 1.0684 152 204 226
0.4883 0.4048 1.0684 162 213 234
0.4948 0.4048 1.0684 162 209 235
0.5012 0.4048 1.0684 158 208 233
0.5076 0.4048 1.0684 158 208 233
0.5141 0.4048 1.0684 152 204 228
0.5205 0.4048 1.0684 159 211 235
0.5269 0.4048 1.0684 153 203 228
0.5333 0.4048 1.0684 153 200 226
0.5398 0.4048 1.0684 151 201 226
0.5462 0.4048 1.0684 161 209 232
0.5526 0.4048 1.0684 160 208 231
0.5590 0.4048 1.0684 160 212 234
0.5655 0.4048 1.0684 158 204 230
0.5719 0.4048 1.0684 160 210 235
0.5783 0.4048 1.0684 156 206 229
0.5847 0.4048 1.0684 155 202 228
0.5912 0.4048 1.0684 159 211 235
0.5976 0.4048 1.0684 160 210 233
0.6040 0.4048 1.0684 167 215 238
0.6104 0.4048 1.0684 160 210 233
-0.6169 0.3984 1.0684 162 212 239
-0.6104 0.3984 1.0684 169 214 245
-0.6040 0.3984 1.0684 156 205 235
-0.5976 0.3984 1.0684 152 203 230
-0.5912 0.3984 1.0684 159 210 231
-0.5847 0.3984 1.0684 158 206 228
-0.5783 0.3984 1.0684 159 211 233
-0.5719 0.3984 1.0684 160 210 235
-0.5655 0.3984 1.0684 166 211 240
-0.5590 0.3984 1.0684 161 213 235
-0.5526 0.3984 1.0684 163 211 234
-0.5462 0.3984 1.0684 154 205 232
-0.5398 0.3984 1.0684 159 203 230
-0.5333 0.3984 1.0684 157 203 227
-0.5269 0.3984 1.0684 165 212 238
-0.5205 0.3984 1.0684 161 211 238
-0.5141 0.3984 1.0684 160 210 235
-0.5076 0.3984 1.0684 165 213 236
-0.5012 0.3984 1.0684 163 211 233
-0.4948 0.3984 1.0684 158 208 233
-0.4884 0.3984 1.0685 163 210 236
-0.4819 0.3984 1.0685 159 209 232
-0.4755 0.3984 1.0685 156 206 231
-0.4691 0.3984 1.0685 149 199 226
-0.4627 0.3984 1.0685 163 215 239
-0.4563 0.3984 1.0686 160 210 233
-0.4499 0.3985 1.0686 158 208 233
-0.4434 0.3984 1.0685 161 213 237
-0.4369 0.3984 1.0684 155 205 230
-0.4305 0.3983 1.0683 160 207 235
-0.4240 0.3983 1.0683 158 204 230
-0.4177 0.3984 1.0684 159 209 232
-0.4113 0.3984 1.0685 150 202 224
-0.4049 0.3985 1.0686 155 205 230
-0.3984 0.3984 1.0686 168 215 241
-0.3920 0.3984 1.0685 161 208 234
-0.3856 0.3984 1.0685 158 208 233
-0.3791 0.3984 1.0685 161 211 236
-0.3727 0.3984 1.0685 162 209 235
-0.3663 0.3984 1.0684 159 205 231
-0.3598 0.3984 1.0684 157 209 233
-0.3534 0.3984 1.0684 159 213 237
-0.3470 0.3984 1.0684 157 208 235
-0.3406 0.3984 1.0684 150 204 230
-0.3341 0.3984 1.0684 158 208 235
-0.3277 0.3984 1.0684 156 205 235
-0.3213 0.3984 1.0684 161 210 240
-0.3149 0.3984 1.0684 151 198 224
-0.3084 0.3984 1.0684 166 214 237
-0.3020 0.3984 1.0684 156 206 229
-0.2956 0.3984 1.0684 160 210 233
-0.2892 0.3984 1.0684 169 215 241
-0.2827 0.3984 1.0684 152 201 231
-0.2763 0.3984 1.0684 163 213 238
-0.2699 0.3984 1.0684 164 212 235
-0.2635 0.3984 1.0684 155 202 230
-0.2570 0.3984 1.0684 158 208 233
-0.2506 0.3984 1.0684 158 208 231
-0.2442 0.3984 1.0684 158 208 231
-0.2377 0.3984 1.0684 155 203 226
-0.2313 0.3984 1.0684 156 204 227
-0.2249 0.3984 1.0684 160 210 233
-0.2185 0.3984 1.0684 159 211 235
-0.2120 0.3984 1.0684 159 209 236
-0.2056 0.3984 1.0684 166 216 241
-0.1992 0.3984 1.0684 164 214 241
-0.1928 0.3984 1.0684 163 210 238
-0.1863 0.3984 1.0684 161 211 234
-0.1799 0.3984 1.0684 157 207 232
-0.1735 0.3984 1.0684 165 211 237
-0.1671 0.3984 1.0684 158 205 231
-0.1606 0.3984 1.0684 164 211 237
-0.1542 0.3984 1.0684 165 212 238
-0.1478 0.3984 1.0684 158 208 233
-0.1414 0.3984 1.0684 161 208 234
-0.1349 0.3984 1.0684 156 206 233
-0.1285 0.3984 1.0684 156 203 233
-0.1221 0.3984 1.0684 154 204 227
-0.1157 0.3984 1.0684 159 210 237
-0.1092 0.3984 1.0684 162 209 239
-0.1028 0.3984 1.0684 165 212 240
-0.0964 0.3984 1.0684 160 207 235
-0.0900 0.3984 1.0684 153 203 228
-0.0835 0.3984 1.0684 157 207 232
-0.0771 0.3984 1.0684 163 213 238
-0.0707 0.3984 1.0684 165 215 242
-0.0643 0.3984 1.0684 154 204 231
-0.0578 0.3984 1.0684 161 208 236
-0.0514 0.3984 1.0684 162 208 234
-0.0450 0.3984 1.0684 154 209 230
-0.0386 0.3984 1.0684 163 209 235
-0.0321 0.3984 1.0684 161 213 237
-0.0257 0.3984 1.0684 167 214 240
-0.0193 0.3984 1.0684 153 203 228
-0.0129 0.3984 1.0684 160 210 235
-0.0064 0.3984 1.0684 163 213 236
0.0000 0.3984 1.0684 162 212 237
0.0064 0.3984 1.0684 159 209 234
0.0129 0.3984 1.0684 164 214 239
0.0193 0.3984 1.0684 158 205 231
0.0257 0.3984 1.0684 156 208 232
0.0321 0.3984 1.0684 158 210 231
0.0386 0.3984 1.0684 161 211 236
0.0450 0.3984 1.0684 166 216 241
0.0514 0.3984 1.0684 160 210 235
0.0578 0.3984 1.0684 154 201 229
0.0643 0.3984 1.0684 151 198 224
0.0707 0.3984 1.0684 163 213 238
0.0771 0.3984 1.0684 154 206 230
0.0835 0.3984 1.0684 159 206 232
0.0900 0.3984 1.0684 162 212 239
0.0964 0.3984 1.0684 156 207 234
0.1028 0.3984 1.0684 160 210 235
0.1092 0.3984 1.0684 158 208 231
0.1157 0.3984 1.0684 158 208 231
0.1221 0.3984 1.0684 158 209 230
0.1285 0.3984 1.0684 159 207 230
0.1349 0.3984 1.0684 160 207 233
0.1414 0.3984 1.0684 162 212 239
0.1478 0.3984 1.0684 160 211 238
0.1542 0.3984 1.0684 150 200 225
0.1606 0.3984 1.0684 166 213 239
0.1671 0.3984 1.0684 159 207 230
0.1735 0.3984 1.0684 160 208 231
0.1799 0.3984 1.0684 164 214 237
0.1863 0.3984 1.0684 155 203 226
0.1928 0.3984 1.0684 153 203 226
0.1992 0.3984 1.0684 160 210 233
0.2056 0.3984 1.0684 163 213 238
0.2120 0.3984 1.0684 159 209 232
0.2185 0.3984 1.0684 160 210 237
0.2249 0.3984 1.0684 160 207 235
0.2313 0.3984 1.0684 159 204 233
0.2377 0.3984 1.0684 157 207 230
0.2442 0.3984 1.0684 164 211 239
0.2506 0.3984 1.0684 158 205 233
0.2570 0.3984 1.0684 165 211 235
0.2635 0.3984 1.0684 157 205 228
0.2699 0.3984 1.0684 157 202 231
0.2763 0.3984 1.0684 157 204 232
0.2827 0.3984 1.0684 157 205 228
0.2892 0.3984 1.0684 155 203 226
0.2956 0.3984 1.0684 153 203 230
0.3020 0.3984 1.0684 149 199 226
0.3084 0.3984 1.0684 153 203 230
0.3149 0.3984 1.0684 159 205 231
0.3213 0.3984 1.0684 161 211 234
0.3277 0.3984 1.0684 157 207 230
0.3341 0.3984 1.0684 159 209 232
0.3406 0.3984 1.0684 160 210 235
0.3470 0.3984 1.0684 159 209 234
0.3534 0.3984 1.0684 154 204 227
0.3598 0.3984 1.0684 158 210 234
0.3663 0.3984 1.0684 158 208 231
0.3727 0.3984 1.0684 165 213 236
0.3791 0.3984 1.0684 161 209 232
0.3855 0.3984 1.0684 154 204 231
0.3920 0.3984 1.0684 159 208 238
0.3984 0.3984 1.0684 157 204 230
0.4048 0.3984 1.0684 153 201 224
0.4112 0.3984 1.0684 172 224 246
0.4177 0.3984 1.0684 156 206 229
0.4241 0.3984 1.0684 159 206 232
0.4305 0.3984 1.0684 152 202 227
0.4369 0.3984 1.0684 158 210 234
0.4434 0.3984 1.0684 158 205 231
0.4498 0.3984 1.0684 150 202 226
0.4562 0.3984 1.0684 158 209 236
0.4626 0.3984 1.0684 161 211 234
0.4691 0.3984 1.0684 169 219 244
0.4755 0.3984 1.0684 161 212 239
0.4819 0.3984 1.0684 160 212 234
0.4883 0.3984 1.0684 160 208 231
0.4948 0.3984 1.0684 164 211 237
0.5012 0.3984 1.0684 165 215 238
0.5076 0.3984 1.0684 159 209 234
0.5141 0.3984 1.0684 158 209 236
0.5205 0.3984 1.0684 151 202 229
0.5269 0.3984 1.0684 153 203 230
0.5333 0.3984 1.0684 166 213 241
0.5398 0.3984 1.0684 154 204 229
0.5462 0.3984 1.0684 172 219 247
0.5526 0.3984 1.0684 158 206 229
0.5590 0.3984 1.0684 160 209 239
0.5655 0.3984 1.0684 153 203 226
0.5719 0.3984 1.0684 155 205 230
0.5783 0.3984 1.0684 169 216 242
0.5847 0.3984 1.0684 155 205 230
0.5912 0.3984 1.0684 158 208 235
0.5976 0.3984 1.0684 155 202 228
0.6040 0.3984 1.0684 155 203 226
0.6104 0.3984 1.0684 157 205 228
-0.6169 0.3920 1.0684 160 208 231
-0.6104 0.3920 1.0684 155 199 224
-0.6040 0.3920 1.0684 161 209 232
-0.5976 0.3920 1.0684 145 197 219
-0.5912 0.3920 1.0684 158 210 232
-0.5847 0.3920 1.0684 157 207 230
-0.5783 0.3920 1.0684 158 208 233
-0.5719 0.3920 1.0684 170 214 241
-0.5655 0.3920 1.0684 169 219 242
-0.5590 0.3920 1.0684 158 205 231
-0.5526 0.3920 1.0684 166 217 244
-0.5462 0.3920 1.0684 156 206 233
-0.5398 0.3920 1.0684 158 208 233
-0.5333 0.3920 1.0684 159 209 236
-0.5269 0.3920 1.0684 158 205 233
-0.5205 0.3920 1.0684 158 206 229
-0.5141 0.3920 1.0684 158 208 231
-0.5076 0.3920 1.0684 156 206 229
-0.5012 0.3920 1.0684 160 207 233
-0.4948 0.3920 1.0684 160 207 233
-0.4883 0.3920 1.0684 158 205 231
-0.4819 0.3920 1.0684 152 199 225
-0.4755 0.3920 1.0684 156 203 229
-0.4691 0.3920 1.0684 159 209 234
-0.4626 0.3920 1.0684 156 203 231
-0.4562 0.3920 1.0684 154 201 227
-0.4498 0.3920 1.0684 157 205 228
-0.4434 0.3920 1.0684 164 210 236
-0.4369 0.3920 1.0684 152 202 227
-0.4305 0.3920 1.0684 165 212 238
-0.4241 0.3920 1.0684 159 206 234
-0.4177 0.3920 1.0684 162 213 240
-0.4112 0.3920 1.0684 155 207 229
-0.4048 0.3920 1.0684 156 206 231
-0.3984 0.3920 1.0684 157 204 230
-0.3920 0.3920 1.0684 168 218 241
-0.3855 0.3920 1.0684 163 210 236
-0.3791 0.3920 1.0684 162 212 239
-0.3727 0.3920 1.0684 163 213 240
-0.3663 0.3920 1.0684 159 206 234
-0.3598 0.3920 1.0684 161 211 238
-0.3534 0.3920 1.0684 157 209 233
-0.3470 0.3920 1.0684 160 212 236
-0.3406 0.3920 1.0684 157 209 233
-0.3341 0.3920 1.0684 159 209 236
-0.3277 0.3920 1.0684 157 207 232
-0.3213 0.3920 1.0684 159 209 232
-0.3149 0.3920 1.0684 159 209 236
-0.3084 0.3920 1.0684 160 205 234
-0.3020 0.3920 1.0684 162 207 236
-0.2956 0.3920 1.0684 155 205 232
-0.2892 0.3920 1.0684 161 211 238
-0.2827 0.3920 1.0684 160 210 235
-0.2763 0.3920 1.0684 152 202 227
-0.2699 0.3920 1.0684 163 210 236
-0.2635 0.3920 1.0684 162 209 235
-0.2570 0.3920 1.0684 154 204 229
-0.2506 0.3920 1.0684 163 211 234
-0.2442 0.3920 1.0684 155 202 228
-0.2377 0.3920 1.0684 156 206 231
-0.2313 0.3920 1.0684 166 214 237
-0.2249 0.3920 1.0684 155 203 226
-0.2185 0.3920 1.0684 163 215 239
-0.2120 0.3920 1.0684 161 211 238
-0.2056 0.3920 1.0684 153 203 228
-0.1992 0.3920 1.0684 154 205 232
-0.1928 0.3920 1.0684 157 206 236
-0.1863 0.3920 1.0684 159 209 234
-0.1799 0.3920 1.0684 162 209 237
-0.1735 0.3920 1.0684 161 211 234
-0.1671 0.3920 1.0684 162 208 231
-0.1606 0.3920 1.0684 156 208 230
-0.1542 0.3920 1.0684 160 207 233
-0.1478 0.3920 1.0684 158 208 231
-0.1414 0.3920 1.0684 161 207 231
-0.1349 0.3920 1.0684 158 205 231
-0.1285 0.3920 1.0684 161 208 236
-0.1221 0.3920 1.0684 166 216 239
-0.1157 0.3920 1.0684 149 201 223
-0.1092 0.3920 1.0684 156 205 235
-0.1028 0.3920 1.0684 156 206 231
-0.0964 0.3920 1.0684 158 204 230
-0.0900 0.3920 1.0684 161 208 234
-0.0835 0.3920 1.0684 155 205 230
-0.0771 0.3920 1.0684 158 206 229
-0.0707 0.3920 1.0684 160 207 233
-0.0643 0.3920 1.0684 159 207 230
-0.0578 0.3920 1.0684 158 204 228
-0.0514 0.3920 1.0684 160 207 235
-0.0450 0.3920 1.0684 160 210 233
-0.0386 0.3920 1.0684 158 208 233
-0.0321 0.3920 1.0684 162 209 235
-0.0257 0.3920 1.0684 160 210 235
-0.0193 0.3920 1.0684 152 202 227
-0.0129 0.3920 1.0684 154 204 229
-0.0064 0.3920 1.0684 158 210 234
0.0000 0.3920 1.0684 163 213 238
0.0064 0.3920 1.0684 163 213 240
0.0129 0.3920 1.0684 161 208 236
0.0193 0.3920 1.0684 163 210 236
0.0257 0.3920 1.0684 167 217 244
0.0321 0.3920 1.0684 161 211 234
0.0386 0.3920 1.0684 158 208 235
0.0450 0.3920 1.0684 168 215 241
0.0514 0.3920 1.0684 168 214 238
0.0578 0.3920 1.0684 164 214 239
0.0643 0.3920 1.0684 156 200 225
0.0707 0.3920 1.0684 159 210 237
0.0771 0.3920 1.0684 155 202 230
0.0835 0.3920 1.0684 156 203 229
0.0900 0.3920 1.0684 143 195 219
0.0964 0.3920 1.0684 150 200 225
0.1028 0.3920 1.0684 160 210 237
0.1092 0.3920 1.0684 162 212 235
0.1157 0.3920 1.0684 156 206 233
0.1221 0.3920 1.0684 156 206 231
0.1285 0.3920 1.0684 156 206 229
0.1349 0.3920 1.0684 164 211 237
0.1414 0.3920 1.0684 167 214 240
0.1478 0.3920 1.0684 156 208 232
0.1542 0.3920 1.0684 153 201 223
0.1606 0.3920 1.0684 164 212 234
0.1671 0.3920 1.0684 159 209 234
0.1735 0.3920 1.0684 164 214 241
0.1799 0.3920 1.0684 161 213 235
0.1863 0.3920 1.0684 161 209 232
0.1928 0.3920 1.0684 157 204 230
0.1992 0.3920 1.0684 166 216 243
0.2056 0.3920 1.0684 158 205 231
0.2120 0.3920 1.0684 151 198 224
0.2185 0.3920 1.0684 166 216 243
0.2249 0.3920 1.0684 152 206 232
0.2313 0.3920 1.0684 159 209 234
0.2377 0.3920 1.0684 156 206 229
0.2442 0.3920 1.0684 163 213 240
0.2506 0.3920 1.0684 160 210 235
0.2570 0.3920 1.0684 169 215 239
0.2635 0.3920 1.0684 163 215 237
0.2699 0.3920 1.0684 163 208 237
0.2763 0.3920 1.0684 163 213 240
0.2827 0.3920 1.0684 159 207 230
0.2892 0.3920 1.0684 156 207 228
0.2956 0.3920 1.0684 157 204 232
0.3020 0.3920 1.0684 150 197 225
0.3084 0.3920 1.0684 164 214 239
0.3149 0.3920 1.0684 168 214 240
0.3213 0.3920 1.0684 160 208 231
0.3277 0.3920 1.0684 157 207 232
0.3341 0.3920 1.0684 157 204 230
0.3406 0.3920 1.0684 164 212 235
0.3470 0.3920 1.0684 155 206 227
0.3534 0.3920 1.0684 154 204 229
0.3598 0.3920 1.0684 158 209 236
0.3663 0.3920 1.0684 158 208 233
0.3727 0.3920 1.0684 152 200 223
0.3791 0.3920 1.0684 164 212 234
0.3855 0.3920 1.0684 162 213 234
0.3920 0.3920 1.0684 165 216 237
0.3984 0.3920 1.0684 160 207 237
0.4048 0.3920 1.0684 165 211 244
0.4112 0.3920 1.0684 154 204 227
0.4177 0.3920 1.0684 165 212 238
0.4241 0.3920 1.0684 158 205 233
0.4305 0.3920 1.0684 153 205 229
0.4369 0.3920 1.0684 162 209 235
0.4434 0.3920 1.0684 160 210 235
0.4498 0.3920 1.0684 162 214 238
0.4562 0.3920 1.0684 161 213 237
0.4626 0.3920 1.0684 161 213 237
0.4691 0.3920 1.0684 161 213 237
0.4755 0.3920 1.0684 160 210 233
0.4819 0.3920 1.0684 155 202 230
0.4883 0.3920 1.0684 161 211 236
0.4948 0.3920 1.0684 161 211 236
0.5012 0.3920 1.0684 168 219 240
0.5076 0.3920 1.0684 161 211 236
0.5141 0.3920 1.0684 161 211 238
0.5205 0.3920 1.0684 160 211 238
0.5269 0.3920 1.0684 162 212 239
0.5333 0.3920 1.0684 157 207 234
0.5398 0.3920 1.0684 158 207 237
0.5462 0.3920 1.0684 155 202 228
0.5526 0.3920 1.0684 158 205 235
0.5590 0.3920 1.0684 152 202 229
0.5655 0.3920 1.0684 164 211 239
0.5719 0.3920 1.0684 159 210 237
0.5783 0.3920 1.0684 160 210 235
0.5847 0.3920 1.0684 156 206 229
0.5912 0.3920 1.0684 156 206 233
0.5976 0.3920 1.0684 165 212 238
0.6040 0.3920 1.0684 159 209 234
0.6104 0.3920 1.0684 168 215 241
-0.6169 0.3855 1.0684 158 202 231
-0.6104 0.3855 1.0684 157 207 234
-0.6040 0.3855 1.0684 159 206 234
-0.5976 0.3855 1.0684 160 207 237
-0.5912 0.3855 1.0684 149 196 226
-0.5847 0.3855 1.0684 156 204 226
-0.5783 0.3855 1.0684 158 207 237
-0.5719 0.3855 1.0684 156 207 226
-0.5655 0.3855 1.0684 156 206 231
-0.5590 0.3855 1.0684 161 211 236
-0.5526 0.3855 1.0684 162 209 235
-0.5462 0.3855 1.0684 162 208 234
-0.5398 0.3855 1.0684 159 211 233
-0.5333 0.3855 1.0684 156 210 236
-0.5269 0.3855 1.0684 158 208 233
-0.5205 0.3855 1.0684 151 203 225
-0.5141 0.3855 1.0684 156 208 232
-0.5076 0.3855 1.0684 162 212 237
-0.5012 0.3855 1.0684 161 211 234
-0.4948 0.3855 1.0684 164 214 239
-0.4883 0.3855 1.0684 162 212 237
-0.4819 0.3855 1.0684 156 202 228
-0.4755 0.3855 1.0684 151 201 228
-0.4691 0.3855 1.0684 157 208 235
-0.4626 0.3855 1.0684 158 206 229
-0.4562 0.3855 1.0684 160 208 231
-0.4498 0.3855 1.0684 154 204 231
-0.4434 0.3855 1.0684 163 213 238
-0.4369 0.3855 1.0684 155 201 225
-0.4305 0.3855 1.0684 158 204 230
-0.4241 0.3855 1.0684 155 202 228
-0.4177 0.3855 1.0684 157 207 232
-0.4112 0.3855 1.0684 163 213 238
-0.4048 0.3855 1.0684 156 206 233
-0.3984 0.3855 1.0684 160 210 237
-0.3920 0.3855 1.0684 156 202 228
-0.3855 0.3855 1.0684 156 203 229
-0.3791 0.3855 1.0684 156 208 232
-0.3727 0.3855 1.0684 158 205 233
-0.3663 0.3855 1.0684 154 205 232
-0.3598 0.3855 1.0684 156 205 235
-0.3534 0.3855 1.0684 155 205 232
-0.3470 0.3855 1.0684 159 209 232
-0.3406 0.3855 1.0684 153 200 226
-0.3341 0.3855 1.0684 149 201 225
-0.3277 0.3855 1.0684 153 200 226
-0.3213 0.3855 1.0684 162 209 235
-0.3149 0.3855 1.0684 152 202 227
-0.3084 0.3855 1.0684 161 208 234
-0.3020 0.3855 1.0684 157 204 230
-0.2956 0.3855 1.0684 169 216 244
-0.2892 0.3855 1.0684 156 203 229
-0.2827 0.3855 1.0684 161 208 234
-0.2763 0.3855 1.0684 159 209 234
-0.2699 0.3855 1.0684 163 210 236
-0.2635 0.3855 1.0684 159 206 234
-0.2570 0.3855 1.0684 164 209 238
-0.2506 0.3855 1.0684 160 211 238
-0.2442 0.3855 1.0684 148 198 225
-0.2377 0.3855 1.0684 154 201 227
-0.2313 0.3855 1.0684 158 204 230
-0.2249 0.3855 1.0684 157 207 230
-0.2185 0.3855 1.0684 155 207 231
-0.2120 0.3855 1.0684 156 207 234
-0.2056 0.3855 1.0684 157 207 234
-0.1992 0.3855 1.0684 152 202 227
-0.1928 0.3855 1.0684 158 208 231
-0.1863 0.3855 1.0684 147 194 224
-0.1799 0.3855 1.0684 153 203 230
-0.1735 0.3855 1.0684 160 210 235
-0.1671 0.3855 1.0684 159 211 235
-0.1606 0.3855 1.0684 148 198 223
-0.1542 0.3855 1.0684 154 206 230
-0.1478 0.3855 1.0684 161 211 236
-0.1414 0.3855 1.0684 161 211 236
-0.1349 0.3855 1.0684 157 207 234
-0.1285 0.3855 1.0684 154 200 226
-0.1221 0.3855 1.0684 158 205 231
-0.1157 0.3855 1.0684 155 207 231
-0.1092 0.3855 1.0684 160 210 235
-0.1028 0.3855 1.0684 156 206 229
-0.0964 0.3855 1.0684 165 215 238
-0.0900 0.3855 1.0684 154 206 228
-0.0835 0.3855 1.0684 155 205 230
-0.0771 0.3855 1.0684 163 209 235
-0.0707 0.3855 1.0684 161 206 237
-0.0643 0.3855 1.0684 156 203 233
-0.0578 0.3855 1.0684 161 206 235
-0.0514 0.3855 1.0684 158 204 228
-0.0450 0.3855 1.0684 155 203 226
-0.0386 0.3855 1.0684 159 209 234
-0.0321 0.3855 1.0684 161 207 230
-0.0257 0.3855 1.0684 158 208 235
-0.0193 0.3855 1.0684 159 208 240
-0.0129 0.3855 1.0684 159 206 236
-0.0064 0.3855 1.0684 160 205 236
0.0000 0.3855 1.0684 161 211 238
0.0064 0.3855 1.0684 158 210 234
0.0129 0.3855 1.0684 154 206 230
0.0193 0.3855 1.0684 149 199 224
0.0257 0.3855 1.0684 152 202 227
0.0321 0.3855 1.0684 159 207 230
0.0386 0.3855 1.0684 160 207 235
0.0450 0.3855 1.0684 161 209 232
0.0514 0.3855 1.0684 159 205 231
0.0578 0.3855 1.0684 161 211 238
0.0643 0.3855 1.0684 159 206 232
0.0707 0.3855 1.0684 154 204 229
0.0771 0.3855 1.0684 156 203 229
0.0835 0.3855 1.0684 161 211 236
0.0900 0.3855 1.0684 159 209 236
0.0964 0.3855 1.0684 164 211 237
0.1028 0.3855 1.0684 162 212 237
0.1092 0.3855 1.0684 157 207 232
0.1157 0.3855 1.0684 158 210 234
0.1221 0.3855 1.0684 159 209 234
0.1285 0.3855 1.0684 158 210 234
0.1349 0.3855 1.0684 156 206 233
0.1414 0.3855 1.0684 157 204 230
0.1478 0.3855 1.0684 162 210 233
0.1542 0.3855 1.0684 169 219 242
0.1606 0.3855 1.0684 155 205 228
0.1671 0.3855 1.0684 153 200 226
0.1735 0.3855 1.0684 154 206 230
0.1799 0.3855 1.0684 163 213 238
0.1863 0.3855 1.0684 160 210 235
0.1928 0.3855 1.0684 156 202 226
0.1992 0.3855 1.0684 159 207 229
0.2056 0.3855 1.0684 164 214 237
0.2120 0.3855 1.0684 154 204 229
0.2185 0.3855 1.0684 155 205 232
0.2249 0.3855 1.0684 158 208 235
0.2313 0.3855 1.0684 161 211 238
0.2377 0.3855 1.0684 155 202 230
0.2442 0.3855 1.0684 159 209 232
0.2506 0.3855 1.0684 166 218 240
0.2570 0.3855 1.0684 158 208 233
0.2635 0.3855 1.0684 152 203 232
0.2699 0.3855 1.0684 161 208 234
0.2763 0.3855 1.0684 155 205 232
0.2827 0.3855 1.0684 163 209 233
0.2892 0.3855 1.0684 161 207 231
0.2956 0.3855 1.0684 159 206 232
0.3020 0.3855 1.0684 162 212 237
0.3084 0.3855 1.0684 150 202 226
0.3149 0.3855 1.0684 157 207 234
0.3213 0.3855 1.0684 155 202 228
0.3277 0.3855 1.0684 161 208 236
0.3341 0.3855 1.0684 159 208 238
0.3406 0.3855 1.0684 156 206 231
0.3470 0.3855 1.0684 154 204 229
0.3534 0.3855 1.0684 165 212 242
0.3598 0.3855 1.0684 158 205 231
0.3663 0.3855 1.0684 162 209 237
0.3727 0.3855 1.0684 159 209 236
0.3791 0.3855 1.0684 158 208 231
0.3855 0.3855 1.0684 156 208 232
0.3920 0.3855 1.0684 160 205 236
0.3984 0.3855 1.0684 154 201 229
0.4048 0.3855 1.0684 151 201 226
0.4112 0.3855 1.0684 159 209 232
0.4177 0.3855 1.0684 160 211 238
0.4241 0.3855 1.0684 153 203 226
0.4305 0.3855 1.0684 152 204 226
0.4369 0.3855 1.0684 154 204 231
0.4434 0.3855 1.0684 155 199 224
0.4498 0.3855 1.0684 153 203 228
0.4562 0.3855 1.0684 160 212 236
0.4626 0.3855 1.0684 158 210 232
0.4691 0.3855 1.0684 151 201 228
0.4755 0.3855 1.0684 156 204 227
0.4819 0.3855 1.0684 156 206 231
0.4883 0.3855 1.0684 155 207 231
0.4948 0.3855 1.0684 156 208 230
0.5012 0.3855 1.0684 156 208 230
0.5076 0.3855 1.0684 152 202 229
0.5141 0.3855 1.0684 156 202 226
0.5205 0.3855 1.0684 157 208 239
0.5269 0.3855 1.0684 159 206 234
0.5333 0.3855 1.0684 157 209 231
0.5398 0.3855 1.0684 154 203 233
0.5462 0.3855 1.0684 157 207 234
0.5526 0.3855 1.0684 158 205 233
0.5590 0.3855 1.0684 154 201 227
0.5655 0.3855 1.0684 162 212 237
0.5719 0.3855 1.0684 158 208 233
0.5783 0.3855 1.0684 158 208 235
0.5847 0.3855 1.0684 154 202 225
0.5912 0.3855 1.0684 161 206 235
0.5976 0.3855 1.0684 157 204 232
0.6040 0.3855 1.0684 159 206 232
0.6104 0.3855 1.0684 161 211 238
-0.6169 0.3791 1.0684 160 205 234
-0.6104 0.3791 1.0684 159 211 235
-0.6040 0.3791 1.0684 154 204 229
-0.5976 0.3791 1.0684 160 210 237
-0.5912 0.3791 1.0684 158 205 231
-0.5847 0.3791 1.0684 162 209 235
-0.5783 0.3791 1.0684 162 212 235
-0.5719 0.3791 1.0684 151 198 224
-0.5655 0.3791 1.0684 160 207 235
-0.5590 0.3791 1.0684 149 199 224
-0.5526 0.3791 1.0684 160 206 232
-0.5462 0.3791 1.0684 169 213 238
-0.5398 0.3791 1.0684 161 208 234
-0.5333 0.3791 1.0684 156 205 235
-0.5269 0.3791 1.0684 159 206 234
-0.5205 0.3791 1.0684 160 207 233
-0.5141 0.3791 1.0684 163 213 238
-0.5076 0.3791 1.0684 157 207 232
-0.5012 0.3791 1.0684 155 205 230
-0.4948 0.3791 1.0684 156 203 229
-0.4883 0.3791 1.0684 160 210 233
-0.4819 0.3791 1.0684 154 201 227
-0.4755 0.3791 1.0684 151 201 226
-0.4691 0.3791 1.0684 153 203 228
-0.4626 0.3791 1.0684 157 205 228
-0.4562 0.3791 1.0684 163 211 234
-0.4498 0.3791 1.0684 160 207 233
-0.4434 0.3791 1.0684 166 216 241
-0.4369 0.3791 1.0684 159 206 234
-0.4305 0.3791 1.0684 154 201 229
-0.4241 0.3791 1.0684 158 205 233
-0.4177 0.3791 1.0684 162 209 237
-0.4112 0.3791 1.0684 164 214 237
-0.4048 0.3791 1.0684 153 203 228
-0.3984 0.3791 1.0684 158 205 233
-0.3920 0.3791 1.0684 162 208 234
-0.3855 0.3791 1.0684 163 210 236
-0.3791 0.3791 1.0684 157 207 230
-0.3727 0.3791 1.0684 159 205 229
-0.3663 0.3791 1.0684 153 204 231
-0.3598 0.3791 1.0684 165 210 239
-0.3534 0.3791 1.0684 160 207 235
-0.3470 0.3791 1.0684 157 204 232
-0.3406 0.3791 1.0684 161 207 233
-0.3341 0.3791 1.0684 152 202 229
-0.3277 0.3791 1.0684 165 210 239
-0.3213 0.3791 1.0684 162 209 235
-0.3149 0.3791 1.0684 160 207 233
-0.3084 0.3791 1.0684 159 209 234
-0.3020 0.3791 1.0684 164 214 239
-0.2956 0.3791 1.0684 155 205 230
-0.2892 0.3791 1.0684 163 213 238
-0.2827 0.3791 1.0684 157 204 232
-0.2763 0.3791 1.0684 159 209 234
-0.2699 0.3791 1.0684 162 209 237
-0.2635 0.3791 1.0684 151 196 225
-0.2570 0.3791 1.0684 168 214 240
-0.2506 0.3791 1.0684 157 204 230
-0.2442 0.3791 1.0684 162 206 233
-0.2377 0.3791 1.0684 150 202 226
-0.2313 0.3791 1.0684 165 210 241
-0.2249 0.3791 1.0684 156 202 228
-0.2185 0.3791 1.0684 160 207 235
-0.2120 0.3791 1.0684 164 211 239
-0.2056 0.3791 1.0684 156 203 229
-0.1992 0.3791 1.0684 151 201 226
-0.1928 0.3791 1.0684 150 200 225
-0.1863 0.3791 1.0684 160 207 233
-0.1799 0.3791 1.0684 162 212 237
-0.1735 0.3791 1.0684 151 201 224
-0.1671 0.3791 1.0684 158 208 231
-0.1606 0.3791 1.0684 158 205 231
-0.1542 0.3791 1.0684 156 206 229
-0.1478 0.3791 1.0684 152 199 225
-0.1414 0.3791 1.0684 163 210 236
-0.1349 0.3791 1.0684 161 211 236
-0.1285 0.3791 1.0684 158 210 234
-0.1221 0.3791 1.0684 159 209 234
-0.1157 0.3791 1.0684 158 208 233
-0.1092 0.3791 1.0684 159 211 235
-0.1028 0.3791 1.0684 164 211 237
-0.0964 0.3791 1.0684 158 204 228
-0.0900 0.3791 1.0684 155 203 226
-0.0835 0.3791 1.0684 160 206 230
-0.0771 0.3791 1.0684 154 202 225
-0.0707 0.3791 1.0684 157 205 228
-0.0643 0.3791 1.0684 156 206 231
-0.0578 0.3791 1.0684 149 199 222
-0.0514 0.3791 1.0684 161 208 234
-0.0450 0.3791 1.0684 151 201 224
-0.0386 0.3791 1.0684 156 208 230
-0.0321 0.3791 1.0684 160 207 235
-0.0257 0.3791 1.0684 156 204 227
-0.0193 0.3791 1.0684 166 214 237
-0.0129 0.3791 1.0684 163 209 235
-0.0064 0.3791 1.0684 159 203 230
0.0000 0.3791 1.0684 159 206 232
0.0064 0.3791 1.0684 161 211 236
0.0129 0.3791 1.0684 161 209 232
0.0193 0.3791 1.0684 158 206 229
0.0257 0.3791 1.0684 152 202 229
0.0321 0.3791 1.0684 159 210 231
0.0386 0.3791 1.0684 157 204 230
0.0450 0.3791 1.0684 153 198 229
0.0514 0.3791 1.0684 165 211 235
0.0578 0.3791 1.0684 164 214 237
0.0643 0.3791 1.0684 159 206 232
0.0707 0.3791 1.0684 156 203 229
0.0771 0.3791 1.0684 166 214 237
0.0835 0.3791 1.0684 158 205 231
0.0900 0.3791 1.0684 159 209 234
0.0964 0.3791 1.0684 160 207 233
0.1028 0.3791 1.0684 159 207 230
0.1092 0.3791 1.0684 148 198 223
0.1157 0.3791 1.0684 156 206 231
0.1221 0.3791 1.0684 157 204 232
0.1285 0.3791 1.0684 158 209 230
0.1349 0.3791 1.0684 159 209 232
0.1414 0.3791 1.0684 156 206 233
0.1478 0.3791 1.0684 152 199 229
0.1542 0.3791 1.0684 157 207 232
0.1606 0.3791 1.0684 161 208 234
0.1671 0.3791 1.0684 167 214 240
0.1735 0.3791 1.0684 159 209 232
0.1799 0.3791 1.0684 161 211 236
0.1863 0.3791 1.0684 160 210 233
0.1928 0.3791 1.0684 163 208 237
0.1992 0.3791 1.0684 164 211 239
0.2056 0.3791 1.0684 159 209 234
0.2120 0.3791 1.0684 161 211 236
0.2185 0.3791 1.0684 155 205 232
0.2249 0.3791 1.0684 163 210 238
0.2313 0.3791 1.0684 158 208 233
0.2377 0.3791 1.0684 156 202 228
0.2442 0.3791 1.0684 155 205 228
0.2506 0.3791 1.0684 157 207 232
0.2570 0.3791 1.0684 154 202 225
0.2635 0.3791 1.0684 161 211 236
0.2699 0.3791 1.0684 163 211 234
0.2763 0.3791 1.0684 158 204 230
0.2827 0.3791 1.0684 151 201 226
0.2892 0.3791 1.0684 155 209 235
0.2956 0.3791 1.0684 159 210 237
0.3020 0.3791 1.0684 156 208 232
0.3084 0.3791 1.0684 155 207 229
0.3149 0.3791 1.0684 159 209 234
0.3213 0.3791 1.0684 161 209 232
0.3277 0.3791 1.0684 163 211 233
0.3341 0.3791 1.0684 157 207 234
0.3406 0.3791 1.0684 159 209 234
0.3470 0.3791 1.0684 158 208 235
0.3534 0.3791 1.0684 159 206 234
0.3598 0.3791 1.0684 160 207 235
0.3663 0.3791 1.0684 158 205 231
0.3727 0.3791 1.0684 162 212 237
0.3791 0.3791 1.0684 160 207 233
0.3855 0.3791 1.0684 159 205 231
0.3920 0.3791 1.0684 156 203 229
0.3984 0.3791 1.0684 165 211 237
0.4048 0.3791 1.0684 154 201 227
0.4112 0.3791 1.0684 156 202 226
0.4177 0.3791 1.0684 162 209 237
0.4241 0.3791 1.0684 161 207 231
0.4305 0.3791 1.0684 162 208 232
0.4369 0.3791 1.0684 160 207 233
0.4434 0.3791 1.0684 156 204 227
0.4498 0.3791 1.0684 152 202 227
0.4562 0.3791 1.0684 161 208 234
0.4626 0.3791 1.0684 159 204 233
0.4691 0.3791 1.0684 160 206 232
0.4755 0.3791 1.0684 153 198 227
0.4819 0.3791 1.0684 162 207 236
0.4883 0.3791 1.0684 157 208 235
0.4948 0.3791 1.0684 160 210 235
0.5012 0.3791 1.0684 153 203 226
0.5076 0.3791 1.0684 158 204 228
0.5141 0.3791 1.0684 165 211 234
0.5205 0.3791 1.0684 162 207 236
0.5269 0.3791 1.0684 155 205 228
0.5333 0.3791 1.0684 158 204 228
0.5398 0.3791 1.0684 158 208 235
0.5462 0.3791 1.0684 157 207 232
0.5526 0.3791 1.0684 161 211 238
0.5590 0.3791 1.0684 155 202 228
0.5655 0.3791 1.0684 158 205 231
0.5719 0.3791 1.0684 165 213 236
0.5783 0.3791 1.0684 153 200 228
0.5847 0.3791 1.0684 159 207 230
0.5912 0.3791 1.0684 166 213 239
0.5976 0.3791 1.0684 159 209 232
0.6040 0.3791 1.0684 161 209 232
0.6104 0.3791 1.0684 159 209 232
-0.6169 0.3727 1.0684 157 203 229
-0.6104 0.3727 1.0684 159 205 231
-0.6040 0.3727 1.0684 158 205 231
-0.5976 0.3727 1.0684 153 199 225
-0.5912 0.3727 1.0684 151 198 226
-0.5847 0.3727 1.0684 157 207 230
-0.5783 0.3727 1.0684 160 209 239
-0.5719 0.3727 1.0684 157 205 228
-0.5655 0.3727 1.0684 152 197 226
-0.5590 0.3727 1.0684 161 208 234
-0.5526 0.3727 1.0684 158 204 230
-0.5462 0.3727 1.0684 148 194 218
-0.5398 0.3727 1.0684 161 207 230
-0.5333 0.3727 1.0684 163 210 236
-0.5269 0.3727 1.0684 159 205 231
-0.5205 0.3727 1.0684 156 202 228
-0.5141 0.3727 1.0684 156 203 229
-0.5076 0.3727 1.0684 159 206 232
-0.5012 0.3727 1.0684 159 206 232
-0.4948 0.3727 1.0684 159 206 232
-0.4883 0.3727 1.0684 158 208 233
-0.4819 0.3727 1.0684 144 194 219
-0.4755 0.3727 1.0684 165 212 238
-0.4691 0.3727 1.0684 160 207 233
-0.4626 0.3727 1.0684 159 209 236
-0.4562 0.3727 1.0684 165 213 236
-0.4498 0.3727 1.0684 159 207 230
-0.4434 0.3727 1.0684 157 207 232
-0.4369 0.3727 1.0684 157 207 232
-0.4305 0.3727 1.0684 157 207 232
-0.4241 0.3727 1.0684 154 201 227
-0.4177 0.3727 1.0684 158 206 229
-0.4112 0.3727 1.0684 159 210 231
-0.4048 0.3727 1.0684 157 207 230
-0.3984 0.3727 1.0684 159 206 232
-0.3920 0.3727 1.0684 159 209 234
-0.3855 0.3727 1.0684 159 204 233
-0.3791 0.3727 1.0684 159 209 232
-0.3727 0.3727 1.0684 168 213 236
-0.3663 0.3727 1.0684 158 208 235
-0.3598 0.3727 1.0684 151 199 222
-0.3534 0.3727 1.0684 155 205 232
-0.3470 0.3727 1.0684 155 206 235
-0.3406 0.3727 1.0684 158 210 234
-0.3341 0.3727 1.0684 157 207 232
-0.3277 0.3727 1.0684 155 200 229
-0.3213 0.3727 1.0684 158 205 231
-0.3149 0.3727 1.0684 161 209 232
-0.3084 0.3727 1.0684 159 205 229
-0.3020 0.3727 1.0684 164 210 236
-0.2956 0.3727 1.0684 162 208 234
-0.2892 0.3727 1.0684 157 204 230
-0.2827 0.3727 1.0684 149 196 222
-0.2763 0.3727 1.0684 156 206 231
-0.2699 0.3727 1.0684 159 209 234
-0.2635 0.3727 1.0684 153 200 228
-0.2570 0.3727 1.0684 159 205 231
-0.2506 0.3727 1.0684 167 219 241
-0.2442 0.3727 1.0684 156 206 229
-0.2377 0.3727 1.0684 155 202 228
-0.2313 0.3727 1.0684 161 206 235
-0.2249 0.3727 1.0684 159 206 234
-0.2185 0.3727 1.0684 156 203 231
-0.2120 0.3727 1.0684 156 202 228
-0.2056 0.3727 1.0684 163 210 236
-0.1992 0.3727 1.0684 156 206 233
-0.1928 0.3727 1.0684 158 208 233
-0.1863 0.3727 1.0684 158 206 229
-0.1799 0.3727 1.0684 152 202 227
-0.1735 0.3727 1.0684 154 204 227
-0.1671 0.3727 1.0684 150 200 223
-0.1606 0.3727 1.0684 168 215 241
-0.1542 0.3727 1.0684 153 201 224
-0.1478 0.3727 1.0684 155 202 228
-0.1414 0.3727 1.0684 156 203 229
-0.1349 0.3727 1.0684 155 205 230
-0.1285 0.3727 1.0684 159 205 231
-0.1221 0.3727 1.0684 163 211 234
-0.1157 0.3727 1.0684 156 208 232
-0.1092 0.3727 1.0684 155 202 230
-0.1028 0.3727 1.0684 159 205 231
-0.0964 0.3727 1.0684 157 205 228
-0.0900 0.3727 1.0684 158 206 229
-0.0835 0.3727 1.0684 154 204 227
-0.0771 0.3727 1.0684 157 204 230
-0.0707 0.3727 1.0684 157 204 230
-0.0643 0.3727 1.0684 157 207 232
-0.0578 0.3727 1.0684 151 198 224
-0.0514 0.3727 1.0684 162 210 232
-0.0450 0.3727 1.0684 160 208 231
-0.0386 0.3727 1.0684 160 207 235
-0.0321 0.3727 1.0684 161 208 236
-0.0257 0.3727 1.0684 158 205 231
-0.0193 0.3727 1.0684 157 207 230
-0.0129 0.3727 1.0684 156 203 233
-0.0064 0.3727 1.0684 150 199 231
0.0000 0.3727 1.0684 167 214 240
0.0064 0.3727 1.0684 154 200 224
0.0129 0.3727 1.0684 156 206 229
0.0193 0.3727 1.0684 158 210 232
0.0257 0.3727 1.0684 156 206 229
0.0321 0.3727 1.0684 155 202 228
0.0386 0.3727 1.0684 154 200 226
0.0450 0.3727 1.0684 158 204 230
0.0514 0.3727 1.0684 154 200 224
0.0578 0.3727 1.0684 154 204 227
0.0643 0.3727 1.0684 158 205 231
0.0707 0.3727 1.0684 162 212 237
0.0771 0.3727 1.0684 153 200 226
0.0835 0.3727 1.0684 165 213 236
0.0900 0.3727 1.0684 156 206 229
0.0964 0.3727 1.0684 149 196 222
0.1028 0.3727 1.0684 157 204 230
0.1092 0.3727 1.0684 158 206 229
0.1157 0.3727 1.0684 165 211 237
0.1221 0.3727 1.0684 158 205 233
0.1285 0.3727 1.0684 164 211 237
0.1349 0.3727 1.0684 158 205 231
0.1414 0.3727 1.0684 157 204 232
0.1478 0.3727 1.0684 159 206 234
0.1542 0.3727 1.0684 163 213 238
0.1606 0.3727 1.0684 156 206 229
0.1671 0.3727 1.0684 166 214 237
0.1735 0.3727 1.0684 153 203 228
0.1799 0.3727 1.0684 158 203 232
0.1863 0.3727 1.0684 159 209 234
0.1928 0.3727 1.0684 157 203 229
0.1992 0.3727 1.0684 159 207 230
0.2056 0.3727 1.0684 155 207 231
0.2120 0.3727 1.0684 155 205 230
0.2185 0.3727 1.0684 151 199 222
0.2249 0.3727 1.0684 153 200 226
0.2313 0.3727 1.0684 156 206 231
0.2377 0.3727 1.0684 160 206 230
0.2442 0.3727 1.0684 164 211 237
0.2506 0.3727 1.0684 149 196 224
0.2570 0.3727 1.0684 167 212 241
0.2635 0.3727 1.0684 158 205 231
0.2699 0.3727 1.0684 159 211 235
0.2763 0.3727 1.0684 156 203 231
0.2827 0.3727 1.0684 163 210 236
0.2892 0.3727 1.0684 154 202 225
0.2956 0.3727 1.0684 160 206 232
0.3020 0.3727 1.0684 160 204 229
0.3084 0.3727 1.0684 158 208 233
0.3149 0.3727 1.0684 164 214 241
0.3213 0.3727 1.0684 157 205 228
0.3277 0.3727 1.0684 161 209 232
0.3341 0.3727 1.0684 156 206 231
0.3406 0.3727 1.0684 151 201 224
0.3470 0.3727 1.0684 160 210 235
0.3534 0.3727 1.0684 163 210 236
0.3598 0.3727 1.0684 161 211 238
0.3663 0.3727 1.0684 161 208 234
0.3727 0.3727 1.0684 153 201 224
0.3791 0.3727 1.0684 161 206 235
0.3855 0.3727 1.0684 153 197 224
0.3920 0.3727 1.0684 156 207 228
0.3984 0.3727 1.0684 160 206 230
0.4048 0.3727 1.0684 166 212 236
0.4112 0.3727 1.0684 156 203 229
0.4177 0.3727 1.0684 155 202 228
0.4241 0.3727 1.0684 151 198 224
0.4305 0.3727 1.0684 162 210 233
0.4369 0.3727 1.0684 153 203 228
0.4434 0.3727 1.0684 153 203 230
0.4498 0.3727 1.0684 155 206 233
0.4562 0.3727 1.0684 164 209 238
0.4626 0.3727 1.0684 159 203 232
0.4691 0.3727 1.0684 162 210 233
0.4755 0.3727 1.0684 161 208 234
0.4819 0.3727 1.0684 155 205 230
0.4883 0.3727 1.0684 161 207 231
0.4948 0.3727 1.0684 159 203 228
0.5012 0.3727 1.0684 157 204 230
0.5076 0.3727 1.0684 159 209 234
0.5141 0.3727 1.0684 154 204 231
0.5205 0.3727 1.0684 159 203 232
0.5269 0.3727 1.0684 161 211 236
0.5333 0.3727 1.0684 169 210 242
0.5398 0.3727 1.0684 162 212 237
0.5462 0.3727 1.0684 163 213 236
0.5526 0.3727 1.0684 161 211 236
0.5590 0.3727 1.0684 154 201 227
0.5655 0.3727 1.0684 158 206 229
0.5719 0.3727 1.0684 160 208 230
0.5783 0.3727 1.0684 159 206 234
0.5847 0.3727 1.0684 167 214 240
0.5912 0.3727 1.0684 158 208 233
0.5976 0.3727 1.0684 160 212 236
0.6040 0.3727 1.0684 158 205 231
0.6104 0.3727 1.0684 165 212 238
-0.6169 0.3663 1.0684 151 198 224
-0.6104 0.3663 1.0684 161 207 231
-0.6040 0.3663 1.0684 153 201 224
-0.5976 0.3663 1.0684 167 214 240
-0.5912 0.3663 1.0684 163 208 237
-0.5847 0.3663 1.0684 156 207 228
-0.5783 0.3663 1.0684 158 207 237
-0.5719 0.3663 1.0684 160 208 231
-0.5655 0.3663 1.0684 161 207 231
-0.5590 0.3663 1.0684 160 208 231
-0.5526 0.3663 1.0684 159 206 232
-0.5462 0.3663 1.0684 154 201 227
-0.5398 0.3663 1.0684 166 214 237
-0.5333 0.3663 1.0684 155 207 231
-0.5269 0.3663 1.0684 157 209 230
-0.5205 0.3663 1.0684 155 207 229
-0.5141 0.3663 1.0684 159 209 236
-0.5076 0.3663 1.0684 162 209 235
-0.5012 0.3663 1.0684 158 206 229
-0.4948 0.3663 1.0684 157 205 228
-0.4883 0.3663 1.0684 154 199 228
-0.4819 0.3663 1.0684 155 207 231
-0.4755 0.3663 1.0684 159 207 230
-0.4691 0.3663 1.0684 150 197 223
-0.4626 0.3663 1.0684 159 205 231
-0.4562 0.3663 1.0684 156 203 231
-0.4498 0.3663 1.0684 153 203 230
-0.4434 0.3663 1.0684 159 205 229
-0.4369 0.3663 1.0684 155 203 226
-0.4305 0.3663 1.0684 153 203 228
-0.4241 0.3663 1.0684 151 201 228
-0.4177 0.3663 1.0684 161 211 234
-0.4112 0.3663 1.0684 162 214 236
-0.4048 0.3663 1.0684 159 209 234
-0.3984 0.3663 1.0684 155 202 230
-0.3920 0.3663 1.0684 161 213 237
-0.3855 0.3663 1.0684 158 206 229
-0.3791 0.3663 1.0684 152 204 228
-0.3727 0.3663 1.0684 159 203 232
-0.3663 0.3663 1.0684 164 214 239
-0.3598 0.3663 1.0684 158 206 229
-0.3534 0.3663 1.0684 151 198 224
-0.3470 0.3663 1.0684 161 208 236
-0.3406 0.3663 1.0684 160 207 233
-0.3341 0.3663 1.0684 154 204 227
-0.3277 0.3663 1.0684 153 201 224
-0.3213 0.3663 1.0684 156 206 231
-0.3149 0.3663 1.0684 161 208 234
-0.3084 0.3663 1.0684 169 219 244
-0.3020 0.3663 1.0684 158 210 234
-0.2956 0.3663 1.0684 153 205 229
-0.2892 0.3663 1.0684 155 209 233
-0.2827 0.3663 1.0684 158 208 233
-0.2763 0.3663 1.0684 163 213 236
-0.2699 0.3663 1.0684 154 204 227
-0.2635 0.3663 1.0684 159 206 232
-0.2570 0.3663 1.0684 156 208 232
-0.2506 0.3663 1.0684 153 207 231
-0.2442 0.3663 1.0684 155 199 226
-0.2377 0.3663 1.0684 154 204 229
-0.2313 0.3663 1.0684 160 207 233
-0.2249 0.3663 1.0684 154 201 231
-0.2185 0.3663 1.0684 152 199 225
-0.2120 0.3663 1.0684 155 201 225
-0.2056 0.3663 1.0684 160 207 233
-0.1992 0.3663 1.0684 156 204 227
-0.1928 0.3663 1.0684 157 207 230
-0.1863 0.3663 1.0684 150 200 225
-0.1799 0.3663 1.0684 151 201 228
-0.1735 0.3663 1.0684 150 200 227
-0.1671 0.3663 1.0684 159 206 234
-0.1606 0.3663 1.0684 155 200 229
-0.1542 0.3663 1.0684 157 204 230
-0.1478 0.3663 1.0684 159 207 230
-0.1414 0.3663 1.0684 158 208 231
-0.1349 0.3663 1.0684 157 209 231
-0.1285 0.3663 1.0684 160 207 233
-0.1221 0.3663 1.0684 160 207 233
-0.1157 0.3663 1.0684 157 205 228
-0.1092 0.3663 1.0684 156 208 232
-0.1028 0.3663 1.0684 164 211 237
-0.0964 0.3663 1.0684 162 210 233
-0.0900 0.3663 1.0684 160 207 233
-0.0835 0.3663 1.0684 155 202 230
-0.0771 0.3663 1.0684 161 208 234
-0.0707 0.3663 1.0684 156 203 229
-0.0643 0.3663 1.0684 156 206 229
-0.0578 0.3663 1.0684 160 210 235
-0.0514 0.3663 1.0684 153 203 226
-0.0450 0.3663 1.0684 159 206 232
-0.0386 0.3663 1.0684 161 207 233
-0.0321 0.3663 1.0684 162 212 235
-0.0257 0.3663 1.0684 150 200 223
-0.0193 0.3663 1.0684 155 207 229
-0.0129 0.3663 1.0684 161 209 231
-0.0064 0.3663 1.0684 159 207 229
0.0000 0.3663 1.0684 161 208 234
0.0064 0.3663 1.0684 160 207 233
0.0129 0.3663 1.0684 160 210 233
0.0193 0.3663 1.0684 154 206 230
0.0257 0.3663 1.0684 156 204 227
0.0321 0.3663 1.0684 162 207 236
0.0386 0.3663 1.0684 157 204 230
0.0450 0.3663 1.0684 150 201 222
0.0514 0.3663 1.0684 154 202 225
0.0578 0.3663 1.0684 155 205 230
0.0643 0.3663 1.0684 168 215 241
0.0707 0.3663 1.0684 154 204 229
0.0771 0.3663 1.0684 156 206 233
0.0835 0.3663 1.0684 153 203 228
0.0900 0.3663 1.0684 158 206 229
0.0964 0.3663 1.0684 162 207 236
0.1028 0.3663 1.0684 149 196 224
0.1092 0.3663 1.0684 163 211 234
0.1157 0.3663 1.0684 150 201 222
0.1221 0.3663 1.0684 161 211 234
0.1285 0.3663 1.0684 156 206 231
0.1349 0.3663 1.0684 152 199 225
0.1414 0.3663 1.0684 144 191 217
0.1478 0.3663 1.0684 160 206 232
0.1542 0.3663 1.0684 160 211 232
0.1606 0.3663 1.0684 153 205 226
0.1671 0.3663 1.0684 154 206 230
0.1735 0.3663 1.0684 151 201 228
0.1799 0.3663 1.0684 166 211 240
0.1863 0.3663 1.0684 154 204 231
0.1928 0.3663 1.0684 157 204 230
0.1992 0.3663 1.0684 150 197 223
0.2056 0.3663 1.0684 161 213 237
0.2120 0.3663 1.0684 162 212 235
0.2185 0.3663 1.0684 161 209 231
0.2249 0.3663 1.0684 158 208 233
0.2313 0.3663 1.0684 149 200 229
0.2377 0.3663 1.0684 157 204 232
0.2442 0.3663 1.0684 156 204 227
0.2506 0.3663 1.0684 152 202 225
0.2570 0.3663 1.0684 159 206 234
0.2635 0.3663 1.0684 161 207 231
0.2699 0.3663 1.0684 159 206 232
0.2763 0.3663 1.0684 160 210 237
0.2827 0.3663 1.0684 160 210 235
0.2892 0.3663 1.0684 149 201 223
0.2956 0.3663 1.0684 159 211 233
0.3020 0.3663 1.0684 153 205 229
0.3084 0.3663 1.0684 151 203 225
0.3149 0.3663 1.0684 156 206 233
0.3213 0.3663 1.0684 160 207 233
0.3277 0.3663 1.0684 146 193 219
0.3341 0.3663 1.0684 157 207 234
0.3406 0.3663 1.0684 162 212 235
0.3470 0.3663 1.0684 151 201 226
0.3534 0.3663 1.0684 163 211 234
0.3598 0.3663 1.0684 158 208 231
0.3663 0.3663 1.0684 161 207 233
0.3727 0.3663 1.0684 160 210 237
0.3791 0.3663 1.0684 157 207 234
0.3855 0.3663 1.0684 157 204 232
0.3920 0.3663 1.0684 156 203 231
0.3984 0.3663 1.0684 160 207 233
0.4048 0.3663 1.0684 153 203 226
0.4112 0.3663 1.0684 152 198 224
0.4177 0.3663 1.0684 165 215 238
0.4241 0.3663 1.0684 153 200 228
0.4305 0.3663 1.0684 149 199 224
0.4369 0.3663 1.0684 154 206 227
0.4434 0.3663 1.0684 154 201 229
0.4498 0.3663 1.0684 163 209 235
0.4562 0.3663 1.0684 157 205 228
0.4626 0.3663 1.0684 155 203 226
0.4691 0.3663 1.0684 153 203 230
0.4755 0.3663 1.0684 149 199 222
0.4819 0.3663 1.0684 161 209 232
0.4883 0.3663 1.0684 160 206 230
0.4948 0.3663 1.0684 158 204 230
0.5012 0.3663 1.0684 154 203 233
0.5076 0.3663 1.0684 152 203 230
0.5141 0.3663 1.0684 162 210 233
0.5205 0.3663 1.0684 158 209 230
0.5269 0.3663 1.0684 156 204 227
0.5333 0.3663 1.0684 157 207 230
0.5398 0.3663 1.0684 152 200 223
0.5462 0.3663 1.0684 157 207 230
0.5526 0.3663 1.0684 149 199 224
0.5590 0.3663 1.0684 155 202 228
0.5655 0.3663 1.0684 156 206 229
0.5719 0.3663 1.0684 160 208 231
0.5783 0.3663 1.0684 159 205 231
0.5847 0.3663 1.0684 156 202 228
0.5912 0.3663 1.0684 160 206 232
0.5976 0.3663 1.0684 153 205 229
0.6040 0.3663 1.0684 152 199 225
0.6104 0.3663 1.0684 153 200 226
-0.6169 0.3598 1.0684 156 204 227
-0.6104 0.3598 1.0684 153 203 228
-0.6040 0.3598 1.0684 156 206 231
-0.5976 0.3598 1.0684 156 203 229
-0.5912 0.3598 1.0684 154 200 224
-0.5847 0.3598 1.0684 159 206 234
-0.5783 0.3598 1.0684 163 210 236
-0.5719 0.3598 1.0684 158 205 231
-0.5655 0.3598 1.0684 158 208 233
-0.5590 0.3598 1.0684 165 212 238
-0.5526 0.3598 1.0684 162 212 237
-0.5462 0.3598 1.0684 151 198 224
-0.5398 0.3598 1.0684 160 204 233
-0.5333 0.3598 1.0684 153 205 229
-0.5269 0.3598 1.0684 157 207 230
-0.5205 0.3598 1.0684 147 197 220
-0.5141 0.3598 1.0684 160 208 231
-0.5076 0.3598 1.0684 157 204 230
-0.5012 0.3598 1.0684 155 202 230
-0.4948 0.3598 1.0684 161 208 236
-0.4883 0.3598 1.0684 158 204 230
-0.4819 0.3598 1.0684 155 202 230
-0.4755 0.3598 1.0684 162 210 233
-0.4691 0.3598 1.0684 158 205 231
-0.4626 0.3598 1.0684 161 207 233
-0.4562 0.3598 1.0684 154 204 231
-0.4498 0.3598 1.0684 155 206 233
-0.4434 0.3598 1.0684 156 206 233
-0.4369 0.3598 1.0684 157 207 232
-0.4305 0.3598 1.0684 153 204 225
-0.4241 0.3598 1.0684 157 204 230
-0.4177 0.3598 1.0684 156 207 234
-0.4112 0.3598 1.0684 158 205 233
-0.4048 0.3598 1.0684 161 209 232
-0.3984 0.3598 1.0684 160 207 235
-0.3920 0.3598 1.0684 159 209 234
-0.3855 0.3598 1.0684 152 199 225
-0.3791 0.3598 1.0684 160 207 233
-0.3727 0.3598 1.0684 155 202 228
-0.3663 0.3598 1.0684 157 204 232
-0.3598 0.3598 1.0684 165 212 240
-0.3534 0.3598 1.0684 156 206 231
-0.3470 0.3598 1.0684 157 207 230
-0.3406 0.3598 1.0684 159 203 228
-0.3341 0.3598 1.0684 164 212 234
-0.3277 0.3598 1.0684 158 205 231
-0.3213 0.3598 1.0684 160 208 231
-0.3149 0.3598 1.0684 158 210 232
-0.3084 0.3598 1.0684 161 208 236
-0.3020 0.3598 1.0684 148 198 223
-0.2956 0.3598 1.0684 159 209 236
-0.2892 0.3598 1.0684 159 206 236
-0.2827 0.3598 1.0684 154 202 225
-0.2763 0.3598 1.0684 157 207 230
-0.2699 0.3598 1.0684 161 208 234
-0.2635 0.3598 1.0684 154 204 229
-0.2570 0.3598 1.0684 156 203 231
-0.2506 0.3598 1.0684 156 206 231
-0.2442 0.3598 1.0684 165 217 241
-0.2377 0.3598 1.0684 152 202 229
-0.2313 0.3598 1.0684 153 205 229
-0.2249 0.3598 1.0684 153 199 225
-0.2185 0.3598 1.0684 159 209 234
-0.2120 0.3598 1.0684 156 206 231
-0.2056 0.3598 1.0684 157 205 228
-0.1992 0.3598 1.0684 165 215 238
-0.1928 0.3598 1.0684 153 205 229
-0.1863 0.3598 1.0684 157 208 237
-0.1799 0.3598 1.0684 157 208 235
-0.1735 0.3598 1.0684 157 204 230
-0.1671 0.3598 1.0684 160 205 234
-0.1606 0.3598 1.0684 155 202 232
-0.1542 0.3598 1.0684 163 210 238
-0.1478 0.3598 1.0684 157 203 229
-0.1414 0.3598 1.0684 158 205 233
-0.1349 0.3598 1.0684 150 197 227
-0.1285 0.3598 1.0684 153 203 230
-0.1221 0.3598 1.0684 155 202 228
-0.1157 0.3598 1.0684 160 206 232
-0.1092 0.3598 1.0684 150 196 220
-0.1028 0.3598 1.0684 153 200 226
-0.0964 0.3598 1.0684 153 200 226
-0.0900 0.3598 1.0684 157 204 232
-0.0835 0.3598 1.0684 154 201 227
-0.0771 0.3598 1.0684 153 200 226
-0.0707 0.3598 1.0684 158 205 231
-0.0643 0.3598 1.0684 160 212 234
-0.0578 0.3598 1.0684 152 202 227
-0.0514 0.3598 1.0684 160 210 235
-0.0450 0.3598 1.0684 155 202 228
-0.0386 0.3598 1.0684 158 205 231
-0.0321 0.3598 1.0684 162 209 235
-0.0257 0.3598 1.0684 156 201 230
-0.0193 0.3598 1.0684 156 203 233
-0.0129 0.3598 1.0684 154 201 229
-0.0064 0.3598 1.0684 160 206 230
0.0000 0.3598 1.0684 158 205 231
0.0064 0.3598 1.0684 162 208 232
0.0129 0.3598 1.0684 161 207 231
0.0193 0.3598 1.0684 157 203 227
0.0257 0.3598 1.0684 154 201 227
0.0321 0.3598 1.0684 154 201 229
0.0386 0.3598 1.0684 159 206 232
0.0450 0.3598 1.0684 156 203 229
0.0514 0.3598 1.0684 154 199 228
0.0578 0.3598 1.0684 158 208 231
0.0643 0.3598 1.0684 153 203 228
0.0707 0.3598 1.0684 162 208 232
0.0771 0.3598 1.0684 154 208 232
0.0835 0.3598 1.0684 162 209 235
0.0900 0.3598 1.0684 157 204 230
0.0964 0.3598 1.0684 155 202 228
0.1028 0.3598 1.0684 163 208 237
0.1092 0.3598 1.0684 151 203 225
0.1157 0.3598 1.0684 157 204 232
0.1221 0.3598 1.0684 155 202 228
0.1285 0.3598 1.0684 162 207 236
0.1349 0.3598 1.0684 161 206 235
0.1414 0.3598 1.0684 152 202 227
0.1478 0.3598 1.0684 150 197 223
0.1542 0.3598 1.0684 152 199 227
0.1606 0.3598 1.0684 155 205 230
0.1671 0.3598 1.0684 160 210 235
0.1735 0.3598 1.0684 159 206 232
0.1799 0.3598 1.0684 151 201 226
0.1863 0.3598 1.0684 159 209 234
0.1928 0.3598 1.0684 163 208 237
0.1992 0.3598 1.0684 149 196 224
0.2056 0.3598 1.0684 160 204 231
0.2120 0.3598 1.0684 165 209 236
0.2185 0.3598 1.0684 157 204 230
0.2249 0.3598 1.0684 152 204 228
0.2313 0.3598 1.0684 163 211 234
0.2377 0.3598 1.0684 162 208 232
0.2442 0.3598 1.0684 159 205 229
0.2506 0.3598 1.0684 158 208 233
0.2570 0.3598 1.0684 160 206 230
0.2635 0.3598 1.0684 158 202 227
0.2699 0.3598 1.0684 150 196 222
0.2763 0.3598 1.0684 157 208 229
0.2827 0.3598 1.0684 157 204 230
0.2892 0.3598 1.0684 150 197 223
0.2956 0.3598 1.0684 158 208 233
0.3020 0.3598 1.0684 162 212 235
0.3084 0.3598 1.0684 163 213 238
0.3149 0.3598 1.0684 154 201 229
0.3213 0.3598 1.0684 150 200 227
0.3277 0.3598 1.0684 158 205 233
0.3341 0.3598 1.0684 161 207 233
0.3406 0.3598 1.0684 161 207 231
0.3470 0.3598 1.0684 160 210 235
0.3534 0.3598 1.0684 165 209 238
0.3598 0.3598 1.0684 150 200 223
0.3663 0.3598 1.0684 160 206 230
0.3727 0.3598 1.0684 157 207 230
0.3791 0.3598 1.0684 155 207 231
0.3855 0.3598 1.0684 153 204 231
0.3920 0.3598 1.0684 160 204 233
0.3984 0.3598 1.0684 165 211 237
0.4048 0.3598 1.0684 158 210 234
0.4112 0.3598 1.0684 160 201 231
0.4177 0.3598 1.0684 153 200 226
0.4241 0.3598 1.0684 158 204 230
0.4305 0.3598 1.0684 161 206 235
0.4369 0.3598 1.0684 153 203 228
0.4434 0.3598 1.0684 157 205 227
0.4498 0.3598 1.0684 158 205 231
0.4562 0.3598 1.0684 159 206 232
0.4626 0.3598 1.0684 155 207 229
0.4691 0.3598 1.0684 154 202 225
0.4755 0.3598 1.0684 163 211 234
0.4819 0.3598 1.0684 159 209 234
0.4883 0.3598 1.0684 161 205 230
0.4948 0.3598 1.0684 163 213 240
0.5012 0.3598 1.0684 151 201 228
0.5076 0.3598 1.0684 158 204 230
0.5141 0.3598 1.0684 155 205 230
0.5205 0.3598 1.0684 150 200 225
0.5269 0.3598 1.0684 163 210 238
0.5333 0.3598 1.0684 167 214 240
0.5398 0.3598 1.0684 153 197 224
0.5462 0.3598 1.0684 161 207 233
0.5526 0.3598 1.0684 160 210 237
0.5590 0.3598 1.0684 158 206 229
0.5655 0.3598 1.0684 154 205 232
0.5719 0.3598 1.0684 155 206 233
0.5783 0.3598 1.0684 148 198 225
0.5847 0.3598 1.0684 155 205 230
0.5912 0.3598 1.0684 158 205 231
0.5976 0.3598 1.0684 157 207 232
0.6040 0.3598 1.0684 162 210 233
0.6104 0.3598 1.0684 159 205 231
-0.6169 0.3534 1.0684 162 206 231
-0.6104 0.3534 1.0684 158 204 230
-0.6040 0.3534 1.0684 154 200 226
-0.5976 0.3534 1.0684 154 200 226
-0.5912 0.3534 1.0684 151 199 221
-0.5847 0.3534 1.0684 155 205 232
-0.5783 0.3534 1.0684 160 210 235
-0.5719 0.3534 1.0684 153 201 224
-0.5655 0.3534 1.0684 165 209 236
-0.5590 0.3534 1.0684 147 199 223
-0.5526 0.3534 1.0684 153 203 228
-0.5462 0.3534 1.0684 150 200 227
-0.5398 0.3534 1.0684 159 207 230
-0.5333 0.3534 1.0684 154 209 229
-0.5269 0.3534 1.0684 154 204 229
-0.5205 0.3534 1.0684 150 195 224
-0.5141 0.3534 1.0684 157 205 228
-0.5076 0.3534 1.0684 150 200 225
-0.5012 0.3534 1.0684 161 211 236
-0.4948 0.3534 1.0684 155 205 232
-0.4883 0.3534 1.0684 167 214 240
-0.4819 0.3534 1.0684 164 211 239
-0.4755 0.3534 1.0684 161 209 232
-0.4691 0.3534 1.0684 159 206 232
-0.4626 0.3534 1.0684 162 208 232
-0.4562 0.3534 1.0684 158 206 229
-0.4498 0.3534 1.0684 152 200 223
-0.4434 0.3534 1.0684 154 200 224
-0.4369 0.3534 1.0684 158 203 232
-0.4305 0.3534 1.0684 163 209 232
-0.4241 0.3534 1.0684 157 201 228
-0.4177 0.3534 1.0684 167 213 239
-0.4112 0.3534 1.0684 153 196 228
-0.4048 0.3534 1.0684 160 206 229
-0.3984 0.3534 1.0684 161 207 233
-0.3920 0.3534 1.0684 160 207 233
-0.3855 0.3534 1.0684 154 200 226
-0.3791 0.3534 1.0684 156 203 229
-0.3727 0.3534 1.0684 158 206 229
-0.3663 0.3534 1.0684 152 199 225
-0.3598 0.3534 1.0684 157 204 230
-0.3534 0.3534 1.0684 155 205 228
-0.3470 0.3534 1.0684 147 197 220
-0.3406 0.3534 1.0684 159 206 234
-0.3341 0.3534 1.0684 162 214 235
-0.3277 0.3534 1.0684 160 204 231
-0.3213 0.3534 1.0684 158 208 231
-0.3149 0.3534 1.0684 154 200 224
-0.3084 0.3534 1.0684 154 201 229
-0.3020 0.3534 1.0684 161 207 233
-0.2956 0.3534 1.0684 160 204 231
-0.2892 0.3534 1.0684 150 197 223
-0.2827 0.3534 1.0684 151 198 224
-0.2763 0.3534 1.0684 150 197 223
-0.2699 0.3534 1.0684 156 203 229
-0.2635 0.3534 1.0684 156 203 229
-0.2570 0.3534 1.0684 165 212 238
-0.2506 0.3534 1.0684 161 209 232
-0.2442 0.3534 1.0684 155 205 228
-0.2377 0.3534 1.0684 154 202 225
-0.2313 0.3534 1.0684 154 204 231
-0.2249 0.3534 1.0684 158 203 232
-0.2185 0.3534 1.0684 154 202 225
-0.2120 0.3534 1.0684 153 199 223
-0.2056 0.3534 1.0684 163 211 234
-0.1992 0.3534 1.0684 155 205 230
-0.1928 0.3534 1.0684 158 205 231
-0.1863 0.3534 1.0684 160 205 234
-0.1799 0.3534 1.0684 162 209 235
-0.1735 0.3534 1.0684 155 205 228
-0.1671 0.3534 1.0684 161 211 234
-0.1606 0.3534 1.0684 155 205 230
-0.1542 0.3534 1.0684 152 198 224
-0.1478 0.3534 1.0684 163 210 236
-0.1414 0.3534 1.0684 157 204 232
-0.1349 0.3534 1.0684 155 202 230
-0.1285 0.3534 1.0684 152 202 227
-0.1221 0.3534 1.0684 162 209 235
-0.1157 0.3534 1.0684 152 199 225
-0.1092 0.3534 1.0684 163 210 238
-0.1028 0.3534 1.0684 157 207 230
-0.0964 0.3534 1.0684 159 207 229
-0.0900 0.3534 1.0684 165 212 240
-0.0835 0.3534 1.0684 157 204 234
-0.0771 0.3534 1.0684 152 198 224
-0.0707 0.3534 1.0684 162 208 232
-0.0643 0.3534 1.0684 167 215 238
-0.0578 0.3534 1.0684 148 194 218
-0.0514 0.3534 1.0684 147 194 222
-0.0450 0.3534 1.0684 156 203 229
-0.0386 0.3534 1.0684 153 201 224
-0.0321 0.3534 1.0684 157 204 232
-0.0257 0.3534 1.0684 154 201 227
-0.0193 0.3534 1.0684 158 205 231
-0.0129 0.3534 1.0684 161 207 231
-0.0064 0.3534 1.0684 165 213 236
0.0000 0.3534 1.0684 162 209 237
0.0064 0.3534 1.0684 151 198 226
0.0129 0.3534 1.0684 156 203 231
0.0193 0.3534 1.0684 161 209 232
0.0257 0.3534 1.0684 164 212 235
0.0321 0.3534 1.0684 158 205 231
0.0386 0.3534 1.0684 159 209 236
0.0450 0.3534 1.0684 156 206 233
0.0514 0.3534 1.0684 161 206 235
0.0578 0.3534 1.0684 160 208 231
0.0643 0.3534 1.0684 163 213 240
0.0707 0.3534 1.0684 152 199 225
0.0771 0.3534 1.0684 149 199 224
0.0835 0.3534 1.0684 159 209 234
0.0900 0.3534 1.0684 153 200 226
0.0964 0.3534 1.0684 153 203 228
0.1028 0.3534 1.0684 153 201 224
0.1092 0.3534 1.0684 159 202 234
0.1157 0.3534 1.0684 154 204 229
0.1221 0.3534 1.0684 164 206 231
0.1285 0.3534 1.0684 156 203 231
0.1349 0.3534 1.0684 162 203 231
0.1414 0.3534 1.0684 164 205 233
0.1478 0.3534 1.0684 150 196 222
0.1542 0.3534 1.0684 158 203 232
0.1606 0.3534 1.0684 159 206 232
0.1671 0.3534 1.0684 160 208 231
0.1735 0.3534 1.0684 156 204 227
0.1799 0.3534 1.0684 155 206 227
0.1863 0.3534 1.0684 156 206 229
0.1928 0.3534 1.0684 158 204 230
0.1992 0.3534 1.0684 164 210 236
0.2056 0.3534 1.0684 161 208 234
0.2120 0.3534 1.0684 163 209 235
0.2185 0.3534 1.0684 156 200 229
0.2249 0.3534 1.0684 159 203 230
0.2313 0.3534 1.0684 161 207 233
0.2377 0.3534 1.0684 158 204 230
0.2442 0.3534 1.0684 151 197 223
0.2506 0.3534 1.0684 159 205 229
0.2570 0.3534 1.0684 160 210 235
0.2635 0.3534 1.0684 154 205 226
0.2699 0.3534 1.0684 161 207 230
0.2763 0.3534 1.0684 159 203 232
0.2827 0.3534 1.0684 154 204 231
0.2892 0.3534 1.0684 158 208 235
0.2956 0.3534 1.0684 163 210 236
0.3020 0.3534 1.0684 160 206 230
0.3084 0.3534 1.0684 160 204 231
0.3149 0.3534 1.0684 156 202 228
0.3213 0.3534 1.0684 161 207 233
0.3277 0.3534 1.0684 157 201 228
0.3341 0.3534 1.0684 157 198 226
0.3406 0.3534 1.0684 159 209 236
0.3470 0.3534 1.0684 157 201 228
0.3534 0.3534 1.0684 159 207 230
0.3598 0.3534 1.0684 155 201 224
0.3663 0.3534 1.0684 152 200 223
0.3727 0.3534 1.0684 151 206 227
0.3791 0.3534 1.0684 163 213 238
0.3855 0.3534 1.0684 162 208 234
0.3920 0.3534 1.0684 161 207 233
0.3984 0.3534 1.0684 149 199 226
0.4048 0.3534 1.0684 158 205 231
0.4112 0.3534 1.0684 162 208 234
0.4177 0.3534 1.0684 155 205 230
0.4241 0.3534 1.0684 159 206 232
0.4305 0.3534 1.0684 160 207 233
0.4369 0.3534 1.0684 159 211 233
0.4434 0.3534 1.0684 161 208 234
0.4498 0.3534 1.0684 157 203 229
0.4562 0.3534 1.0684 151 201 226
0.4626 0.3534 1.0684 155 207 229
0.4691 0.3534 1.0684 167 215 238
0.4755 0.3534 1.0684 161 211 234
0.4819 0.3534 1.0684 150 200 225
0.4883 0.3534 1.0684 151 201 226
0.4948 0.3534 1.0684 156 202 226
0.5012 0.3534 1.0684 158 208 233
0.5076 0.3534 1.0684 155 202 230
0.5141 0.3534 1.0684 160 207 233
0.5205 0.3534 1.0684 155 201 227
0.5269 0.3534 1.0684 154 201 227
0.5333 0.3534 1.0684 156 204 227
0.5398 0.3534 1.0684 153 199 223
0.5462 0.3534 1.0684 160 208 230
0.5526 0.3534 1.0684 159 209 236
0.5590 0.3534 1.0684 155 203 225
0.5655 0.3534 1.0684 164 208 235
0.5719 0.3534 1.0684 154 201 227
0.5783 0.3534 1.0684 156 206 231
0.5847 0.3534 1.0684 160 204 229
0.5912 0.3534 1.0684 159 209 236
0.5976 0.3534 1.0684 152 202 227
0.6040 0.3534 1.0684 147 197 220
0.6104 0.3534 1.0684 160 207 233
-0.6169 0.3470 1.0684 157 205 228
-0.6104 0.3470 1.0684 156 203 229
-0.6040 0.3470 1.0684 152 202 227
-0.5976 0.3470 1.0684 157 207 232
-0.5912 0.3470 1.0684 160 211 232
-0.5847 0.3470 1.0684 155 205 230
-0.5783 0.3470 1.0684 159 207 230
-0.5719 0.3470 1.0684 159 207 230
-0.5655 0.3470 1.0684 155 205 230
-0.5590 0.3470 1.0684 157 203 229
-0.5526 0.3470 1.0684 152 204 228
-0.5462 0.3470 1.0684 156 206 231
-0.5398 0.3470 1.0684 155 202 230
-0.5333 0.3470 1.0684 161 208 234
-0.5269 0.3470 1.0684 160 208 231
-0.5205 0.3470 1.0684 156 204 227
-0.5141 0.3470 1.0684 156 204 227
-0.5076 0.3470 1.0684 165 211 235
-0.5012 0.3470 1.0684 161 207 233
-0.4948 0.3470 1.0684 166 212 238
-0.4883 0.3470 1.0684 158 206 229
-0.4819 0.3470 1.0684 158 205 233
-0.4755 0.3470 1.0684 159 207 230
-0.4691 0.3470 1.0684 162 209 235
-0.4626 0.3470 1.0684 151 201 228
-0.4562 0.3470 1.0684 157 207 232
-0.4498 0.3470 1.0684 157 207 232
-0.4434 0.3470 1.0684 153 200 228
-0.4369 0.3470 1.0684 156 204 227
-0.4305 0.3470 1.0684 149 201 225
-0.4241 0.3470 1.0684 151 198 224
-0.4177 0.3470 1.0684 150 202 226
-0.4112 0.3470 1.0684 156 203 233
-0.4048 0.3470 1.0684 154 204 227
-0.3984 0.3470 1.0684 161 209 231
-0.3920 0.3470 1.0684 157 207 232
-0.3855 0.3470 1.0684 160 207 235
-0.3791 0.3470 1.0684 153 199 225
-0.3727 0.3470 1.0684 157 204 230
-0.3663 0.3470 1.0684 163 211 234
-0.3598 0.3470 1.0684 152 203 224
-0.3534 0.3470 1.0684 157 205 228
-0.3470 0.3470 1.0684 152 199 227
-0.3406 0.3470 1.0684 156 206 229
-0.3341 0.3470 1.0684 164 211 237
-0.3277 0.3470 1.0684 160 212 234
-0.3213 0.3470 1.0684 152 196 223
-0.3149 0.3470 1.0684 160 210 235
-0.3084 0.3470 1.0684 161 209 232
-0.3020 0.3470 1.0684 159 204 233
-0.2956 0.3470 1.0684 161 205 230
-0.2892 0.3470 1.0684 157 205 228
-0.2827 0.3470 1.0684 151 201 226
-0.2763 0.3470 1.0684 153 199 225
-0.2699 0.3470 1.0684 157 204 230
-0.2635 0.3470 1.0684 153 200 226
-0.2570 0.3470 1.0684 159 206 234
-0.2506 0.3470 1.0684 150 195 224
-0.2442 0.3470 1.0684 161 208 234
-0.2377 0.3470 1.0684 157 203 229
-0.2313 0.3470 1.0684 154 206 228
-0.2249 0.3470 1.0684 150 202 224
-0.2185 0.3470 1.0684 156 206 231
-0.2120 0.3470 1.0684 160 207 233
-0.2056 0.3470 1.0684 156 203 229
-0.1992 0.3470 1.0684 153 201 224
-0.1928 0.3470 1.0684 154 204 227
-0.1863 0.3470 1.0684 154 204 229
-0.1799 0.3470 1.0684 163 209 235
-0.1735 0.3470 1.0684 158 205 231
-0.1671 0.3470 1.0684 159 211 235
-0.1606 0.3470 1.0684 158 205 233
-0.1542 0.3470 1.0684 159 204 233
-0.1478 0.3470 1.0684 148 195 221
-0.1414 0.3470 1.0684 161 208 234
-0.1349 0.3470 1.0684 153 201 224
-0.1285 0.3470 1.0684 159 205 231
-0.1221 0.3470 1.0684 149 193 220
-0.1157 0.3470 1.0684 160 204 231
-0.1092 0.3470 1.0684 150 193 225
-0.1028 0.3470 1.0684 154 201 231
-0.0964 0.3470 1.0684 159 209 234
-0.0900 0.3470 1.0684 154 201 227
-0.0835 0.3470 1.0684 150 197 223
-0.0771 0.3470 1.0684 162 210 233
-0.0707 0.3470 1.0684 151 198 224
-0.0643 0.3470 1.0684 158 205 231
-0.0578 0.3470 1.0684 154 202 225
-0.0514 0.3470 1.0684 155 202 230
-0.0450 0.3470 1.0684 152 199 225
-0.0386 0.3470 1.0684 157 203 226
-0.0321 0.3470 1.0684 157 204 230
-0.0257 0.3470 1.0684 152 204 228
-0.0193 0.3470 1.0684 154 201 227
-0.0129 0.3470 1.0684 163 208 237
-0.0064 0.3470 1.0684 155 202 230
0.0000 0.3470 1.0684 161 208 234
0.0064 0.3470 1.0684 158 205 231
0.0129 0.3470 1.0684 154 201 227
0.0193 0.3470 1.0684 165 213 236
0.0257 0.3470 1.0684 158 206 228
0.0321 0.3470 1.0684 155 202 228
0.0386 0.3470 1.0684 151 201 228
0.0450 0.3470 1.0684 158 205 233
0.0514 0.3470 1.0684 158 205 231
0.0578 0.3470 1.0684 159 207 230
0.0643 0.3470 1.0684 156 203 231
0.0707 0.3470 1.0684 162 209 237
0.0771 0.3470 1.0684 161 206 235
0.0835 0.3470 1.0684 151 202 229
0.0900 0.3470 1.0684 151 198 224
0.0964 0.3470 1.0684 152 199 225
0.1028 0.3470 1.0684 159 206 232
0.1092 0.3470 1.0684 159 211 235
0.1157 0.3470 1.0684 152 199 227
0.1221 0.3470 1.0684 153 205 229
0.1285 0.3470 1.0684 163 215 237
0.1349 0.3470 1.0684 156 208 232
0.1414 0.3470 1.0684 162 206 233
0.1478 0.3470 1.0684 159 206 232
0.1542 0.3470 1.0684 154 204 231
0.1606 0.3470 1.0684 162 209 235
0.1671 0.3470 1.0684 151 199 222
0.1735 0.3470 1.0684 154 202 225
0.1799 0.3470 1.0684 158 204 228
0.1863 0.3470 1.0684 160 206 230
0.1928 0.3470 1.0684 152 199 225
0.1992 0.3470 1.0684 153 203 228
0.2056 0.3470 1.0684 153 203 230
0.2120 0.3470 1.0684 153 200 226
0.2185 0.3470 1.0684 157 204 230
0.2249 0.3470 1.0684 158 205 231
0.2313 0.3470 1.0684 164 211 239
0.2377 0.3470 1.0684 155 200 229
0.2442 0.3470 1.0684 159 205 231
0.2506 0.3470 1.0684 160 206 232
0.2570 0.3470 1.0684 160 206 230
0.2635 0.3470 1.0684 159 205 229
0.2699 0.3470 1.0684 157 207 232
0.2763 0.3470 1.0684 162 212 237
0.2827 0.3470 1.0684 159 202 234
0.2892 0.3470 1.0684 164 208 237
0.2956 0.3470 1.0684 154 201 227
0.3020 0.3470 1.0684 156 206 229
0.3084 0.3470 1.0684 156 203 229
0.3149 0.3470 1.0684 153 201 224
0.3213 0.3470 1.0684 152 200 223
0.3277 0.3470 1.0684 150 196 220
0.3341 0.3470 1.0684 149 200 227
0.3406 0.3470 1.0684 154 198 227
0.3470 0.3470 1.0684 153 205 229
0.3534 0.3470 1.0684 155 201 224
0.3598 0.3470 1.0684 148 200 222
0.3663 0.3470 1.0684 156 202 228
0.3727 0.3470 1.0684 159 203 230
0.3791 0.3470 1.0684 155 202 228
0.3855 0.3470 1.0684 150 198 221
0.3920 0.3470 1.0684 153 199 223
0.3984 0.3470 1.0684 156 202 228
0.4048 0.3470 1.0684 148 199 226
0.4112 0.3470 1.0684 151 201 226
0.4177 0.3470 1.0684 156 203 229
0.4241 0.3470 1.0684 164 214 239
0.4305 0.3470 1.0684 159 209 232
0.4369 0.3470 1.0684 157 209 230
0.4434 0.3470 1.0684 161 208 238
0.4498 0.3470 1.0684 162 203 231
0.4562 0.3470 1.0684 157 207 230
0.4626 0.3470 1.0684 162 212 237
0.4691 0.3470 1.0684 153 203 226
0.4755 0.3470 1.0684 150 197 223
0.4819 0.3470 1.0684 159 206 234
0.4883 0.3470 1.0684 157 203 229
0.4948 0.3470 1.0684 151 201 224
0.5012 0.3470 1.0684 156 202 226
0.5076 0.3470 1.0684 149 194 223
0.5141 0.3470 1.0684 154 204 231
0.5205 0.3470 1.0684 146 191 220
0.5269 0.3470 1.0684 158 205 231
0.5333 0.3470 1.0684 165 213 236
0.5398 0.3470 1.0684 155 202 228
0.5462 0.3470 1.0684 153 203 228
0.5526 0.3470 1.0684 159 206 234
0.5590 0.3470 1.0684 155 201 227
0.5655 0.3470 1.0684 161 208 236
0.5719 0.3470 1.0684 151 197 223
0.5783 0.3470 1.0684 158 205 231
0.5847 0.3470 1.0684 154 205 232
0.5912 0.3470 1.0684 156 203 231
0.5976 0.3470 1.0684 157 207 232
0.6040 0.3470 1.0684 161 211 236
0.6104 0.3470 1.0684 157 207 232
-0.6169 0.3406 1.0684 151 201 224
-0.6104 0.3406 1.0684 156 203 229
-0.6040 0.3406 1.0684 149 195 221
-0.5976 0.3406 1.0684 162 209 235
-0.5912 0.3406 1.0684 159 210 231
-0.5847 0.3406 1.0684 159 206 234
-0.5783 0.3406 1.0684 161 207 231
-0.5719 0.3406 1.0684 153 199 223
-0.5655 0.3406 1.0684 153 199 223
-0.5590 0.3406 1.0684 150 202 224
-0.5526 0.3406 1.0684 157 203 227
-0.5462 0.3406 1.0684 152 207 228
-0.5398 0.3406 1.0684 154 199 230
-0.5333 0.3406 1.0684 170 214 243
-0.5269 0.3406 1.0684 156 202 226
-0.5205 0.3406 1.0684 148 195 221
-0.5141 0.3406 1.0684 157 204 230
-0.5076 0.3406 1.0684 159 207 230
-0.5012 0.3406 1.0684 153 201 224
-0.4948 0.3406 1.0684 149 196 222
-0.4883 0.3406 1.0684 151 201 224
-0.4819 0.3406 1.0684 156 203 231
-0.4755 0.3406 1.0684 154 200 224
-0.4691 0.3406 1.0684 159 205 231
-0.4626 0.3406 1.0684 152 199 227
-0.4562 0.3406 1.0684 152 202 227
-0.4498 0.3406 1.0684 159 209 234
-0.4434 0.3406 1.0684 156 203 229
-0.4369 0.3406 1.0684 163 207 232
-0.4305 0.3406 1.0684 159 205 231
-0.4241 0.3406 1.0684 165 206 236
-0.4177 0.3406 1.0684 162 206 235
-0.4112 0.3406 1.0684 156 202 226
-0.4048 0.3406 1.0684 155 207 231
-0.3984 0.3406 1.0684 152 202 225
-0.3920 0.3406 1.0684 158 209 230
-0.3855 0.3406 1.0684 157 207 230
-0.3791 0.3406 1.0684 160 207 233
-0.3727 0.3406 1.0684 155 201 227
-0.3663 0.3406 1.0684 156 203 229
-0.3598 0.3406 1.0684 154 200 226
-0.3534 0.3406 1.0684 167 214 240
-0.3470 0.3406 1.0684 153 200 228
-0.3406 0.3406 1.0684 156 197 227
-0.3341 0.3406 1.0684 157 204 232
-0.3277 0.3406 1.0684 152 198 222
-0.3213 0.3406 1.0684 159 206 232
-0.3149 0.3406 1.0684 154 200 226
-0.3084 0.3406 1.0684 154 200 224
-0.3020 0.3406 1.0684 159 204 235
-0.2956 0.3406 1.0684 153 203 226
-0.2892 0.3406 1.0684 156 203 229
-0.2827 0.3406 1.0684 154 204 231
-0.2763 0.3406 1.0684 157 201 230
-0.2699 0.3406 1.0684 163 210 236
-0.2635 0.3406 1.0684 154 201 227
-0.2570 0.3406 1.0684 159 205 229
-0.2506 0.3406 1.0684 161 207 233
-0.2442 0.3406 1.0684 148 194 220
-0.2377 0.3406 1.0684 151 197 223
-0.2313 0.3406 1.0684 156 202 228
-0.2249 0.3406 1.0684 146 196 221
-0.2185 0.3406 1.0684 158 205 231
-0.2120 0.3406 1.0684 153 200 226
-0.2056 0.3406 1.0684 161 208 234
-0.1992 0.3406 1.0684 163 211 234
-0.1928 0.3406 1.0684 150 200 223
-0.1863 0.3406 1.0684 152 202 229
-0.1799 0.3406 1.0684 156 203 231
-0.1735 0.3406 1.0684 155 201 227
-0.1671 0.3406 1.0684 154 200 226
-0.1606 0.3406 1.0684 161 207 233
-0.1542 0.3406 1.0684 167 213 239
-0.1478 0.3406 1.0684 157 204 230
-0.1414 0.3406 1.0684 158 205 231
-0.1349 0.3406 1.0684 162 210 233
-0.1285 0.3406 1.0684 155 202 230
-0.1221 0.3406 1.0684 156 203 229
-0.1157 0.3406 1.0684 157 204 230
-0.1092 0.3406 1.0684 152 196 225
-0.1028 0.3406 1.0684 154 201 229
-0.0964 0.3406 1.0684 151 198 224
-0.0900 0.3406 1.0684 158 206 229
-0.0835 0.3406 1.0684 151 201 224
-0.0771 0.3406 1.0684 156 208 230
-0.0707 0.3406 1.0684 143 190 218
-0.0643 0.3406 1.0684 159 204 233
-0.0578 0.3406 1.0684 162 209 235
-0.0514 0.3406 1.0684 155 203 226
-0.0450 0.3406 1.0684 161 207 233
-0.0386 0.3406 1.0684 160 206 232
-0.0321 0.3406 1.0684 156 204 226
-0.0257 0.3406 1.0684 156 203 229
-0.0193 0.3406 1.0684 152 199 225
-0.0129 0.3406 1.0684 155 205 230
-0.0064 0.3406 1.0684 171 218 244
0.0000 0.3406 1.0684 158 204 227
0.0064 0.3406 1.0684 156 204 227
0.0129 0.3406 1.0684 158 205 231
0.0193 0.3406 1.0684 160 206 232
0.0257 0.3406 1.0684 158 204 230
0.0321 0.3406 1.0684 157 204 232
0.0386 0.3406 1.0684 156 203 231
0.0450 0.3406 1.0684 149 196 222
0.0514 0.3406 1.0684 155 205 230
0.0578 0.3406 1.0684 160 208 231
0.0643 0.3406 1.0684 163 207 234
0.0707 0.3406 1.0684 163 209 235
0.0771 0.3406 1.0684 153 200 226
0.0835 0.3406 1.0684 152 197 226
0.0900 0.3406 1.0684 153 200 226
0.0964 0.3406 1.0684 154 201 227
0.1028 0.3406 1.0684 150 200 225
0.1092 0.3406 1.0684 152 198 224
0.1157 0.3406 1.0684 165 215 242
0.1221 0.3406 1.0684 153 200 228
0.1285 0.3406 1.0684 155 205 230
0.1349 0.3406 1.0684 148 202 228
0.1414 0.3406 1.0684 146 197 224
0.1478 0.3406 1.0684 160 212 234
0.1542 0.3406 1.0684 150 200 223
0.1606 0.3406 1.0684 151 199 222
0.1671 0.3406 1.0684 157 204 230
0.1735 0.3406 1.0684 163 208 237
0.1799 0.3406 1.0684 155 199 224
0.1863 0.3406 1.0684 161 207 233
0.1928 0.3406 1.0684 147 197 222
0.1992 0.3406 1.0684 152 199 225
0.2056 0.3406 1.0684 158 203 232
0.2120 0.3406 1.0684 156 203 229
0.2185 0.3406 1.0684 149 199 224
0.2249 0.3406 1.0684 153 200 226
0.2313 0.3406 1.0684 151 201 228
0.2377 0.3406 1.0684 149 199 224
0.2442 0.3406 1.0684 152 199 225
0.2506 0.3406 1.0684 152 199 225
0.2570 0.3406 1.0684 163 213 238
0.2635 0.3406 1.0684 160 212 236
0.2699 0.3406 1.0684 157 207 232
0.2763 0.3406 1.0684 162 208 232
0.2827 0.3406 1.0684 160 204 231
0.2892 0.3406 1.0684 163 207 234
0.2956 0.3406 1.0684 155 202 228
0.3020 0.3406 1.0684 150 200 225
0.3084 0.3406 1.0684 146 196 219
0.3149 0.3406 1.0684 152 202 225
0.3213 0.3406 1.0684 154 201 227
0.3277 0.3406 1.0684 153 198 227
0.3341 0.3406 1.0684 156 203 229
0.3406 0.3406 1.0684 153 200 226
0.3470 0.3406 1.0684 161 207 233
0.3534 0.3406 1.0684 154 209 230
0.3598 0.3406 1.0684 155 201 227
0.3663 0.3406 1.0684 157 202 233
0.3727 0.3406 1.0684 164 214 237
0.3791 0.3406 1.0684 156 204 226
0.3855 0.3406 1.0684 157 203 229
0.3920 0.3406 1.0684 155 205 230
0.3984 0.3406 1.0684 153 201 224
0.4048 0.3406 1.0684 162 203 231
0.4112 0.3406 1.0684 158 208 233
0.4177 0.3406 1.0684 154 200 226
0.4241 0.3406 1.0684 151 198 224
0.4305 0.3406 1.0684 156 204 227
0.4369 0.3406 1.0684 159 205 229
0.4434 0.3406 1.0684 152 200 223
0.4498 0.3406 1.0684 155 200 229
0.4562 0.3406 1.0684 152 200 223
0.4626 0.3406 1.0684 159 205 231
0.4691 0.3406 1.0684 156 206 231
0.4755 0.3406 1.0684 154 201 227
0.4819 0.3406 1.0684 153 199 225
0.4883 0.3406 1.0684 154 204 229
0.4948 0.3406 1.0684 152 196 223
0.5012 0.3406 1.0684 156 203 231
0.5076 0.3406 1.0684 151 201 224
0.5141 0.3406 1.0684 153 203 228
0.5205 0.3406 1.0684 163 210 236
0.5269 0.3406 1.0684 169 216 242
0.5333 0.3406 1.0684 154 200 226
0.5398 0.3406 1.0684 163 208 237
0.5462 0.3406 1.0684 158 204 230
0.5526 0.3406 1.0684 155 198 230
0.5590 0.3406 1.0684 156 202 225
0.5655 0.3406 1.0684 159 205 231
0.5719 0.3406 1.0684 164 214 239
0.5783 0.3406 1.0684 150 201 230
0.5847 0.3406 1.0684 159 204 235
0.5912 0.3406 1.0684 156 202 228
0.5976 0.3406 1.0684 155 202 228
0.6040 0.3406 1.0684 157 207 232
0.6104 0.3406 1.0684 156 206 231
-0.6169 0.3341 1.0684 162 204 229
-0.6104 0.3341 1.0684 158 204 228
-0.6040 0.3341 1.0684 166 212 236
-0.5976 0.3341 1.0684 160 204 231
-0.5912 0.3341 1.0684 149 195 219
-0.5847 0.3341 1.0684 159 203 228
-0.5783 0.3341 1.0684 154 195 225
-0.5719 0.3341 1.0684 155 201 227
-0.5655 0.3341 1.0684 150 197 223
-0.5590 0.3341 1.0684 153 200 226
-0.5526 0.3341 1.0684 148 198 221
-0.5462 0.3341 1.0684 155 201 227
-0.5398 0.3341 1.0684 157 204 230
-0.5333 0.3341 1.0684 152 199 225
-0.5269 0.3341 1.0684 152 200 222
-0.5205 0.3341 1.0684 156 204 227
-0.5141 0.3341 1.0684 152 203 230
-0.5076 0.3341 1.0684 150 200 223
-0.5012 0.3341 1.0684 167 214 240
-0.4948 0.3341 1.0684 156 202 228
-0.4883 0.3341 1.0684 161 208 226
-0.4819 0.3341 1.0684 155 202 228
-0.4755 0.3341 1.0684 159 206 234
-0.4691 0.3341 1.0684 155 200 229
-0.4626 0.3341 1.0684 154 201 231
-0.4562 0.3341 1.0684 161 208 236
-0.4498 0.3341 1.0684 154 206 228
-0.4434 0.3341 1.0684 153 203 228
-0.4369 0.3341 1.0684 155 201 227
-0.4305 0.3341 1.0684 152 199 225
-0.4241 0.3341 1.0684 150 200 225
-0.4177 0.3341 1.0684 166 212 238
-0.4112 0.3341 1.0684 159 206 232
-0.4048 0.3341 1.0684 163 210 236
-0.3984 0.3341 1.0684 160 206 230
-0.3920 0.3341 1.0684 163 209 233
-0.3855 0.3341 1.0684 146 196 219
-0.3791 0.3341 1.0684 155 201 227
-0.3727 0.3341 1.0684 153 198 227
-0.3663 0.3341 1.0684 164 210 236
-0.3598 0.3341 1.0684 162 208 234
-0.3534 0.3341 1.0684 159 205 231
-0.3470 0.3341 1.0684 153 199 225
-0.3406 0.3341 1.0684 158 205 235
-0.3341 0.3341 1.0684 156 201 230
-0.3277 0.3341 1.0684 156 202 228
-0.3213 0.3341 1.0684 150 194 223
-0.3149 0.3341 1.0684 149 196 226
-0.3084 0.3341 1.0684 151 195 224
-0.3020 0.3341 1.0684 162 207 236
-0.2956 0.3341 1.0684 159 209 232
-0.2892 0.3341 1.0684 154 200 224
-0.2827 0.3341 1.0684 154 201 227
-0.2763 0.3341 1.0684 154 204 229
-0.2699 0.3341 1.0684 157 205 228
-0.2635 0.3341 1.0684 155 201 227
-0.2570 0.3341 1.0684 157 203 226
-0.2506 0.3341 1.0684 159 205 231
-0.2442 0.3341 1.0684 164 211 239
-0.2377 0.3341 1.0684 156 204 227
-0.2313 0.3341 1.0684 154 198 225
-0.2249 0.3341 1.0684 154 204 231
-0.2185 0.3341 1.0684 154 199 228
-0.2120 0.3341 1.0684 160 204 233
-0.2056 0.3341 1.0684 151 197 221
-0.1992 0.3341 1.0684 162 210 233
-0.1928 0.3341 1.0684 157 204 230
-0.1863 0.3341 1.0684 162 209 237
-0.1799 0.3341 1.0684 155 202 228
-0.1735 0.3341 1.0684 149 197 220
-0.1671 0.3341 1.0684 155 201 227
-0.1606 0.3341 1.0684 161 208 234
-0.1542 0.3341 1.0684 155 205 230
-0.1478 0.3341 1.0684 151 198 224
-0.1414 0.3341 1.0684 160 204 231
-0.1349 0.3341 1.0684 160 204 231
-0.1285 0.3341 1.0684 152 200 223
-0.1221 0.3341 1.0684 153 201 224
-0.1157 0.3341 1.0684 159 209 234
-0.1092 0.3341 1.0684 154 202 225
-0.1028 0.3341 1.0684 158 204 227
-0.0964 0.3341 1.0684 155 203 226
-0.0900 0.3341 1.0684 149 195 221
-0.0835 0.3341 1.0684 158 204 227
-0.0771 0.3341 1.0684 157 203 227
-0.0707 0.3341 1.0684 162 208 232
-0.0643 0.3341 1.0684 163 208 237
-0.0578 0.3341 1.0684 154 201 227
-0.0514 0.3341 1.0684 152 200 223
-0.0450 0.3341 1.0684 152 199 225
-0.0386 0.3341 1.0684 161 206 235
-0.0321 0.3341 1.0684 157 204 232
-0.0257 0.3341 1.0684 157 204 232
-0.0193 0.3341 1.0684 156 203 229
-0.0129 0.3341 1.0684 157 204 230
-0.0064 0.3341 1.0684 163 209 233
0.0000 0.3341 1.0684 152 198 224
0.0064 0.3341 1.0684 154 201 229
0.0129 0.3341 1.0684 147 197 222
0.0193 0.3341 1.0684 164 211 237
0.0257 0.3341 1.0684 154 202 225
0.0321 0.3341 1.0684 161 209 232
0.0386 0.3341 1.0684 151 198 226
0.0450 0.3341 1.0684 160 206 239
0.0514 0.3341 1.0684 159 204 235
0.0578 0.3341 1.0684 162 207 236
0.0643 0.3341 1.0684 160 205 234
0.0707 0.3341 1.0684 154 200 226
0.0771 0.3341 1.0684 152 198 224
0.0835 0.3341 1.0684 155 201 227
0.0900 0.3341 1.0684 158 202 229
0.0964 0.3341 1.0684 158 204 228
0.1028 0.3341 1.0684 154 204 227
0.1092 0.3341 1.0684 163 210 238
0.1157 0.3341 1.0684 157 203 229
0.1221 0.3341 1.0684 160 206 230
0.1285 0.3341 1.0684 158 204 230
0.1349 0.3341 1.0684 153 200 226
0.1414 0.3341 1.0684 155 205 230
0.1478 0.3341 1.0684 150 197 223
0.1542 0.3341 1.0684 155 201 227
0.1606 0.3341 1.0684 163 210 236
0.1671 0.3341 1.0684 155 203 226
0.1735 0.3341 1.0684 154 198 225
0.1799 0.3341 1.0684 156 202 228
0.1863 0.3341 1.0684 153 200 226
0.1928 0.3341 1.0684 158 205 233
0.1992 0.3341 1.0684 151 198 228
0.2056 0.3341 1.0684 153 200 228
0.2120 0.3341 1.0684 157 202 231
0.2185 0.3341 1.0684 163 208 237
0.2249 0.3341 1.0684 164 211 239
0.2313 0.3341 1.0684 164 208 235
0.2377 0.3341 1.0684 159 206 234
0.2442 0.3341 1.0684 152 199 225
0.2506 0.3341 1.0684 154 198 225
0.2570 0.3341 1.0684 159 205 231
0.2635 0.3341 1.0684 156 204 227
0.2699 0.3341 1.0684 158 205 231
0.2763 0.3341 1.0684 157 204 232
0.2827 0.3341 1.0684 152 200 223
0.2892 0.3341 1.0684 156 203 231
0.2956 0.3341 1.0684 153 196 228
0.3020 0.3341 1.0684 164 210 236
0.3084 0.3341 1.0684 156 203 229
0.3149 0.3341 1.0684 157 203 229
0.3213 0.3341 1.0684 153 199 225
0.3277 0.3341 1.0684 156 202 228
0.3341 0.3341 1.0684 150 196 220
0.3406 0.3341 1.0684 158 204 230
0.3470 0.3341 1.0684 158 205 233
0.3534 0.3341 1.0684 156 203 231
0.3598 0.3341 1.0684 158 205 231
0.3663 0.3341 1.0684 151 197 223
0.3727 0.3341 1.0684 157 201 228
0.3791 0.3341 1.0684 158 202 229
0.3855 0.3341 1.0684 163 210 238
0.3920 0.3341 1.0684 155 205 230
0.3984 0.3341 1.0684 162 209 235
0.4048 0.3341 1.0684 157 203 229
0.4112 0.3341 1.0684 156 204 227
0.4177 0.3341 1.0684 157 204 230
0.4241 0.3341 1.0684 151 197 223
0.4305 0.3341 1.0684 156 202 228
0.4369 0.3341 1.0684 153 197 226
0.4434 0.3341 1.0684 164 210 234
0.4498 0.3341 1.0684 160 207 237
0.4562 0.3341 1.0684 155 201 225
0.4626 0.3341 1.0684 157 202 231
0.4691 0.3341 1.0684 163 211 234
0.4755 0.3341 1.0684 152 198 224
0.4819 0.3341 1.0684 157 200 232
0.4883 0.3341 1.0684 152 202 225
0.4948 0.3341 1.0684 155 200 229
0.5012 0.3341 1.0684 155 205 230
0.5076 0.3341 1.0684 151 201 224
0.5141 0.3341 1.0684 146 196 221
0.5205 0.3341 1.0684 156 203 231
0.5269 0.3341 1.0684 151 197 223
0.5333 0.3341 1.0684 155 199 226
0.5398 0.3341 1.0684 148 198 223
0.5462 0.3341 1.0684 160 207 233
0.5526 0.3341 1.0684 154 198 225
0.5590 0.3341 1.0684 159 205 229
0.5655 0.3341 1.0684 153 199 225
0.5719 0.3341 1.0684 154 200 224
0.5783 0.3341 1.0684 149 193 220
0.5847 0.3341 1.0684 159 203 230
0.5912 0.3341 1.0684 166 212 236
0.5976 0.3341 1.0684 157 207 230
0.6040 0.3341 1.0684 151 198 224
0.6104 0.3341 1.0684 154 201 229
-0.6169 0.3277 1.0684 149 196 222
-0.6104 0.3277 1.0684 151 197 223
-0.6040 0.3277 1.0684 160 206 230
-0.5976 0.3277 1.0684 155 205 228
-0.5912 0.3277 1.0684 156 203 229
-0.5847 0.3277 1.0684 155 201 227
-0.5783 0.3277 1.0684 161 207 233
-0.5719 0.3277 1.0684 153 203 228
-0.5655 0.3277 1.0684 150 197 223
-0.5590 0.3277 1.0684 153 203 228
-0.5526 0.3277 1.0684 156 204 227
-0.5462 0.3277 1.0684 149 195 221
-0.5398 0.3277 1.0684 159 206 232
-0.5333 0.3277 1.0684 152 199 225
-0.5269 0.3277 1.0684 159 206 236
-0.5205 0.3277 1.0684 151 198 228
-0.5141 0.3277 1.0684 154 198 227
-0.5076 0.3277 1.0684 157 201 226
-0.5012 0.3277 1.0684 160 206 232
-0.4948 0.3277 1.0684 160 207 233
-0.4883 0.3277 1.0684 151 201 226
-0.4819 0.3277 1.0684 155 200 229
-0.4755 0.3277 1.0684 159 205 229
-0.4691 0.3277 1.0684 152 200 223
-0.4626 0.3277 1.0684 154 204 227
-0.4562 0.3277 1.0684 158 204 228
-0.4498 0.3277 1.0684 150 197 223
-0.4434 0.3277 1.0684 149 197 220
-0.4369 0.3277 1.0684 154 200 226
-0.4305 0.3277 1.0684 153 200 226
-0.4241 0.3277 1.0684 155 202 228
-0.4177 0.3277 1.0684 160 206 232
-0.4112 0.3277 1.0684 156 202 228
-0.4048 0.3277 1.0684 156 202 228
-0.3984 0.3277 1.0684 152 198 222
-0.3920 0.3277 1.0684 148 195 221
-0.3855 0.3277 1.0684 154 204 227
-0.3791 0.3277 1.0684 149 195 219
-0.3727 0.3277 1.0684 155 201 225
-0.3663 0.3277 1.0684 155 201 225
-0.3598 0.3277 1.0684 156 202 228
-0.3534 0.3277 1.0684 156 202 228
-0.3470 0.3277 1.0684 156 203 229
-0.3406 0.3277 1.0684 156 203 231
-0.3341 0.3277 1.0684 158 206 229
-0.3277 0.3277 1.0684 151 198 224
-0.3213 0.3277 1.0684 150 197 223
-0.3149 0.3277 1.0684 153 199 225
-0.3084 0.3277 1.0684 161 205 232
-0.3020 0.3277 1.0684 152 199 225
-0.2956 0.3277 1.0684 155 205 230
-0.2892 0.3277 1.0684 155 202 228
-0.2827 0.3277 1.0684 155 202 228
-0.2763 0.3277 1.0684 149 199 224
-0.2699 0.3277 1.0684 157 203 229
-0.2635 0.3277 1.0684 158 204 230
-0.2570 0.3277 1.0684 154 200 226
-0.2506 0.3277 1.0684 153 199 225
-0.2442 0.3277 1.0684 155 201 227
-0.2377 0.3277 1.0684 159 206 232
-0.2313 0.3277 1.0684 147 192 221
-0.2249 0.3277 1.0684 146 196 223
-0.2185 0.3277 1.0684 153 198 227
-0.2120 0.3277 1.0684 152 198 224
-0.2056 0.3277 1.0684 156 201 230
-0.1992 0.3277 1.0684 149 196 224
-0.1928 0.3277 1.0684 152 200 223
-0.1863 0.3277 1.0684 153 203 226
-0.1799 0.3277 1.0684 165 209 236
-0.1735 0.3277 1.0684 153 199 225
-0.1671 0.3277 1.0684 159 206 232
-0.1606 0.3277 1.0684 157 204 230
-0.1542 0.3277 1.0684 155 202 228
-0.1478 0.3277 1.0684 160 207 235
-0.1414 0.3277 1.0684 153 200 228
-0.1349 0.3277 1.0684 156 202 228
-0.1285 0.3277 1.0684 156 204 226
-0.1221 0.3277 1.0684 150 197 223
-0.1157 0.3277 1.0684 159 206 234
-0.1092 0.3277 1.0684 157 204 232
-0.1028 0.3277 1.0684 161 207 230
-0.0964 0.3277 1.0684 155 203 225
-0.0900 0.3277 1.0684 145 191 217
-0.0835 0.3277 1.0684 152 197 226
-0.0771 0.3277 1.0684 152 199 225
-0.0707 0.3277 1.0684 156 204 227
-0.0643 0.3277 1.0684 150 195 226
-0.0578 0.3277 1.0684 153 198 227
-0.0514 0.3277 1.0684 159 205 231
-0.0450 0.3277 1.0684 159 205 231
-0.0386 0.3277 1.0684 157 203 229
-0.0321 0.3277 1.0684 159 206 232
-0.0257 0.3277 1.0684 154 200 226
-0.0193 0.3277 1.0684 157 203 227
-0.0129 0.3277 1.0684 159 205 229
-0.0064 0.3277 1.0684 153 200 226
0.0000 0.3277 1.0684 147 193 217
0.0064 0.3277 1.0684 153 201 224
0.0129 0.3277 1.0684 149 199 224
0.0193 0.3277 1.0684 156 203 231
0.0257 0.3277 1.0684 160 206 232
0.0321 0.3277 1.0684 155 201 225
0.0386 0.3277 1.0684 154 202 225
0.0450 0.3277 1.0684 158 206 229
0.0514 0.3277 1.0684 150 197 225
0.0578 0.3277 1.0684 154 199 228
0.0643 0.3277 1.0684 158 204 230
0.0707 0.3277 1.0684 156 206 229
0.0771 0.3277 1.0684 155 201 225
0.0835 0.3277 1.0684 154 202 225
0.0900 0.3277 1.0684 156 200 225
0.0964 0.3277 1.0684 143 189 213
0.1028 0.3277 1.0684 146 193 219
0.1092 0.3277 1.0684 152 196 225
0.1157 0.3277 1.0684 150 196 222
0.1221 0.3277 1.0684 158 208 233
0.1285 0.3277 1.0684 155 200 229
0.1349 0.3277 1.0684 155 202 230
0.1414 0.3277 1.0684 153 200 228
0.1478 0.3277 1.0684 153 198 227
0.1542 0.3277 1.0684 158 205 233
0.1606 0.3277 1.0684 155 205 230
0.1671 0.3277 1.0684 157 204 230
0.1735 0.3277 1.0684 159 203 232
0.1799 0.3277 1.0684 154 200 226
0.1863 0.3277 1.0684 157 205 228
0.1928 0.3277 1.0684 155 203 226
0.1992 0.3277 1.0684 148 198 223
0.2056 0.3277 1.0684 160 210 233
0.2120 0.3277 1.0684 161 208 234
0.2185 0.3277 1.0684 155 201 227
0.2249 0.3277 1.0684 153 201 224
0.2313 0.3277 1.0684 155 203 226
0.2377 0.3277 1.0684 154 204 229
0.2442 0.3277 1.0684 152 198 224
0.2506 0.3277 1.0684 146 193 219
0.2570 0.3277 1.0684 156 202 228
0.2635 0.3277 1.0684 158 208 233
0.2699 0.3277 1.0684 157 203 229
0.2763 0.3277 1.0684 161 206 235
0.2827 0.3277 1.0684 155 199 226
0.2892 0.3277 1.0684 147 194 220
0.2956 0.3277 1.0684 154 201 229
0.3020 0.3277 1.0684 150 196 222
0.3084 0.3277 1.0684 157 203 229
0.3149 0.3277 1.0684 150 196 222
0.3213 0.3277 1.0684 161 207 233
0.3277 0.3277 1.0684 142 188 214
0.3341 0.3277 1.0684 156 204 227
0.3406 0.3277 1.0684 148 195 221
0.3470 0.3277 1.0684 152 199 227
0.3534 0.3277 1.0684 152 199 225
0.3598 0.3277 1.0684 150 195 224
0.3663 0.3277 1.0684 152 197 226
0.3727 0.3277 1.0684 160 205 234
0.3791 0.3277 1.0684 154 198 227
0.3855 0.3277 1.0684 159 206 234
0.3920 0.3277 1.0684 161 211 236
0.3984 0.3277 1.0684 157 207 232
0.4048 0.3277 1.0684 156 203 229
0.4112 0.3277 1.0684 157 203 229
0.4177 0.3277 1.0684 147 194 220
0.4241 0.3277 1.0684 151 198 224
0.4305 0.3277 1.0684 157 203 227
0.4369 0.3277 1.0684 158 204 230
0.4434 0.3277 1.0684 150 197 223
0.4498 0.3277 1.0684 159 206 234
0.4562 0.3277 1.0684 158 205 233
0.4626 0.3277 1.0684 150 196 222
0.4691 0.3277 1.0684 154 198 225
0.4755 0.3277 1.0684 151 198 226
0.4819 0.3277 1.0684 159 202 234
0.4883 0.3277 1.0684 152 197 228
0.4948 0.3277 1.0684 154 199 222
0.5012 0.3277 1.0684 144 190 216
0.5076 0.3277 1.0684 151 196 227
0.5141 0.3277 1.0684 149 196 222
0.5205 0.3277 1.0684 155 201 227
0.5269 0.3277 1.0684 154 200 226
0.5333 0.3277 1.0684 156 203 229
0.5398 0.3277 1.0684 146 196 221
0.5462 0.3277 1.0684 154 200 226
0.5526 0.3277 1.0684 159 203 230
0.5590 0.3277 1.0684 164 212 235
0.5655 0.3277 1.0684 158 205 233
0.5719 0.3277 1.0684 156 204 227
0.5783 0.3277 1.0684 154 204 231
0.5847 0.3277 1.0684 152 197 226
0.5912 0.3277 1.0684 146 192 218
0.5976 0.3277 1.0684 153 203 228
0.6040 0.3277 1.0684 156 202 228
0.6104 0.3277 1.0684 162 208 234
-0.6169 0.3213 1.0684 151 198 224
-0.6104 0.3213 1.0684 153 197 224
-0.6040 0.3213 1.0684 155 202 228
-0.5976 0.3213 1.0684 155 203 226
-0.5912 0.3213 1.0684 143 190 218
-0.5847 0.3213 1.0684 146 193 219
-0.5783 0.3213 1.0684 157 204 230
-0.5719 0.3213 1.0684 156 202 226
-0.5655 0.3213 1.0684 156 203 229
-0.5590 0.3213 1.0684 159 205 231
-0.5526 0.3213 1.0684 153 203 226
-0.5462 0.3213 1.0684 152 199 225
-0.5398 0.3213 1.0684 155 201 225
-0.5333 0.3213 1.0684 152 200 223
-0.5269 0.3213 1.0684 159 205 228
-0.5205 0.3213 1.0684 154 202 224
-0.5141 0.3213 1.0684 157 203 229
-0.5076 0.3213 1.0684 154 201 227
-0.5012 0.3213 1.0684 156 206 229
-0.4948 0.3213 1.0684 149 201 225
-0.4883 0.3213 1.0684 154 204 229
-0.4819 0.3213 1.0684 156 203 229
-0.4755 0.3213 1.0684 158 203 224
-0.4691 0.3213 1.0684 157 204 230
-0.4626 0.3213 1.0684 158 204 228
-0.4562 0.3213 1.0684 154 198 225
-0.4498 0.3213 1.0684 160 203 235
-0.4434 0.3213 1.0684 154 199 228
-0.4369 0.3213 1.0684 156 202 228
-0.4305 0.3213 1.0684 152 198 224
-0.4241 0.3213 1.0684 150 196 222
-0.4177 0.3213 1.0684 154 200 224
-0.4112 0.3213 1.0684 160 204 231
-0.4048 0.3213 1.0684 164 210 234
-0.3984 0.3213 1.0684 153 201 224
-0.3920 0.3213 1.0684 158 205 231
-0.3855 0.3213 1.0684 146 193 219
-0.3791 0.3213 1.0684 148 193 222
-0.3727 0.3213 1.0684 152 199 225
-0.3663 0.3213 1.0684 160 205 234
-0.3598 0.3213 1.0684 155 201 227
-0.3534 0.3213 1.0684 152 198 222
-0.3470 0.3213 1.0684 155 201 227
-0.3406 0.3213 1.0684 149 195 221
-0.3341 0.3213 1.0684 153 200 226
-0.3277 0.3213 1.0684 158 208 235
-0.3213 0.3213 1.0684 152 199 229
-0.3149 0.3213 1.0684 156 202 228
-0.3084 0.3213 1.0684 156 204 227
-0.3020 0.3213 1.0684 158 205 231
-0.2956 0.3213 1.0684 157 204 232
-0.2892 0.3213 1.0684 158 205 233
-0.2827 0.3213 1.0684 152 199 227
-0.2763 0.3213 1.0684 158 203 232
-0.2699 0.3213 1.0684 150 197 223
-0.2635 0.3213 1.0684 156 203 229
-0.2570 0.3213 1.0684 155 202 230
-0.2506 0.3213 1.0684 158 205 231
-0.2442 0.3213 1.0684 152 198 222
-0.2377 0.3213 1.0684 149 193 222
-0.2313 0.3213 1.0684 159 205 229
-0.2249 0.3213 1.0684 162 208 232
-0.2185 0.3213 1.0684 158 205 231
-0.2120 0.3213 1.0684 149 196 226
-0.2056 0.3213 1.0684 158 205 231
-0.1992 0.3213 1.0684 153 199 225
-0.1928 0.3213 1.0684 154 201 227
-0.1863 0.3213 1.0684 150 200 227
-0.1799 0.3213 1.0684 153 197 224
-0.1735 0.3213 1.0684 154 200 226
-0.1671 0.3213 1.0684 155 201 227
-0.1606 0.3213 1.0684 149 195 221
-0.1542 0.3213 1.0684 151 197 221
-0.1478 0.3213 1.0684 148 195 223
-0.1414 0.3213 1.0684 152 201 231
-0.1349 0.3213 1.0684 157 203 229
-0.1285 0.3213 1.0684 155 201 225
-0.1221 0.3213 1.0684 162 208 234
-0.1157 0.3213 1.0684 153 196 228
-0.1092 0.3213 1.0684 156 201 230
-0.1028 0.3213 1.0684 156 203 231
-0.0964 0.3213 1.0684 152 202 227
-0.0900 0.3213 1.0684 157 203 226
-0.0835 0.3213 1.0684 150 194 221
-0.0771 0.3213 1.0684 156 203 229
-0.0707 0.3213 1.0684 161 208 236
-0.0643 0.3213 1.0684 159 204 233
-0.0578 0.3213 1.0684 154 199 228
-0.0514 0.3213 1.0684 154 198 227
-0.0450 0.3213 1.0684 155 201 227
-0.0386 0.3213 1.0684 152 200 223
-0.0321 0.3213 1.0684 159 205 229
-0.0257 0.3213 1.0684 156 202 228
-0.0193 0.3213 1.0684 158 204 228
-0.0129 0.3213 1.0684 155 201 227
-0.0064 0.3213 1.0684 156 202 228
0.0000 0.3213 1.0684 148 194 220
0.0064 0.3213 1.0684 158 206 229
0.0129 0.3213 1.0684 158 206 228
0.0193 0.3213 1.0684 149 195 219
0.0257 0.3213 1.0684 154 198 225
0.0321 0.3213 1.0684 153 197 224
0.0386 0.3213 1.0684 156 202 228
0.0450 0.3213 1.0684 157 204 232
0.0514 0.3213 1.0684 160 210 235
0.0578 0.3213 1.0684 156 204 227
0.0643 0.3213 1.0684 158 204 228
0.0707 0.3213 1.0684 165 213 235
0.0771 0.3213 1.0684 150 197 223
0.0835 0.3213 1.0684 158 205 231
0.0900 0.3213 1.0684 158 202 227
0.0964 0.3213 1.0684 155 201 225
0.1028 0.3213 1.0684 162 212 235
0.1092 0.3213 1.0684 160 205 234
0.1157 0.3213 1.0684 158 205 231
0.1221 0.3213 1.0684 158 205 233
0.1285 0.3213 1.0684 155 200 229
0.1349 0.3213 1.0684 157 203 229
0.1414 0.3213 1.0684 162 208 234
0.1478 0.3213 1.0684 152 196 223
0.1542 0.3213 1.0684 152 199 225
0.1606 0.3213 1.0684 153 200 226
0.1671 0.3213 1.0684 156 202 228
0.1735 0.3213 1.0684 156 200 229
0.1799 0.3213 1.0684 153 199 225
0.1863 0.3213 1.0684 160 207 233
0.1928 0.3213 1.0684 154 201 229
0.1992 0.3213 1.0684 152 199 225
0.2056 0.3213 1.0684 158 205 233
0.2120 0.3213 1.0684 154 199 228
0.2185 0.3213 1.0684 166 212 238
0.2249 0.3213 1.0684 156 202 228
0.2313 0.3213 1.0684 146 197 218
0.2377 0.3213 1.0684 151 201 226
0.2442 0.3213 1.0684 155 201 225
0.2506 0.3213 1.0684 150 197 223
0.2570 0.3213 1.0684 158 204 230
0.2635 0.3213 1.0684 148 195 221
0.2699 0.3213 1.0684 158 204 230
0.2763 0.3213 1.0684 161 206 235
0.2827 0.3213 1.0684 144 191 219
0.2892 0.3213 1.0684 159 207 230
0.2956 0.3213 1.0684 154 206 227
0.3020 0.3213 1.0684 158 204 230
0.3084 0.3213 1.0684 155 201 227
0.3149 0.3213 1.0684 161 207 233
0.3213 0.3213 1.0684 154 200 226
0.3277 0.3213 1.0684 153 199 223
0.3341 0.3213 1.0684 158 206 229
0.3406 0.3213 1.0684 155 202 228
0.3470 0.3213 1.0684 157 204 230
0.3534 0.3213 1.0684 157 205 228
0.3598 0.3213 1.0684 157 204 232
0.3663 0.3213 1.0684 151 198 226
0.3727 0.3213 1.0684 157 202 231
0.3791 0.3213 1.0684 152 199 227
0.3855 0.3213 1.0684 147 194 220
0.3920 0.3213 1.0684 151 198 224
0.3984 0.3213 1.0684 147 197 222
0.4048 0.3213 1.0684 148 198 223
0.4112 0.3213 1.0684 153 199 225
0.4177 0.3213 1.0684 161 208 234
0.4241 0.3213 1.0684 157 204 230
0.4305 0.3213 1.0684 152 200 223
0.4369 0.3213 1.0684 162 212 237
0.4434 0.3213 1.0684 159 206 234
0.4498 0.3213 1.0684 156 203 229
0.4562 0.3213 1.0684 151 198 228
0.4626 0.3213 1.0684 155 201 227
0.4691 0.3213 1.0684 155 199 226
0.4755 0.3213 1.0684 159 205 238
0.4819 0.3213 1.0684 160 207 235
0.4883 0.3213 1.0684 151 199 222
0.4948 0.3213 1.0684 154 201 227
0.5012 0.3213 1.0684 164 210 234
0.5076 0.3213 1.0684 157 204 230
0.5141 0.3213 1.0684 162 208 234
0.5205 0.3213 1.0684 158 204 228
0.5269 0.3213 1.0684 156 204 227
0.5333 0.3213 1.0684 165 215 240
0.5398 0.3213 1.0684 153 200 226
0.5462 0.3213 1.0684 155 199 226
0.5526 0.3213 1.0684 158 202 229
0.5590 0.3213 1.0684 151 199 222
0.5655 0.3213 1.0684 155 201 227
0.5719 0.3213 1.0684 157 202 231
0.5783 0.3213 1.0684 156 203 231
0.5847 0.3213 1.0684 148 193 222
0.5912 0.3213 1.0684 158 205 231
0.5976 0.3213 1.0684 155 201 227
0.6040 0.3213 1.0684 151 197 223
0.6104 0.3213 1.0684 159 205 229
-0.6169 0.3149 1.0684 149 201 223
-0.6104 0.3149 1.0684 155 194 223
-0.6040 0.3149 1.0684 147 191 218
-0.5976 0.3149 1.0684 156 207 234
-0.5912 0.3149 1.0684 159 205 231
-0.5847 0.3149 1.0684 154 202 225
-0.5783 0.3149 1.0684 152 200 223
-0.5719 0.3149 1.0684 159 203 228
-0.5655 0.3149 1.0684 147 193 219
-0.5590 0.3149 1.0684 155 196 224
-0.5526 0.3149 1.0684 150 200 223
-0.5462 0.3149 1.0684 156 206 231
-0.5398 0.3149 1.0684 156 203 229
-0.5333 0.3149 1.0684 155 202 228
-0.5269 0.3149 1.0684 154 199 230
-0.5205 0.3149 1.0684 152 199 229
-0.5141 0.3149 1.0684 156 206 231
-0.5076 0.3149 1.0684 153 200 228
-0.5012 0.3149 1.0684 157 207 230
-0.4948 0.3149 1.0684 148 195 223
-0.4883 0.3149 1.0684 156 201 230
-0.4819 0.3149 1.0684 151 198 224
-0.4755 0.3149 1.0684 155 203 225
-0.4691 0.3149 1.0684 155 203 226
-0.4626 0.3149 1.0684 158 202 229
-0.4562 0.3149 1.0684 162 212 235
-0.4498 0.3149 1.0684 154 201 227
-0.4434 0.3149 1.0684 160 206 232
-0.4369 0.3149 1.0684 147 194 220
-0.4305 0.3149 1.0684 150 197 223
-0.4241 0.3149 1.0684 156 202 228
-0.4177 0.3149 1.0684 153 201 224
-0.4112 0.3149 1.0684 165 211 235
-0.4048 0.3149 1.0684 150 198 221
-0.3984 0.3149 1.0684 159 207 230
-0.3920 0.3149 1.0684 154 200 226
-0.3855 0.3149 1.0684 154 198 227
-0.3791 0.3149 1.0684 154 198 225
-0.3727 0.3149 1.0684 151 198 224
-0.3663 0.3149 1.0684 150 197 223
-0.3598 0.3149 1.0684 155 201 225
-0.3534 0.3149 1.0684 152 198 221
-0.3470 0.3149 1.0684 152 198 221
-0.3406 0.3149 1.0684 147 193 216
-0.3341 0.3149 1.0684 153 198 227
-0.3277 0.3149 1.0684 154 201 227
-0.3213 0.3149 1.0684 151 198 224
-0.3149 0.3149 1.0684 153 198 227
-0.3084 0.3149 1.0684 154 200 226
-0.3020 0.3149 1.0684 151 197 223
-0.2956 0.3149 1.0684 157 203 229
-0.2892 0.3149 1.0684 155 203 226
-0.2827 0.3149 1.0684 152 199 225
-0.2763 0.3149 1.0684 147 191 218
-0.2699 0.3149 1.0684 156 203 229
-0.2635 0.3149 1.0684 145 192 218
-0.2570 0.3149 1.0684 156 203 229
-0.2506 0.3149 1.0684 160 208 231
-0.2442 0.3149 1.0684 154 201 227
-0.2377 0.3149 1.0684 157 201 228
-0.2313 0.3149 1.0684 156 204 227
-0.2249 0.3149 1.0684 163 207 232
-0.2185 0.3149 1.0684 156 203 229
-0.2120 0.3149 1.0684 158 205 233
-0.2056 0.3149 1.0684 150 197 223
-0.1992 0.3149 1.0684 154 200 224
-0.1928 0.3149 1.0684 155 199 226
-0.1863 0.3149 1.0684 150 195 224
-0.1799 0.3149 1.0684 160 206 232
-0.1735 0.3149 1.0684 149 194 223
-0.1671 0.3149 1.0684 156 201 230
-0.1606 0.3149 1.0684 151 197 223
-0.1542 0.3149 1.0684 155 202 230
-0.1478 0.3149 1.0684 153 199 225
-0.1414 0.3149 1.0684 154 200 226
-0.1349 0.3149 1.0684 154 200 226
-0.1285 0.3149 1.0684 157 204 230
-0.1221 0.3149 1.0684 163 207 234
-0.1157 0.3149 1.0684 160 201 231
-0.1092 0.3149 1.0684 156 200 227
-0.1028 0.3149 1.0684 164 211 237
-0.0964 0.3149 1.0684 152 202 227
-0.0900 0.3149 1.0684 151 197 223
-0.0835 0.3149 1.0684 157 199 224
-0.0771 0.3149 1.0684 160 206 229
-0.0707 0.3149 1.0684 152 199 225
-0.0643 0.3149 1.0684 153 199 223
-0.0578 0.3149 1.0684 158 204 228
-0.0514 0.3149 1.0684 151 195 224
-0.0450 0.3149 1.0684 153 199 225
-0.0386 0.3149 1.0684 149 197 220
-0.0321 0.3149 1.0684 151 197 223
-0.0257 0.3149 1.0684 153 199 223
-0.0193 0.3149 1.0684 156 202 226
-0.0129 0.3149 1.0684 156 200 225
-0.0064 0.3149 1.0684 158 202 229
0.0000 0.3149 1.0684 153 198 227
0.0064 0.3149 1.0684 153 198 227
0.0129 0.3149 1.0684 157 203 227
0.0193 0.3149 1.0684 162 208 232
0.0257 0.3149 1.0684 151 198 224
0.0321 0.3149 1.0684 159 205 231
0.0386 0.3149 1.0684 154 198 225
0.0450 0.3149 1.0684 156 203 233
0.0514 0.3149 1.0684 151 201 226
0.0578 0.3149 1.0684 162 210 233
0.0643 0.3149 1.0684 156 202 226
0.0707 0.3149 1.0684 160 206 230
0.0771 0.3149 1.0684 148 195 221
0.0835 0.3149 1.0684 155 202 228
0.0900 0.3149 1.0684 158 202 229
0.0964 0.3149 1.0684 152 198 222
0.1028 0.3149 1.0684 157 204 230
0.1092 0.3149 1.0684 160 205 234
0.1157 0.3149 1.0684 148 195 221
0.1221 0.3149 1.0684 151 197 221
0.1285 0.3149 1.0684 149 197 220
0.1349 0.3149 1.0684 161 208 234
0.1414 0.3149 1.0684 159 204 233
0.1478 0.3149 1.0684 154 200 226
0.1542 0.3149 1.0684 155 201 225
0.1606 0.3149 1.0684 162 208 234
0.1671 0.3149 1.0684 156 201 230
0.1735 0.3149 1.0684 161 206 235
0.1799 0.3149 1.0684 152 198 224
0.1863 0.3149 1.0684 154 200 226
0.1928 0.3149 1.0684 159 204 233
0.1992 0.3149 1.0684 166 212 238
0.2056 0.3149 1.0684 166 210 237
0.2120 0.3149 1.0684 157 203 229
0.2185 0.3149 1.0684 158 206 229
0.2249 0.3149 1.0684 148 195 221
0.2313 0.3149 1.0684 153 199 225
0.2377 0.3149 1.0684 154 204 231
0.2442 0.3149 1.0684 154 200 224
0.2506 0.3149 1.0684 152 196 221
0.2570 0.3149 1.0684 152 196 223
0.2635 0.3149 1.0684 155 202 228
0.2699 0.3149 1.0684 153 199 225
0.2763 0.3149 1.0684 159 205 231
0.2827 0.3149 1.0684 149 199 224
0.2892 0.3149 1.0684 154 200 224
0.2956 0.3149 1.0684 156 202 228
0.3020 0.3149 1.0684 151 198 224
0.3084 0.3149 1.0684 151 197 223
0.3149 0.3149 1.0684 152 198 224
0.3213 0.3149 1.0684 167 214 240
0.3277 0.3149 1.0684 159 205 229
0.3341 0.3149 1.0684 169 215 241
0.3406 0.3149 1.0684 157 203 229
0.3470 0.3149 1.0684 157 203 229
0.3534 0.3149 1.0684 154 200 224
0.3598 0.3149 1.0684 152 202 227
0.3663 0.3149 1.0684 148 195 221
0.3727 0.3149 1.0684 157 203 229
0.3791 0.3149 1.0684 150 197 223
0.3855 0.3149 1.0684 150 196 222
0.3920 0.3149 1.0684 158 204 228
0.3984 0.3149 1.0684 154 200 224
0.4048 0.3149 1.0684 167 214 240
0.4112 0.3149 1.0684 158 206 229
0.4177 0.3149 1.0684 155 203 226
0.4241 0.3149 1.0684 148 195 221
0.4305 0.3149 1.0684 149 195 221
0.4369 0.3149 1.0684 152 197 228
0.4434 0.3149 1.0684 155 201 224
0.4498 0.3149 1.0684 157 201 230
0.4562 0.3149 1.0684 154 200 226
0.4626 0.3149 1.0684 153 198 227
0.4691 0.3149 1.0684 153 197 222
0.4755 0.3149 1.0684 154 200 226
0.4819 0.3149 1.0684 148 193 222
0.4883 0.3149 1.0684 152 197 226
0.4948 0.3149 1.0684 155 206 225
0.5012 0.3149 1.0684 150 196 222
0.5076 0.3149 1.0684 151 198 228
0.5141 0.3149 1.0684 151 197 223
0.5205 0.3149 1.0684 147 195 218
0.5269 0.3149 1.0684 145 196 217
0.5333 0.3149 1.0684 154 205 226
0.5398 0.3149 1.0684 153 199 222
0.5462 0.3149 1.0684 157 201 226
0.5526 0.3149 1.0684 153 197 224
0.5590 0.3149 1.0684 151 195 222
0.5655 0.3149 1.0684 154 200 224
0.5719 0.3149 1.0684 157 207 234
0.5783 0.3149 1.0684 145 195 220
0.5847 0.3149 1.0684 168 214 240
0.5912 0.3149 1.0684 153 200 226
0.5976 0.3149 1.0684 154 198 225
0.6040 0.3149 1.0684 146 191 220
0.6104 0.3149 1.0684 159 205 231
-0.6169 0.3084 1.0684 151 201 226
-0.6104 0.3084 1.0684 173 214 242
-0.6040 0.3084 1.0684 154 200 226
-0.5976 0.3084 1.0684 152 199 225
-0.5912 0.3084 1.0684 151 195 222
-0.5847 0.3084 1.0684 157 203 229
-0.5783 0.3084 1.0684 153 199 223
-0.5719 0.3084 1.0684 153 201 223
-0.5655 0.3084 1.0684 158 202 227
-0.5590 0.3084 1.0684 157 202 231
-0.5526 0.3084 1.0684 162 208 232
-0.5462 0.3084 1.0684 154 200 224
-0.5398 0.3084 1.0684 154 199 228
-0.5333 0.3084 1.0684 150 198 221
-0.5269 0.3084 1.0684 153 200 228
-0.5205 0.3084 1.0684 151 199 222
-0.5141 0.3084 1.0684 159 205 228
-0.5076 0.3084 1.0684 155 202 228
-0.5012 0.3084 1.0684 155 202 228
-0.4948 0.3084 1.0684 160 204 231
-0.4883 0.3084 1.0684 162 207 236
-0.4819 0.3084 1.0684 154 203 233
-0.4755 0.3084 1.0684 154 198 223
-0.4691 0.3084 1.0684 155 206 225
-0.4626 0.3084 1.0684 155 201 227
-0.4562 0.3084 1.0684 156 203 229
-0.4498 0.3084 1.0684 160 208 231
-0.4434 0.3084 1.0684 160 206 232
-0.4369 0.3084 1.0684 158 205 233
-0.4305 0.3084 1.0684 150 197 225
-0.4241 0.3084 1.0684 157 204 232
-0.4177 0.3084 1.0684 144 194 221
-0.4112 0.3084 1.0684 153 201 224
-0.4048 0.3084 1.0684 154 201 227
-0.3984 0.3084 1.0684 156 203 229
-0.3920 0.3084 1.0684 154 200 224
-0.3855 0.3084 1.0684 155 201 224
-0.3791 0.3084 1.0684 162 206 231
-0.3727 0.3084 1.0684 152 198 224
-0.3663 0.3084 1.0684 150 200 225
-0.3598 0.3084 1.0684 156 204 227
-0.3534 0.3084 1.0684 157 201 226
-0.3470 0.3084 1.0684 158 204 228
-0.3406 0.3084 1.0684 146 190 217
-0.3341 0.3084 1.0684 155 200 229
-0.3277 0.3084 1.0684 156 201 230
-0.3213 0.3084 1.0684 154 198 225
-0.3149 0.3084 1.0684 165 211 237
-0.3084 0.3084 1.0684 152 199 229
-0.3020 0.3084 1.0684 158 206 229
-0.2956 0.3084 1.0684 146 194 216
-0.2892 0.3084 1.0684 161 207 233
-0.2827 0.3084 1.0684 160 208 231
-0.2763 0.3084 1.0684 148 193 222
-0.2699 0.3084 1.0684 154 204 231
-0.2635 0.3084 1.0684 149 196 222
-0.2570 0.3084 1.0684 153 197 224
-0.2506 0.3084 1.0684 158 202 229
-0.2442 0.3084 1.0684 147 199 223
-0.2377 0.3084 1.0684 157 203 229
-0.2313 0.3084 1.0684 158 202 227
-0.2249 0.3084 1.0684 156 200 229
-0.2185 0.3084 1.0684 152 198 224
-0.2120 0.3084 1.0684 161 209 232
-0.2056 0.3084 1.0684 152 200 223
-0.1992 0.3084 1.0684 158 204 230
-0.1928 0.3084 1.0684 158 202 231
-0.1863 0.3084 1.0684 162 203 231
-0.1799 0.3084 1.0684 152 199 225
-0.1735 0.3084 1.0684 154 202 225
-0.1671 0.3084 1.0684 150 194 223
-0.1606 0.3084 1.0684 156 203 231
-0.1542 0.3084 1.0684 145 190 219
-0.1478 0.3084 1.0684 149 193 218
-0.1414 0.3084 1.0684 160 206 230
-0.1349 0.3084 1.0684 155 200 229
-0.1285 0.3084 1.0684 155 205 228
-0.1221 0.3084 1.0684 151 199 222
-0.1157 0.3084 1.0684 148 194 220
-0.1092 0.3084 1.0684 156 201 224
-0.1028 0.3084 1.0684 155 196 224
-0.0964 0.3084 1.0684 153 200 226
-0.0900 0.3084 1.0684 156 206 229
-0.0835 0.3084 1.0684 150 198 220
-0.0771 0.3084 1.0684 159 203 228
-0.0707 0.3084 1.0684 157 202 231
-0.0643 0.3084 1.0684 158 203 232
-0.0578 0.3084 1.0684 152 199 225
-0.0514 0.3084 1.0684 150 200 225
-0.0450 0.3084 1.0684 153 199 225
-0.0386 0.3084 1.0684 156 202 228
-0.0321 0.3084 1.0684 152 199 227
-0.0257 0.3084 1.0684 154 200 226
-0.0193 0.3084 1.0684 150 195 224
-0.0129 0.3084 1.0684 152 197 226
-0.0064 0.3084 1.0684 150 196 222
0.0000 0.3084 1.0684 160 206 230
0.0064 0.3084 1.0684 157 201 226
0.0129 0.3084 1.0684 166 210 237
0.0193 0.3084 1.0684 153 199 225
0.0257 0.3084 1.0684 151 201 228
0.0321 0.3084 1.0684 154 201 229
0.0386 0.3084 1.0684 152 197 226
0.0450 0.3084 1.0684 155 200 229
0.0514 0.3084 1.0684 152 198 224
0.0578 0.3084 1.0684 149 195 221
0.0643 0.3084 1.0684 158 204 228
0.0707 0.3084 1.0684 155 199 224
0.0771 0.3084 1.0684 150 192 217
0.0835 0.3084 1.0684 156 202 226
0.0900 0.3084 1.0684 150 197 223
0.0964 0.3084 1.0684 150 196 222
0.1028 0.3084 1.0684 151 199 222
0.1092 0.3084 1.0684 157 203 229
0.1157 0.3084 1.0684 162 208 232
0.1221 0.3084 1.0684 148 195 221
0.1285 0.3084 1.0684 159 206 236
0.1349 0.3084 1.0684 158 203 232
0.1414 0.3084 1.0684 166 207 237
0.1478 0.3084 1.0684 158 203 232
0.1542 0.3084 1.0684 154 199 228
0.1606 0.3084 1.0684 157 198 228
0.1671 0.3084 1.0684 154 201 229
0.1735 0.3084 1.0684 155 202 230
0.1799 0.3084 1.0684 148 194 218
0.1863 0.3084 1.0684 162 208 232
0.1928 0.3084 1.0684 153 197 222
0.1992 0.3084 1.0684 155 200 231
0.2056 0.3084 1.0684 163 208 237
0.2120 0.3084 1.0684 151 197 223
0.2185 0.3084 1.0684 153 199 225
0.2249 0.3084 1.0684 150 197 225
0.2313 0.3084 1.0684 150 194 221
0.2377 0.3084 1.0684 145 190 219
0.2442 0.3084 1.0684 161 206 235
0.2506 0.3084 1.0684 155 200 229
0.2570 0.3084 1.0684 149 199 226
0.2635 0.3084 1.0684 150 197 225
0.2699 0.3084 1.0684 158 202 229
0.2763 0.3084 1.0684 158 203 232
0.2827 0.3084 1.0684 152 204 228
0.2892 0.3084 1.0684 143 193 216
0.2956 0.3084 1.0684 154 200 224
0.3020 0.3084 1.0684 156 202 228
0.3084 0.3084 1.0684 155 205 228
0.3149 0.3084 1.0684 152 202 225
0.3213 0.3084 1.0684 152 202 225
0.3277 0.3084 1.0684 159 205 228
0.3341 0.3084 1.0684 160 206 230
0.3406 0.3084 1.0684 140 187 215
0.3470 0.3084 1.0684 152 199 225
0.3534 0.3084 1.0684 157 203 229
0.3598 0.3084 1.0684 143 189 215
0.3663 0.3084 1.0684 151 197 221
0.3727 0.3084 1.0684 151 197 221
0.3791 0.3084 1.0684 156 201 230
0.3855 0.3084 1.0684 152 197 226
0.3920 0.3084 1.0684 159 205 231
0.3984 0.3084 1.0684 154 200 226
0.4048 0.3084 1.0684 154 201 227
0.4112 0.3084 1.0684 154 200 224
0.4177 0.3084 1.0684 155 201 225
0.4241 0.3084 1.0684 153 197 222
0.4305 0.3084 1.0684 161 207 233
0.4369 0.3084 1.0684 158 204 230
0.4434 0.3084 1.0684 154 198 223
0.4498 0.3084 1.0684 156 200 225
0.4562 0.3084 1.0684 163 207 234
0.4626 0.3084 1.0684 153 197 224
0.4691 0.3084 1.0684 155 201 227
0.4755 0.3084 1.0684 158 205 231
0.4819 0.3084 1.0684 154 201 229
0.4883 0.3084 1.0684 159 204 233
0.4948 0.3084 1.0684 149 195 221
0.5012 0.3084 1.0684 150 200 225
0.5076 0.3084 1.0684 155 200 229
0.5141 0.3084 1.0684 157 198 228
0.5205 0.3084 1.0684 157 203 227
0.5269 0.3084 1.0684 153 199 223
0.5333 0.3084 1.0684 163 209 235
0.5398 0.3084 1.0684 151 195 222
0.5462 0.3084 1.0684 152 196 221
0.5526 0.3084 1.0684 153 197 224
0.5590 0.3084 1.0684 153 198 227
0.5655 0.3084 1.0684 154 202 225
0.5719 0.3084 1.0684 151 198 224
0.5783 0.3084 1.0684 157 203 227
0.5847 0.3084 1.0684 153 194 222
0.5912 0.3084 1.0684 157 201 226
0.5976 0.3084 1.0684 160 204 231
0.6040 0.3084 1.0684 156 202 228
0.6104 0.3084 1.0684 158 205 231
-0.6169 0.3020 1.0684 150 200 225
-0.6104 0.3020 1.0684 153 199 225
-0.6040 0.3020 1.0684 152 196 223
-0.5976 0.3020 1.0684 158 202 227
-0.5912 0.3020 1.0684 155 201 225
-0.5847 0.3020 1.0684 154 199 228
-0.5783 0.3020 1.0684 157 203 229
-0.5719 0.3020 1.0684 158 204 228
-0.5655 0.3020 1.0684 156 201 230
-0.5590 0.3020 1.0684 148 194 217
-0.5526 0.3020 1.0684 150 196 222
-0.5462 0.3020 1.0684 153 197 226
-0.5398 0.3020 1.0684 155 201 225
-0.5333 0.3020 1.0684 158 205 233
-0.5269 0.3020 1.0684 154 202 224
-0.5205 0.3020 1.0684 148 193 224
-0.5141 0.3020 1.0684 148 193 222
-0.5076 0.3020 1.0684 154 199 230
-0.5012 0.3020 1.0684 148 196 219
-0.4948 0.3020 1.0684 156 202 225
-0.4883 0.3020 1.0684 155 206 225
-0.4819 0.3020 1.0684 154 198 225
-0.4755 0.3020 1.0684 148 198 225
-0.4691 0.3020 1.0684 162 206 233
-0.4626 0.3020 1.0684 148 194 220
-0.4562 0.3020 1.0684 158 205 231
-0.4498 0.3020 1.0684 159 206 232
-0.4434 0.3020 1.0684 157 203 229
-0.4369 0.3020 1.0684 155 201 227
-0.4305 0.3020 1.0684 159 203 232
-0.4241 0.3020 1.0684 153 200 228
-0.4177 0.3020 1.0684 149 195 221
-0.4112 0.3020 1.0684 156 202 226
-0.4048 0.3020 1.0684 156 202 226
-0.3984 0.3020 1.0684 150 197 223
-0.3920 0.3020 1.0684 158 206 229
-0.3855 0.3020 1.0684 155 201 225
-0.3791 0.3020 1.0684 153 197 224
-0.3727 0.3020 1.0684 161 207 233
-0.3663 0.3020 1.0684 152 199 225
-0.3598 0.3020 1.0684 150 197 223
-0.3534 0.3020 1.0684 153 197 224
-0.3470 0.3020 1.0684 156 204 227
-0.3406 0.3020 1.0684 155 201 225
-0.3341 0.3020 1.0684 152 198 222
-0.3277 0.3020 1.0684 153 201 224
-0.3213 0.3020 1.0684 149 197 220
-0.3149 0.3020 1.0684 149 197 220
-0.3084 0.3020 1.0684 151 197 221
-0.3020 0.3020 1.0684 154 196 221
-0.2956 0.3020 1.0684 156 202 228
-0.2892 0.3020 1.0684 153 203 228
-0.2827 0.3020 1.0684 149 199 222
-0.2763 0.3020 1.0684 154 199 228
-0.2699 0.3020 1.0684 151 198 224
-0.2635 0.3020 1.0684 146 192 218
-0.2570 0.3020 1.0684 162 206 233
-0.2506 0.3020 1.0684 150 200 225
-0.2442 0.3020 1.0684 155 201 227
-0.2377 0.3020 1.0684 152 204 228
-0.2313 0.3020 1.0684 157 203 227
-0.2249 0.3020 1.0684 151 198 226
-0.2185 0.3020 1.0684 157 203 229
-0.2120 0.3020 1.0684 157 201 228
-0.2056 0.3020 1.0684 149 197 220
-0.1992 0.3020 1.0684 154 201 227
-0.1928 0.3020 1.0684 151 198 224
-0.1863 0.3020 1.0684 158 205 231
-0.1799 0.3020 1.0684 156 200 225
-0.1735 0.3020 1.0684 157 205 228
-0.1671 0.3020 1.0684 154 199 228
-0.1606 0.3020 1.0684 155 199 228
-0.1542 0.3020 1.0684 154 200 224
-0.1478 0.3020 1.0684 155 201 225
-0.1414 0.3020 1.0684 156 202 228
-0.1349 0.3020 1.0684 153 198 227
-0.1285 0.3020 1.0684 155 199 228
-0.1221 0.3020 1.0684 153 199 223
-0.1157 0.3020 1.0684 157 205 227
-0.1092 0.3020 1.0684 155 205 228
-0.1028 0.3020 1.0684 149 199 224
-0.0964 0.3020 1.0684 158 208 231
-0.0900 0.3020 1.0684 154 201 227
-0.0835 0.3020 1.0684 156 199 231
-0.0771 0.3020 1.0684 151 197 223
-0.0707 0.3020 1.0684 155 202 228
-0.0643 0.3020 1.0684 153 201 224
-0.0578 0.3020 1.0684 150 198 221
-0.0514 0.3020 1.0684 152 202 227
-0.0450 0.3020 1.0684 159 205 231
-0.0386 0.3020 1.0684 154 200 226
-0.0321 0.3020 1.0684 155 202 228
-0.0257 0.3020 1.0684 155 202 230
-0.0193 0.3020 1.0684 158 205 231
-0.0129 0.3020 1.0684 153 199 223
-0.0064 0.3020 1.0684 154 200 226
0.0000 0.3020 1.0684 149 196 224
0.0064 0.3020 1.0684 157 202 231
0.0129 0.3020 1.0684 159 204 233
0.0193 0.3020 1.0684 155 202 230
0.0257 0.3020 1.0684 160 208 231
0.0321 0.3020 1.0684 154 202 225
0.0386 0.3020 1.0684 155 202 228
0.0450 0.3020 1.0684 152 198 224
0.0514 0.3020 1.0684 155 201 227
0.0578 0.3020 1.0684 161 206 235
0.0643 0.3020 1.0684 152 199 227
0.0707 0.3020 1.0684 147 193 219
0.0771 0.3020 1.0684 159 203 232
0.0835 0.3020 1.0684 153 200 228
0.0900 0.3020 1.0684 148 200 224
0.0964 0.3020 1.0684 161 209 231
0.1028 0.3020 1.0684 157 201 226
0.1092 0.3020 1.0684 154 200 226
0.1157 0.3020 1.0684 156 202 226
0.1221 0.3020 1.0684 154 200 226
0.1285 0.3020 1.0684 150 195 224
0.1349 0.3020 1.0684 153 201 224
0.1414 0.3020 1.0684 153 201 224
0.1478 0.3020 1.0684 156 204 227
0.1542 0.3020 1.0684 147 193 219
0.1606 0.3020 1.0684 157 202 231
0.1671 0.3020 1.0684 154 199 228
0.1735 0.3020 1.0684 161 206 235
0.1799 0.3020 1.0684 153 199 223
0.1863 0.3020 1.0684 149 195 221
0.1928 0.3020 1.0684 156 201 230
0.1992 0.3020 1.0684 150 196 222
0.2056 0.3020 1.0684 153 200 226
0.2120 0.3020 1.0684 154 202 225
0.2185 0.3020 1.0684 154 200 224
0.2249 0.3020 1.0684 156 202 228
0.2313 0.3020 1.0684 162 208 232
0.2377 0.3020 1.0684 158 204 230
0.2442 0.3020 1.0684 154 200 226
0.2506 0.3020 1.0684 156 201 230
0.2570 0.3020 1.0684 158 197 226
0.2635 0.3020 1.0684 155 199 224
0.2699 0.3020 1.0684 144 194 217
0.2763 0.3020 1.0684 153 203 228
0.2827 0.3020 1.0684 157 204 232
0.2892 0.3020 1.0684 148 194 218
0.2956 0.3020 1.0684 150 194 221
0.3020 0.3020 1.0684 151 197 223
0.3084 0.3020 1.0684 154 195 227
0.3149 0.3020 1.0684 161 201 236
0.3213 0.3020 1.0684 150 193 225
0.3277 0.3020 1.0684 157 200 232
0.3341 0.3020 1.0684 159 205 229
0.3406 0.3020 1.0684 151 197 223
0.3470 0.3020 1.0684 156 203 229
0.3534 0.3020 1.0684 155 202 228
0.3598 0.3020 1.0684 150 197 223
0.3663 0.3020 1.0684 152 199 225
0.3727 0.3020 1.0684 157 203 226
0.3791 0.3020 1.0684 158 202 231
0.3855 0.3020 1.0684 157 202 231
0.3920 0.3020 1.0684 158 203 232
0.3984 0.3020 1.0684 156 202 228
0.4048 0.3020 1.0684 151 197 221
0.4112 0.3020 1.0684 164 210 236
0.4177 0.3020 1.0684 160 206 232
0.4241 0.3020 1.0684 152 198 224
0.4305 0.3020 1.0684 151 198 224
0.4369 0.3020 1.0684 151 197 223
0.4434 0.3020 1.0684 154 199 228
0.4498 0.3020 1.0684 157 204 232
0.4562 0.3020 1.0684 152 199 225
0.4626 0.3020 1.0684 149 197 220
0.4691 0.3020 1.0684 143 188 217
0.4755 0.3020 1.0684 157 203 229
0.4819 0.3020 1.0684 154 200 226
0.4883 0.3020 1.0684 144 190 216
0.4948 0.3020 1.0684 151 195 220
0.5012 0.3020 1.0684 155 203 226
0.5076 0.3020 1.0684 148 193 222
0.5141 0.3020 1.0684 154 199 228
0.5205 0.3020 1.0684 154 201 227
0.5269 0.3020 1.0684 164 210 236
0.5333 0.3020 1.0684 160 206 232
0.5398 0.3020 1.0684 159 209 232
0.5462 0.3020 1.0684 159 205 231
0.5526 0.3020 1.0684 151 192 222
0.5590 0.3020 1.0684 157 203 227
0.5655 0.3020 1.0684 155 200 229
0.5719 0.3020 1.0684 155 201 227
0.5783 0.3020 1.0684 153 199 225
0.5847 0.3020 1.0684 150 194 223
0.5912 0.3020 1.0684 157 201 228
0.5976 0.3020 1.0684 158 204 230
0.6040 0.3020 1.0684 148 195 223
0.6104 0.3020 1.0684 154 200 226
-0.6169 0.2956 1.0684 153 197 224
-0.6104 0.2956 1.0684 158 199 227
-0.6040 0.2956 1.0684 152 198 222
-0.5976 0.2956 1.0684 156 204 227
-0.5912 0.2956 1.0684 150 196 220
-0.5847 0.2956 1.0684 149 194 223
-0.5783 0.2956 1.0684 155 199 226
-0.5719 0.2956 1.0684 159 203 230
-0.5655 0.2956 1.0684 156 200 225
-0.5590 0.2956 1.0684 151 196 225
-0.5526 0.2956 1.0684 151 197 221
-0.5462 0.2956 1.0684 156 201 230
-0.5398 0.2956 1.0684 159 203 230
-0.5333 0.2956 1.0684 153 199 222
-0.5269 0.2956 1.0684 155 202 228
-0.5205 0.2956 1.0684 148 194 218
-0.5141 0.2956 1.0684 151 194 226
-0.5076 0.2956 1.0684 160 205 234
-0.5012 0.2956 1.0684 159 205 231
-0.4948 0.2956 1.0684 160 201 231
-0.4883 0.2956 1.0684 161 207 233
-0.4819 0.2956 1.0684 154 201 229
-0.4755 0.2956 1.0684 145 190 219
-0.4691 0.2956 1.0684 149 197 220
-0.4626 0.2956 1.0684 149 195 219
-0.4562 0.2956 1.0684 155 201 227
-0.4498 0.2956 1.0684 155 201 227
-0.4434 0.2956 1.0684 152 199 225
-0.4369 0.2956 1.0684 157 207 232
-0.4305 0.2956 1.0684 160 206 232
-0.4241 0.2956 1.0684 154 201 227
-0.4177 0.2956 1.0684 148 196 219
-0.4112 0.2956 1.0684 157 202 225
-0.4048 0.2956 1.0684 150 196 220
-0.3984 0.2956 1.0684 148 195 221
-0.3920 0.2956 1.0684 154 202 225
-0.3855 0.2956 1.0684 150 196 222
-0.3791 0.2956 1.0684 154 200 226
-0.3727 0.2956 1.0684 157 203 229
-0.3663 0.2956 1.0684 146 192 218
-0.3598 0.2956 1.0684 150 197 223
-0.3534 0.2956 1.0684 150 194 221
-0.3470 0.2956 1.0684 152 200 223
-0.3406 0.2956 1.0684 149 197 220
-0.3341 0.2956 1.0684 162 206 231
-0.3277 0.2956 1.0684 152 198 222
-0.3213 0.2956 1.0684 150 197 223
-0.3149 0.2956 1.0684 156 202 228
-0.3084 0.2956 1.0684 153 203 230
-0.3020 0.2956 1.0684 159 201 225
-0.2956 0.2956 1.0684 154 196 218
-0.2892 0.2956 1.0684 150 195 224
-0.2827 0.2956 1.0684 147 197 222
-0.2763 0.2956 1.0684 155 200 229
-0.2699 0.2956 1.0684 151 197 221
-0.2635 0.2956 1.0684 161 207 231
-0.2570 0.2956 1.0684 158 208 231
-0.2506 0.2956 1.0684 150 194 221
-0.2442 0.2956 1.0684 157 203 229
-0.2377 0.2956 1.0684 166 207 235
-0.2313 0.2956 1.0684 156 202 226
-0.2249 0.2956 1.0684 160 205 234
-0.2185 0.2956 1.0684 155 202 228
-0.2120 0.2956 1.0684 159 206 232
-0.2056 0.2956 1.0684 157 203 229
-0.1992 0.2956 1.0684 159 205 231
-0.1928 0.2956 1.0684 154 201 227
-0.1863 0.2956 1.0684 154 200 226
-0.1799 0.2956 1.0684 160 202 227
-0.1735 0.2956 1.0684 155 203 226
-0.1671 0.2956 1.0684 155 202 230
-0.1606 0.2956 1.0684 151 192 222
-0.1542 0.2956 1.0684 155 201 225
-0.1478 0.2956 1.0684 150 196 222
-0.1414 0.2956 1.0684 158 204 230
-0.1349 0.2956 1.0684 147 193 219
-0.1285 0.2956 1.0684 155 200 231
-0.1221 0.2956 1.0684 152 198 224
-0.1157 0.2956 1.0684 156 202 225
-0.1092 0.2956 1.0684 157 203 229
-0.1028 0.2956 1.0684 150 197 227
-0.0964 0.2956 1.0684 156 202 228
-0.0900 0.2956 1.0684 159 204 227
-0.0835 0.2956 1.0684 156 203 223
-0.0771 0.2956 1.0684 158 208 233
-0.0707 0.2956 1.0684 155 202 230
-0.0643 0.2956 1.0684 147 195 218
-0.0578 0.2956 1.0684 164 210 236
-0.0514 0.2956 1.0684 153 203 228
-0.0450 0.2956 1.0684 150 196 222
-0.0386 0.2956 1.0684 153 200 226
-0.0321 0.2956 1.0684 158 204 230
-0.0257 0.2956 1.0684 164 212 235
-0.0193 0.2956 1.0684 150 197 223
-0.0129 0.2956 1.0684 152 198 224
-0.0064 0.2956 1.0684 149 193 220
0.0000 0.2956 1.0684 153 199 225
0.0064 0.2956 1.0684 153 200 226
0.0129 0.2956 1.0684 157 204 230
0.0193 0.2956 1.0684 147 194 220
0.0257 0.2956 1.0684 151 197 223
0.0321 0.2956 1.0684 155 201 227
0.0386 0.2956 1.0684 151 196 225
0.0450 0.2956 1.0684 149 194 223
0.0514 0.2956 1.0684 148 194 220
0.0578 0.2956 1.0684 153 201 224
0.0643 0.2956 1.0684 153 203 226
0.0707 0.2956 1.0684 153 199 225
0.0771 0.2956 1.0684 154 198 225
0.0835 0.2956 1.0684 156 202 228
0.0900 0.2956 1.0684 149 194 223
0.0964 0.2956 1.0684 159 203 230
0.1028 0.2956 1.0684 154 198 225
0.1092 0.2956 1.0684 146 193 221
0.1157 0.2956 1.0684 152 204 226
0.1221 0.2956 1.0684 160 207 233
0.1285 0.2956 1.0684 161 202 232
0.1349 0.2956 1.0684 152 198 224
0.1414 0.2956 1.0684 150 197 225
0.1478 0.2956 1.0684 163 207 236
0.1542 0.2956 1.0684 149 195 221
0.1606 0.2956 1.0684 152 202 227
0.1671 0.2956 1.0684 166 207 237
0.1735 0.2956 1.0684 149 194 223
0.1799 0.2956 1.0684 153 200 228
0.1863 0.2956 1.0684 160 206 232
0.1928 0.2956 1.0684 157 203 229
0.1992 0.2956 1.0684 151 196 227
0.2056 0.2956 1.0684 155 202 228
0.2120 0.2956 1.0684 151 201 224
0.2185 0.2956 1.0684 147 194 220
0.2249 0.2956 1.0684 151 197 223
0.2313 0.2956 1.0684 156 202 226
0.2377 0.2956 1.0684 159 207 230
0.2442 0.2956 1.0684 153 199 223
0.2506 0.2956 1.0684 158 202 229
0.2570 0.2956 1.0684 156 202 228
0.2635 0.2956 1.0684 160 204 231
0.2699 0.2956 1.0684 157 198 228
0.2763 0.2956 1.0684 149 196 224
0.2827 0.2956 1.0684 154 200 226
0.2892 0.2956 1.0684 150 196 220
0.2956 0.2956 1.0684 153 199 225
0.3020 0.2956 1.0684 149 196 222
0.3084 0.2956 1.0684 151 196 225
0.3149 0.2956 1.0684 156 202 228
0.3213 0.2956 1.0684 156 204 227
0.3277 0.2956 1.0684 157 207 230
0.3341 0.2956 1.0684 156 202 225
0.3406 0.2956 1.0684 154 200 224
0.3470 0.2956 1.0684 152 198 224
0.3534 0.2956 1.0684 156 201 230
0.3598 0.2956 1.0684 152 199 225
0.3663 0.2956 1.0684 156 203 231
0.3727 0.2956 1.0684 158 204 228
0.3791 0.2956 1.0684 156 200 227
0.3855 0.2956 1.0684 150 196 222
0.3920 0.2956 1.0684 155 201 227
0.3984 0.2956 1.0684 155 201 227
0.4048 0.2956 1.0684 160 206 232
0.4112 0.2956 1.0684 157 201 228
0.4177 0.2956 1.0684 153 199 225
0.4241 0.2956 1.0684 154 201 227
0.4305 0.2956 1.0684 153 200 226
0.4369 0.2956 1.0684 156 200 227
0.4434 0.2956 1.0684 161 205 234
0.4498 0.2956 1.0684 153 197 226
0.4562 0.2956 1.0684 153 197 226
0.4626 0.2956 1.0684 165 213 236
0.4691 0.2956 1.0684 155 202 228
0.4755 0.2956 1.0684 154 198 223
0.4819 0.2956 1.0684 145 191 215
0.4883 0.2956 1.0684 152 196 223
0.4948 0.2956 1.0684 146 192 216
0.5012 0.2956 1.0684 158 202 227
0.5076 0.2956 1.0684 147 193 219
0.5141 0.2956 1.0684 152 199 225
0.5205 0.2956 1.0684 159 205 231
0.5269 0.2956 1.0684 151 197 223
0.5333 0.2956 1.0684 157 201 226
0.5398 0.2956 1.0684 162 203 233
0.5462 0.2956 1.0684 151 197 223
0.5526 0.2956 1.0684 162 209 235
0.5590 0.2956 1.0684 159 200 232
0.5655 0.2956 1.0684 156 201 230
0.5719 0.2956 1.0684 152 197 226
0.5783 0.2956 1.0684 152 198 224
0.5847 0.2956 1.0684 149 194 223
0.5912 0.2956 1.0684 155 200 229
0.5976 0.2956 1.0684 145 192 220
0.6040 0.2956 1.0684 152 199 227
0.6104 0.2956 1.0684 159 204 233
-0.6169 0.2892 1.0684 152 196 223
-0.6104 0.2892 1.0684 155 196 224
-0.6040 0.2892 1.0684 153 200 226
-0.5976 0.2892 1.0684 150 196 222
-0.5912 0.2892 1.0684 154 199 222
-0.5847 0.2892 1.0684 155 201 227
-0.5783 0.2892 1.0684 157 203 229
-0.5719 0.2892 1.0684 150 196 222
-0.5655 0.2892 1.0684 159 202 234
-0.5590 0.2892 1.0684 149 195 218
-0.5526 0.2892 1.0684 154 199 228
-0.5462 0.2892 1.0684 147 192 221
-0.5398 0.2892 1.0684 166 210 239
-0.5333 0.2892 1.0684 155 201 227
-0.5269 0.2892 1.0684 159 206 232
-0.5205 0.2892 1.0684 146 192 216
-0.5141 0.2892 1.0684 151 197 223
-0.5076 0.2892 1.0684 152 198 222
-0.5012 0.2892 1.0684 149 192 224
-0.4948 0.2892 1.0684 158 201 233
-0.4883 0.2892 1.0684 151 195 224
-0.4819 0.2892 1.0684 155 203 226
-0.4755 0.2892 1.0684 156 202 226
-0.4691 0.2892 1.0684 157 205 228
-0.4626 0.2892 1.0684 154 200 224
-0.4562 0.2892 1.0684 156 202 228
-0.4498 0.2892 1.0684 157 201 228
-0.4434 0.2892 1.0684 154 200 226
-0.4369 0.2892 1.0684 153 200 226
-0.4305 0.2892 1.0684 153 199 225
-0.4241 0.2892 1.0684 155 202 228
-0.4177 0.2892 1.0684 149 195 219
-0.4112 0.2892 1.0684 155 201 227
-0.4048 0.2892 1.0684 149 195 221
-0.3984 0.2892 1.0684 147 193 219
-0.3920 0.2892 1.0684 157 203 227
-0.3855 0.2892 1.0684 155 201 227
-0.3791 0.2892 1.0684 147 195 218
-0.3727 0.2892 1.0684 155 203 226
-0.3663 0.2892 1.0684 149 195 221
-0.3598 0.2892 1.0684 155 202 228
-0.3534 0.2892 1.0684 159 203 228
-0.3470 0.2892 1.0684 153 199 225
-0.3406 0.2892 1.0684 152 198 224
-0.3341 0.2892 1.0684 153 201 224
-0.3277 0.2892 1.0684 146 192 216
-0.3213 0.2892 1.0684 153 197 224
-0.3149 0.2892 1.0684 158 202 229
-0.3084 0.2892 1.0684 156 202 226
-0.3020 0.2892 1.0684 162 206 231
-0.2956 0.2892 1.0684 153 198 229
-0.2892 0.2892 1.0684 156 202 228
-0.2827 0.2892 1.0684 156 202 228
-0.2763 0.2892 1.0684 162 203 233
-0.2699 0.2892 1.0684 149 195 219
-0.2635 0.2892 1.0684 143 193 218
-0.2570 0.2892 1.0684 158 199 227
-0.2506 0.2892 1.0684 149 196 222
-0.2442 0.2892 1.0684 153 197 224
-0.2377 0.2892 1.0684 159 205 229
-0.2313 0.2892 1.0684 156 198 223
-0.2249 0.2892 1.0684 157 203 229
-0.2185 0.2892 1.0684 159 207 230
-0.2120 0.2892 1.0684 157 203 227
-0.2056 0.2892 1.0684 157 202 231
-0.1992 0.2892 1.0684 156 203 229
-0.1928 0.2892 1.0684 142 189 215
-0.1863 0.2892 1.0684 158 202 231
-0.1799 0.2892 1.0684 151 196 225
-0.1735 0.2892 1.0684 151 198 224
-0.1671 0.2892 1.0684 153 197 224
-0.1606 0.2892 1.0684 151 198 224
-0.1542 0.2892 1.0684 152 198 224
-0.1478 0.2892 1.0684 152 197 226
-0.1414 0.2892 1.0684 146 192 218
-0.1349 0.2892 1.0684 151 199 222
-0.1285 0.2892 1.0684 151 197 220
-0.1221 0.2892 1.0684 155 199 224
-0.1157 0.2892 1.0684 146 190 217
-0.1092 0.2892 1.0684 152 197 226
-0.1028 0.2892 1.0684 152 198 221
-0.0964 0.2892 1.0684 148 194 218
-0.0900 0.2892 1.0684 156 202 228
-0.0835 0.2892 1.0684 156 200 227
-0.0771 0.2892 1.0684 155 201 227
-0.0707 0.2892 1.0684 159 204 235
-0.0643 0.2892 1.0684 152 196 225
-0.0578 0.2892 1.0684 153 197 224
-0.0514 0.2892 1.0684 153 199 225
-0.0450 0.2892 1.0684 152 196 223
-0.0386 0.2892 1.0684 150 195 224
-0.0321 0.2892 1.0684 154 197 229
-0.0257 0.2892 1.0684 155 201 225
-0.0193 0.2892 1.0684 153 199 223
-0.0129 0.2892 1.0684 139 185 211
-0.0064 0.2892 1.0684 156 201 230
0.0000 0.2892 1.0684 165 211 237
0.0064 0.2892 1.0684 156 202 228
0.0129 0.2892 1.0684 158 205 231
0.0193 0.2892 1.0684 152 198 222
0.0257 0.2892 1.0684 155 201 227
0.0321 0.2892 1.0684 154 200 226
0.0386 0.2892 1.0684 154 200 226
0.0450 0.2892 1.0684 156 202 228
0.0514 0.2892 1.0684 156 202 226
0.0578 0.2892 1.0684 154 201 227
0.0643 0.2892 1.0684 150 197 225
0.0707 0.2892 1.0684 154 199 228
0.0771 0.2892 1.0684 150 196 222
0.0835 0.2892 1.0684 155 201 227
0.0900 0.2892 1.0684 151 195 224
0.0964 0.2892 1.0684 154 198 225
0.1028 0.2892 1.0684 154 201 227
0.1092 0.2892 1.0684 152 199 227
0.1157 0.2892 1.0684 155 201 225
0.1221 0.2892 1.0684 154 200 226
0.1285 0.2892 1.0684 144 188 215
0.1349 0.2892 1.0684 155 199 226
0.1414 0.2892 1.0684 146 191 220
0.1478 0.2892 1.0684 148 194 220
0.1542 0.2892 1.0684 150 198 221
0.1606 0.2892 1.0684 153 199 225
0.1671 0.2892 1.0684 154 199 228
0.1735 0.2892 1.0684 160 205 234
0.1799 0.2892 1.0684 154 200 224
0.1863 0.2892 1.0684 160 206 232
0.1928 0.2892 1.0684 147 192 221
0.1992 0.2892 1.0684 155 196 224
0.2056 0.2892 1.0684 158 203 232
0.2120 0.2892 1.0684 161 209 232
0.2185 0.2892 1.0684 154 201 229
0.2249 0.2892 1.0684 158 204 230
0.2313 0.2892 1.0684 153 199 225
0.2377 0.2892 1.0684 155 203 226
0.2442 0.2892 1.0684 153 199 223
0.2506 0.2892 1.0684 150 194 223
0.2570 0.2892 1.0684 158 204 230
0.2635 0.2892 1.0684 148 195 223
0.2699 0.2892 1.0684 156 203 231
0.2763 0.2892 1.0684 157 201 228
0.2827 0.2892 1.0684 154 200 226
0.2892 0.2892 1.0684 150 198 220
0.2956 0.2892 1.0684 158 205 231
0.3020 0.2892 1.0684 153 200 226
0.3084 0.2892 1.0684 151 196 227
0.3149 0.2892 1.0684 152 195 227
0.3213 0.2892 1.0684 161 202 230
0.3277 0.2892 1.0684 157 198 228
0.3341 0.2892 1.0684 158 203 226
0.3406 0.2892 1.0684 153 197 222
0.3470 0.2892 1.0684 147 193 219
0.3534 0.2892 1.0684 149 195 221
0.3598 0.2892 1.0684 150 196 220
0.3663 0.2892 1.0684 148 193 222
0.3727 0.2892 1.0684 151 197 223
0.3791 0.2892 1.0684 154 200 226
0.3855 0.2892 1.0684 153 199 223
0.3920 0.2892 1.0684 158 204 230
0.3984 0.2892 1.0684 153 199 225
0.4048 0.2892 1.0684 153 201 224
0.4112 0.2892 1.0684 158 199 227
0.4177 0.2892 1.0684 153 199 225
0.4241 0.2892 1.0684 152 200 223
0.4305 0.2892 1.0684 151 195 220
0.4369 0.2892 1.0684 147 193 216
0.4434 0.2892 1.0684 157 203 227
0.4498 0.2892 1.0684 149 194 223
0.4562 0.2892 1.0684 158 201 233
0.4626 0.2892 1.0684 150 194 221
0.4691 0.2892 1.0684 157 198 228
0.4755 0.2892 1.0684 156 202 226
0.4819 0.2892 1.0684 149 199 222
0.4883 0.2892 1.0684 157 204 230
0.4948 0.2892 1.0684 147 197 220
0.5012 0.2892 1.0684 146 190 215
0.5076 0.2892 1.0684 150 196 222
0.5141 0.2892 1.0684 156 204 227
0.5205 0.2892 1.0684 159 201 226
0.5269 0.2892 1.0684 154 198 225
0.5333 0.2892 1.0684 154 198 225
0.5398 0.2892 1.0684 151 193 218
0.5462 0.2892 1.0684 159 203 232
0.5526 0.2892 1.0684 145 190 219
0.5590 0.2892 1.0684 149 197 220
0.5655 0.2892 1.0684 158 203 232
0.5719 0.2892 1.0684 150 197 223
0.5783 0.2892 1.0684 150 198 221
0.5847 0.2892 1.0684 150 196 222
0.5912 0.2892 1.0684 159 203 230
0.5976 0.2892 1.0684 150 197 225
0.6040 0.2892 1.0684 151 201 228
0.6104 0.2892 1.0684 146 192 218
-0.6169 0.2827 1.0684 160 204 229
-0.6104 0.2827 1.0684 156 202 226
-0.6040 0.2827 1.0684 146 194 217
-0.5976 0.2827 1.0684 156 202 226
-0.5912 0.2827 1.0684 149 195 219
-0.5847 0.2827 1.0684 154 198 225
-0.5783 0.2827 1.0684 145 191 217
-0.5719 0.2827 1.0684 154 201 229
-0.5655 0.2827 1.0684 148 194 220
-0.5590 0.2827 1.0684 153 199 223
-0.5526 0.2827 1.0684 157 203 227
-0.5462 0.2827 1.0684 158 202 229
-0.5398 0.2827 1.0684 160 206 232
-0.5333 0.2827 1.0684 155 199 226
-0.5269 0.2827 1.0684 160 206 230
-0.5205 0.2827 1.0684 151 198 224
-0.5141 0.2827 1.0684 149 196 226
-0.5076 0.2827 1.0684 160 202 227
-0.5012 0.2827 1.0684 150 200 223
-0.4948 0.2827 1.0684 147 194 224
-0.4883 0.2827 1.0684 154 200 224
-0.4819 0.2827 1.0684 151 197 223
-0.4755 0.2827 1.0684 156 208 232
-0.4691 0.2827 1.0684 155 197 219
-0.4626 0.2827 1.0684 156 204 226
-0.4562 0.2827 1.0684 152 193 225
-0.4498 0.2827 1.0684 158 203 224
-0.4434 0.2827 1.0684 151 198 216
-0.4369 0.2827 1.0684 154 190 226
-0.4305 0.2827 1.0684 147 192 221
-0.4241 0.2827 1.0684 155 199 226
-0.4177 0.2827 1.0684 152 196 221
-0.4112 0.2827 1.0684 150 197 223
-0.4048 0.2827 1.0684 149 199 222
-0.3984 0.2827 1.0684 150 196 222
-0.3920 0.2827 1.0684 152 201 231
-0.3855 0.2827 1.0684 148 196 216
-0.3791 0.2827 1.0684 145 192 220
-0.3727 0.2827 1.0684 152 193 221
-0.3663 0.2827 1.0684 155 200 229
-0.3598 0.2827 1.0684 153 200 226
-0.3534 0.2827 1.0684 155 200 229
-0.3470 0.2827 1.0684 155 199 228
-0.3406 0.2827 1.0684 156 200 229
-0.3341 0.2827 1.0684 152 202 229
-0.3277 0.2827 1.0684 159 204 227
-0.3213 0.2827 1.0684 151 195 224
-0.3149 0.2827 1.0684 156 197 227
-0.3084 0.2827 1.0684 154 199 228
-0.3020 0.2827 1.0684 165 209 236
-0.2956 0.2827 1.0684 151 195 222
-0.2892 0.2827 1.0684 150 196 222
-0.2827 0.2827 1.0684 152 197 226
-0.2763 0.2827 1.0684 153 198 227
-0.2699 0.2827 1.0684 153 197 226
-0.2635 0.2827 1.0684 152 199 227
-0.2570 0.2827 1.0684 153 199 223
-0.2506 0.2827 1.0684 152 198 224
-0.2442 0.2827 1.0684 154 198 227
-0.2377 0.2827 1.0684 146 196 223
-0.2313 0.2827 1.0684 150 197 223
-0.2249 0.2827 1.0684 155 199 226
-0.2185 0.2827 1.0684 152 198 224
-0.2120 0.2827 1.0684 158 204 230
-0.2056 0.2827 1.0684 162 208 234
-0.1992 0.2827 1.0684 153 200 226
-0.1928 0.2827 1.0684 158 200 225
-0.1863 0.2827 1.0684 152 200 223
-0.1799 0.2827 1.0684 156 206 229
-0.1735 0.2827 1.0684 154 200 223
-0.1671 0.2827 1.0684 157 203 227
-0.1606 0.2827 1.0684 150 196 222
-0.1542 0.2827 1.0684 151 195 220
-0.1478 0.2827 1.0684 159 200 228
-0.1414 0.2827 1.0684 154 195 225
-0.1349 0.2827 1.0684 149 193 220
-0.1285 0.2827 1.0684 149 193 220
-0.1221 0.2827 1.0684 160 204 231
-0.1157 0.2827 1.0684 147 193 217
-0.1092 0.2827 1.0684 156 203 229
-0.1028 0.2827 1.0684 141 190 220
-0.0964 0.2827 1.0684 162 209 237
-0.0900 0.2827 1.0684 154 197 229
-0.0835 0.2827 1.0684 154 200 224
-0.0771 0.2827 1.0684 152 196 223
-0.0707 0.2827 1.0684 154 198 225
-0.0643 0.2827 1.0684 166 210 237
-0.0578 0.2827 1.0684 158 204 227
-0.0514 0.2827 1.0684 151 197 221
-0.0450 0.2827 1.0684 160 205 234
-0.0386 0.2827 1.0684 149 196 226
-0.0321 0.2827 1.0684 159 204 233
-0.0257 0.2827 1.0684 154 199 228
-0.0193 0.2827 1.0684 152 196 223
-0.0129 0.2827 1.0684 164 214 239
-0.0064 0.2827 1.0684 149 190 220
0.0000 0.2827 1.0684 148 195 223
0.0064 0.2827 1.0684 158 204 230
0.0129 0.2827 1.0684 150 194 221
0.0193 0.2827 1.0684 152 198 224
0.0257 0.2827 1.0684 159 205 231
0.0321 0.2827 1.0684 147 192 221
0.0386 0.2827 1.0684 148 195 221
0.0450 0.2827 1.0684 159 206 232
0.0514 0.2827 1.0684 150 196 222
0.0578 0.2827 1.0684 154 200 226
0.0643 0.2827 1.0684 151 195 222
0.0707 0.2827 1.0684 148 192 219
0.0771 0.2827 1.0684 156 200 227
0.0835 0.2827 1.0684 148 192 219
0.0900 0.2827 1.0684 160 206 230
0.0964 0.2827 1.0684 154 200 226
0.1028 0.2827 1.0684 147 193 219
0.1092 0.2827 1.0684 147 193 219
0.1157 0.2827 1.0684 160 206 232
0.1221 0.2827 1.0684 150 194 223
0.1285 0.2827 1.0684 156 200 227
0.1349 0.2827 1.0684 154 200 226
0.1414 0.2827 1.0684 154 200 226
0.1478 0.2827 1.0684 157 203 229
0.1542 0.2827 1.0684 152 200 223
0.1606 0.2827 1.0684 154 200 224
0.1671 0.2827 1.0684 154 204 227
0.1735 0.2827 1.0684 156 200 227
0.1799 0.2827 1.0684 156 202 228
0.1863 0.2827 1.0684 154 199 228
0.1928 0.2827 1.0684 160 204 231
0.1992 0.2827 1.0684 160 204 229
0.2056 0.2827 1.0684 153 200 226
0.2120 0.2827 1.0684 152 198 224
0.2185 0.2827 1.0684 153 197 224
0.2249 0.2827 1.0684 155 201 225
0.2313 0.2827 1.0684 148 198 221
0.2377 0.2827 1.0684 158 204 230
0.2442 0.2827 1.0684 149 193 220
0.2506 0.2827 1.0684 154 198 227
0.2570 0.2827 1.0684 155 199 226
0.2635 0.2827 1.0684 151 196 225
0.2699 0.2827 1.0684 152 197 226
0.2763 0.2827 1.0684 151 196 225
0.2827 0.2827 1.0684 152 199 225
0.2892 0.2827 1.0684 155 201 227
0.2956 0.2827 1.0684 158 199 229
0.3020 0.2827 1.0684 155 199 228
0.3084 0.2827 1.0684 151 198 226
0.3149 0.2827 1.0684 156 203 229
0.3213 0.2827 1.0684 158 208 231
0.3277 0.2827 1.0684 160 206 230
0.3341 0.2827 1.0684 156 201 224
0.3406 0.2827 1.0684 151 200 233
0.3470 0.2827 1.0684 152 196 225
0.3534 0.2827 1.0684 157 201 228
0.3598 0.2827 1.0684 149 200 219
0.3663 0.2827 1.0684 152 199 219
0.3727 0.2827 1.0684 158 199 227
0.3791 0.2827 1.0684 154 200 224
0.3855 0.2827 1.0684 150 197 225
0.3920 0.2827 1.0684 143 190 216
0.3984 0.2827 1.0684 154 198 225
0.4048 0.2827 1.0684 158 199 229
0.4112 0.2827 1.0684 154 195 225
0.4177 0.2827 1.0684 151 195 220
0.4241 0.2827 1.0684 156 201 232
0.4305 0.2827 1.0684 154 198 225
0.4369 0.2827 1.0684 151 198 226
0.4434 0.2827 1.0684 152 202 225
0.4498 0.2827 1.0684 153 199 223
0.4562 0.2827 1.0684 150 194 219
0.4626 0.2827 1.0684 148 192 217
0.4691 0.2827 1.0684 155 200 229
0.4755 0.2827 1.0684 153 200 228
0.4819 0.2827 1.0684 152 197 226
0.4883 0.2827 1.0684 155 209 237
0.4948 0.2827 1.0684 151 205 229
0.5012 0.2827 1.0684 157 197 222
0.5076 0.2827 1.0684 161 211 236
0.5141 0.2827 1.0684 142 188 212
0.5205 0.2827 1.0684 148 194 220
0.5269 0.2827 1.0684 154 200 224
0.5333 0.2827 1.0684 152 196 223
0.5398 0.2827 1.0684 154 201 229
0.5462 0.2827 1.0684 158 204 230
0.5526 0.2827 1.0684 146 191 220
0.5590 0.2827 1.0684 159 204 233
0.5655 0.2827 1.0684 155 201 227
0.5719 0.2827 1.0684 146 190 217
0.5783 0.2827 1.0684 154 198 225
0.5847 0.2827 1.0684 154 198 227
0.5912 0.2827 1.0684 159 203 232
0.5976 0.2827 1.0684 155 200 229
0.6040 0.2827 1.0684 149 196 224
0.6104 0.2827 1.0684 165 213 236
-0.6169 0.2763 1.0684 150 196 222
-0.6104 0.2763 1.0684 152 198 222
-0.6040 0.2763 1.0684 156 202 226
-0.5976 0.2763 1.0684 155 199 226
-0.5912 0.2763 1.0684 152 197 226
-0.5847 0.2763 1.0684 154 198 225
-0.5783 0.2763 1.0684 156 202 226
-0.5719 0.2763 1.0684 159 205 231
-0.5655 0.2763 1.0684 152 198 224
-0.5590 0.2763 1.0684 155 201 224
-0.5526 0.2763 1.0684 152 198 224
-0.5462 0.2763 1.0684 156 202 228
-0.5398 0.2763 1.0684 157 203 229
-0.5333 0.2763 1.0684 150 191 219
-0.5269 0.2763 1.0684 147 193 219
-0.5205 0.2763 1.0684 152 198 224
-0.5141 0.2763 1.0684 156 199 218
-0.5223 0.2843 1.0994 151 201 224
-0.4870 0.2685 1.0381 187 192 195
-0.4701 0.2625 1.0151 181 188 194
-0.4653 0.2632 1.0179 180 189 186
-0.4643 0.2662 1.0293 174 185 181
-0.4687 0.2724 1.0532 166 191 196
-0.4739 0.2791 1.0793 156 202 226
-0.4685 0.2798 1.0819 158 199 227
-0.4501 0.2726 1.0541 171 192 197
-0.4362 0.2680 1.0362 176 186 188
-0.4291 0.2674 1.0341 187 197 198
-0.4281 0.2707 1.0469 177 199 196
-0.4371 0.2805 1.0847 180 196 193
-0.4542 0.2959 1.1443 156 196 222
-0.4488 0.2969 1.1480 147 188 216
-0.4241 0.2849 1.1019 148 195 221
-0.4074 0.2780 1.0751 183 194 200
-0.3988 0.2766 1.0695 176 185 190
-0.3963 0.2794 1.0803 175 190 187
-0.4004 0.2869 1.1096 187 196 201
-0.4069 0.2965 1.1466 178 197 212
-0.3991 0.2959 1.1442 148 195 223
-0.3889 0.2934 1.1344 152 198 224
-0.3569 0.2741 1.0597 174 197 203
-0.3398 0.2657 1.0274 179 193 193
-0.3313 0.2638 1.0202 179 191 191
-0.3285 0.2665 1.0305 182 196 196
-0.3541 0.2928 1.1324 178 194 193
-0.3285 0.2770 1.0710 149 200 219
-0.3213 0.2763 1.0684 149 197 219
-0.3149 0.2763 1.0684 163 205 229
-0.3084 0.2763 1.0684 157 201 226
-0.3020 0.2763 1.0684 153 197 224
-0.2956 0.2763 1.0684 153 199 225
-0.2892 0.2763 1.0684 153 199 223
-0.2827 0.2763 1.0684 148 194 218
-0.2763 0.2763 1.0684 156 202 226
-0.2699 0.2763 1.0684 156 197 225
-0.2635 0.2763 1.0684 149 195 221
-0.2570 0.2763 1.0684 154 196 221
-0.2506 0.2763 1.0684 152 200 223
-0.2442 0.2763 1.0684 147 193 219
-0.2377 0.2763 1.0684 152 202 227
-0.2313 0.2763 1.0684 154 201 227
-0.2249 0.2763 1.0684 154 198 223
-0.2185 0.2763 1.0684 153 199 225
-0.2120 0.2763 1.0684 153 197 226
-0.2056 0.2763 1.0684 153 199 225
-0.1992 0.2763 1.0684 149 190 222
-0.1928 0.2763 1.0684 155 201 227
-0.1863 0.2763 1.0684 148 195 223
-0.1799 0.2763 1.0684 149 195 221
-0.1735 0.2763 1.0684 150 194 223
-0.1671 0.2763 1.0684 148 193 224
-0.1606 0.2763 1.0684 149 194 223
-0.1542 0.2763 1.0684 155 199 226
-0.1478 0.2763 1.0684 157 198 228
-0.1414 0.2763 1.0684 157 198 228
-0.1349 0.2763 1.0684 146 190 215
-0.1285 0.2763 1.0684 160 205 234
-0.1221 0.2763 1.0684 154 199 232
-0.1157 0.2763 1.0684 155 199 228
-0.1092 0.2763 1.0684 160 201 231
-0.1028 0.2763 1.0684 147 191 218
-0.0964 0.2763 1.0684 148 191 223
-0.0900 0.2763 1.0684 154 200 224
-0.0835 0.2763 1.0684 154 201 229
-0.0771 0.2763 1.0684 157 205 228
-0.0707 0.2763 1.0684 154 201 227
-0.0643 0.2763 1.0684 157 203 229
-0.0578 0.2763 1.0684 155 205 228
-0.0514 0.2763 1.0684 146 192 218
-0.0450 0.2763 1.0684 150 195 224
-0.0386 0.2763 1.0684 155 202 230
-0.0321 0.2763 1.0684 156 201 230
-0.0257 0.2763 1.0684 151 196 225
-0.0193 0.2763 1.0684 151 192 222
-0.0129 0.2763 1.0684 159 204 233
-0.0064 0.2763 1.0684 151 192 222
0.0000 0.2763 1.0684 155 201 227
0.0064 0.2763 1.0684 154 200 226
0.0129 0.2763 1.0684 155 202 228
0.0193 0.2763 1.0684 153 197 224
0.0257 0.2763 1.0684 152 196 223
0.0321 0.2763 1.0684 152 196 223
0.0386 0.2763 1.0684 160 205 234
0.0450 0.2763 1.0684 152 198 224
0.0514 0.2763 1.0684 159 209 236
0.0578 0.2763 1.0684 155 201 225
0.0643 0.2763 1.0684 151 195 222
0.0707 0.2763 1.0684 156 206 231
0.0771 0.2763 1.0684 146 190 217
0.0835 0.2763 1.0684 152 196 223
0.0900 0.2763 1.0684 155 199 226
0.0964 0.2763 1.0684 156 202 228
0.1028 0.2763 1.0684 147 192 221
0.1092 0.2763 1.0684 159 205 231
0.1157 0.2763 1.0684 151 197 223
0.1221 0.2763 1.0684 153 197 224
0.1285 0.2763 1.0684 159 203 230
0.1349 0.2763 1.0684 148 192 219
0.1414 0.2763 1.0684 151 195 222
0.1478 0.2763 1.0684 155 201 227
0.1542 0.2763 1.0684 159 206 232
0.1606 0.2763 1.0684 157 201 228
0.1671 0.2763 1.0684 148 195 221
0.1735 0.2763 1.0684 155 196 224
0.1799 0.2763 1.0684 154 200 224
0.1863 0.2763 1.0684 148 194 218
0.1928 0.2763 1.0684 148 192 217
0.1992 0.2763 1.0684 156 200 229
0.2056 0.2763 1.0684 152 196 225
0.2120 0.2763 1.0684 155 199 226
0.2185 0.2763 1.0684 154 200 226
0.2249 0.2763 1.0684 156 203 229
0.2313 0.2763 1.0684 162 208 232
0.2377 0.2763 1.0684 152 198 224
0.2442 0.2763 1.0684 160 204 231
0.2506 0.2763 1.0684 151 195 222
0.2570 0.2763 1.0684 155 199 224
0.2635 0.2763 1.0684 155 199 224
0.2699 0.2763 1.0684 147 193 219
0.2763 0.2763 1.0684 155 199 226
0.2827 0.2763 1.0684 153 199 223
0.2892 0.2763 1.0684 151 197 221
0.2956 0.2763 1.0684 150 192 217
0.3020 0.2763 1.0684 158 202 227
0.3084 0.2763 1.0684 145 190 219
0.3149 0.2763 1.0684 153 198 227
0.3213 0.2763 1.0684 155 201 227
0.3277 0.2763 1.0684 156 195 224
0.3341 0.2763 1.0684 166 199 216
0.3547 0.2878 1.1128 179 187 189
0.3372 0.2685 1.0384 173 182 187
0.3415 0.2670 1.0324 175 187 185
0.3660 0.2810 1.0868 183 192 199
0.4032 0.3042 1.1763 161 198 224
0.3890 0.2884 1.1153 159 201 226
0.4005 0.2919 1.1286 158 205 231
0.4270 0.3060 1.1834 178 191 197
0.4450 0.3137 1.2129 181 189 191
0.4518 0.3133 1.2116 182 191 190
0.4466 0.3048 1.1786 177 189 189
0.4344 0.2918 1.1285 171 194 188
0.4314 0.2854 1.1037 146 191 220
0.4355 0.2838 1.0973 147 194 224
0.4490 0.2882 1.1143 163 190 211
0.4815 0.3045 1.1773 186 196 197
0.5224 0.3255 1.2589 183 193 192
0.4969 0.3053 1.1804 181 191 190
0.5379 0.3258 1.2596 184 193 192
0.5192 0.3101 1.1991 158 190 211
0.5036 0.2966 1.1470 154 200 223
0.5133 0.2982 1.1533 149 196 222
0.5499 0.3153 1.2192 177 192 195
0.5747 0.3252 1.2574 185 191 187
0.5133 0.2867 1.1085 178 189 181
0.5601 0.3088 1.1940 182 192 191
0.5197 0.2829 1.0938 181 198 190
0.5131 0.2758 1.0664 160 201 229
0.5205 0.2763 1.0684 148 189 217
0.5269 0.2763 1.0684 149 197 220
0.5333 0.2763 1.0684 151 199 222
0.5398 0.2763 1.0684 147 192 221
0.5462 0.2763 1.0684 157 201 228
0.5526 0.2763 1.0684 155 196 226
0.5590 0.2763 1.0684 156 197 225
0.5655 0.2763 1.0684 149 196 222
0.5719 0.2763 1.0684 151 197 223
0.5783 0.2763 1.0684 153 197 224
0.5847 0.2763 1.0684 147 193 219
0.5912 0.2763 1.0684 154 198 225
0.5976 0.2763 1.0684 154 198 227
0.6040 0.2763 1.0684 148 193 222
0.6104 0.2763 1.0684 149 195 219
-0.6169 0.2699 1.0684 156 202 228
-0.6104 0.2699 1.0684 148 194 220
-0.6040 0.2699 1.0684 150 196 222
-0.5976 0.2699 1.0684 153 194 224
-0.5912 0.2699 1.0684 153 198 227
-0.5847 0.2699 1.0684 149 193 218
-0.5783 0.2699 1.0684 150 196 219
-0.5719 0.2699 1.0684 152 198 224
-0.5655 0.2699 1.0684 157 202 231
-0.5590 0.2699 1.0684 151 197 221
-0.5526 0.2699 1.0684 151 196 225
-0.5462 0.2699 1.0684 152 198 224
-0.5398 0.2699 1.0684 154 200 226
-0.5333 0.2699 1.0684 155 196 224
-0.5269 0.2699 1.0684 151 197 223
-0.5205 0.2699 1.0684 153 198 227
-0.5141 0.2699 1.0684 146 192 218
-0.4810 0.2557 1.0123 145 190 219
-0.4713 0.2538 1.0047 150 107 54
-0.4654 0.2538 1.0049 152 113 58
-0.4594 0.2539 1.0050 156 105 60
-0.4533 0.2539 1.0050 147 104 61
-0.4473 0.2539 1.0051 121 108 89
-0.4413 0.2539 1.0051 150 196 230
-0.4352 0.2539 1.0051 155 199 226
-0.4292 0.2539 1.0051 138 113 83
-0.4231 0.2539 1.0051 149 109 57
-0.4171 0.2539 1.0051 159 114 73
-0.4110 0.2539 1.0051 162 109 65
-0.4050 0.2539 1.0051 156 103 63
-0.3990 0.2539 1.0052 160 195 214
-0.3930 0.2539 1.0052 154 196 221
-0.3869 0.2539 1.0052 151 188 230
-0.3808 0.2539 1.0052 147 102 60
-0.3748 0.2539 1.0051 150 107 65
-0.3687 0.2539 1.0051 148 109 66
-0.3627 0.2539 1.0051 154 112 64
-0.3567 0.2539 1.0052 128 110 90
-0.3507 0.2539 1.0053 152 197 230
-0.3446 0.2539 1.0053 151 195 220
-0.3386 0.2539 1.0053 134 113 82
-0.3325 0.2539 1.0053 156 110 61
-0.3265 0.2539 1.0053 149 103 54
-0.3204 0.2539 1.0052 139 95 46
-0.3148 0.2543 1.0066 150 101 58
-0.3165 0.2606 1.0318 158 193 212
-0.3213 0.2699 1.0684 150 194 219
-0.3149 0.2699 1.0684 152 197 228
-0.3084 0.2699 1.0684 155 199 226
-0.3020 0.2699 1.0684 147 193 219
-0.2956 0.2699 1.0684 158 204 230
-0.2892 0.2699 1.0684 153 201 224
-0.2827 0.2699 1.0684 156 201 224
-0.2763 0.2699 1.0684 146 191 214
-0.2699 0.2699 1.0684 158 199 227
-0.2635 0.2699 1.0684 155 199 226
-0.2570 0.2699 1.0684 161 202 230
-0.2506 0.2699 1.0684 148 195 223
-0.2442 0.2699 1.0684 150 197 223
-0.2377 0.2699 1.0684 156 203 231
-0.2313 0.2699 1.0684 149 193 222
-0.2249 0.2699 1.0684 150 197 223
-0.2185 0.2699 1.0684 153 199 225
-0.2120 0.2699 1.0684 150 191 219
-0.2056 0.2699 1.0684 155 195 221
-0.1992 0.2699 1.0684 148 195 221
-0.1928 0.2699 1.0684 156 202 228
-0.1863 0.2699 1.0684 151 195 220
-0.1799 0.2699 1.0684 154 201 229
-0.1735 0.2699 1.0684 156 197 227
-0.1671 0.2699 1.0684 153 197 226
-0.1606 0.2699 1.0684 154 200 226
-0.1542 0.2699 1.0684 153 197 226
-0.1478 0.2699 1.0684 150 195 226
-0.1414 0.2699 1.0684 162 206 235
-0.1349 0.2699 1.0684 150 194 219
-0.1285 0.2699 1.0684 156 201 222
-0.1221 0.2699 1.0684 152 196 223
-0.1157 0.2699 1.0684 144 190 216
-0.1092 0.2699 1.0684 142 189 209
-0.1028 0.2699 1.0684 157 203 229
-0.0964 0.2699 1.0684 150 197 223
-0.0900 0.2699 1.0684 152 197 226
-0.0835 0.2699 1.0684 158 198 224
-0.0771 0.2699 1.0684 152 196 223
-0.0707 0.2699 1.0684 155 201 227
-0.0643 0.2699 1.0684 153 197 224
-0.0578 0.2699 1.0684 154 200 226
-0.0514 0.2699 1.0684 153 197 224
-0.0450 0.2699 1.0684 155 201 227
-0.0386 0.2699 1.0684 159 205 231
-0.0321 0.2699 1.0684 158 204 230
-0.0257 0.2699 1.0684 148 194 220
-0.0193 0.2699 1.0684 150 194 221
-0.0129 0.2699 1.0684 158 199 229
-0.0064 0.2699 1.0684 151 196 225
0.0000 0.2699 1.0684 157 198 226
0.0064 0.2699 1.0684 155 201 225
0.0129 0.2699 1.0684 151 199 222
0.0193 0.2699 1.0684 158 202 227
0.0257 0.2699 1.0684 157 198 226
0.0321 0.2699 1.0684 159 200 228
0.0386 0.2699 1.0684 151 195 224
0.0450 0.2699 1.0684 152 196 223
0.0514 0.2699 1.0684 149 190 218
0.0578 0.2699 1.0684 154 200 223
0.0643 0.2699 1.0684 156 202 226
0.0707 0.2699 1.0684 152 193 221
0.0771 0.2699 1.0684 150 191 221
0.0835 0.2699 1.0684 155 199 228
0.0900 0.2699 1.0684 151 195 222
0.0964 0.2699 1.0684 154 200 226
0.1028 0.2699 1.0684 164 208 237
0.1092 0.2699 1.0684 148 194 220
0.1157 0.2699 1.0684 159 205 229
0.1221 0.2699 1.0684 152 196 221
0.1285 0.2699 1.0684 146 192 218
0.1349 0.2699 1.0684 153 199 225
0.1414 0.2699 1.0684 153 197 224
0.1478 0.2699 1.0684 147 193 217
0.1542 0.2699 1.0684 154 200 226
0.1606 0.2699 1.0684 155 196 226
0.1671 0.2699 1.0684 157 202 231
0.1735 0.2699 1.0684 155 194 223
0.1799 0.2699 1.0684 150 196 222
0.1863 0.2699 1.0684 151 196 225
0.1928 0.2699 1.0684 142 186 211
0.1992 0.2699 1.0684 158 202 227
0.2056 0.2699 1.0684 155 199 226
0.2120 0.2699 1.0684 158 204 228
0.2185 0.2699 1.0684 157 204 230
0.2249 0.2699 1.0684 149 195 221
0.2313 0.2699 1.0684 153 197 224
0.2377 0.2699 1.0684 150 196 222
0.2442 0.2699 1.0684 155 199 226
0.2506 0.2699 1.0684 155 199 224
0.2570 0.2699 1.0684 150 194 221
0.2635 0.2699 1.0684 155 199 228
0.2699 0.2699 1.0684 148 192 219
0.2763 0.2699 1.0684 149 193 222
0.2827 0.2699 1.0684 145 189 216
0.2892 0.2699 1.0684 149 195 221
0.2956 0.2699 1.0684 152 196 221
0.3020 0.2699 1.0684 158 202 229
0.3084 0.2699 1.0684 150 197 225
0.3149 0.2699 1.0684 151 198 224
0.3213 0.2699 1.0684 157 203 227
0.3323 0.2736 1.0833 150 190 216
0.3204 0.2588 1.0246 184 192 194
0.3204 0.2539 1.0053 155 99 52
0.3264 0.2538 1.0049 154 105 65
0.3324 0.2539 1.0051 148 104 57
0.3385 0.2539 1.0052 156 114 66
0.3447 0.2540 1.0056 171 190 204
0.3510 0.2542 1.0062 155 206 233
0.3569 0.2541 1.0058 149 193 220
0.3628 0.2539 1.0053 141 107 70
0.3688 0.2539 1.0052 149 106 63
0.3748 0.2539 1.0051 149 105 60
0.3809 0.2539 1.0053 151 106 64
0.3871 0.2540 1.0058 145 101 56
0.3933 0.2542 1.0062 159 203 230
0.3995 0.2542 1.0064 154 201 227
0.4053 0.2541 1.0059 171 182 184
0.4111 0.2539 1.0052 152 105 61
0.4170 0.2538 1.0048 151 104 58
0.4230 0.2538 1.0048 148 103 61
0.4291 0.2538 1.0049 150 105 63
0.4352 0.2539 1.0050 168 191 199
0.4414 0.2539 1.0054 158 204 227
0.4474 0.2539 1.0053 156 192 224
0.4533 0.2538 1.0049 134 101 56
0.4592 0.2538 1.0047 148 105 63
0.4653 0.2538 1.0047 151 104 60
0.4713 0.2538 1.0046 153 104 61
0.4784 0.2543 1.0069 141 101 50
0.5826 0.3058 1.2108 148 192 219
0.5204 0.2698 1.0683 156 202 226
0.5269 0.2699 1.0684 150 194 219
0.5333 0.2699 1.0684 160 204 231
0.5398 0.2699 1.0684 155 201 227
0.5462 0.2699 1.0684 156 201 230
0.5526 0.2699 1.0684 157 201 230
0.5590 0.2699 1.0684 158 202 227
0.5655 0.2699 1.0684 161 208 234
0.5719 0.2699 1.0684 160 204 231
0.5783 0.2699 1.0684 158 198 224
0.5847 0.2699 1.0684 155 199 224
0.5912 0.2699 1.0684 153 199 225
0.5976 0.2699 1.0684 162 206 231
0.6040 0.2699 1.0684 152 196 221
0.6104 0.2699 1.0684 151 194 226
-0.6169 0.2635 1.0684 151 195 220
-0.6104 0.2635 1.0684 151 197 223
-0.6040 0.2635 1.0684 153 200 226
-0.5976 0.2635 1.0684 151 197 223
-0.5912 0.2635 1.0684 152 198 221
-0.5847 0.2635 1.0684 162 204 228
-0.5783 0.2635 1.0684 153 199 225
-0.5719 0.2635 1.0684 150 198 221
-0.5655 0.2635 1.0684 149 194 223
-0.5590 0.2635 1.0684 152 198 224
-0.5526 0.2635 1.0684 157 200 232
-0.5462 0.2635 1.0684 159 200 228
-0.5398 0.2635 1.0684 157 203 229
-0.5333 0.2635 1.0684 154 195 223
-0.5269 0.2635 1.0684 151 197 223
-0.5205 0.2635 1.0684 150 194 223
-0.5141 0.2635 1.0684 154 201 219
-0.4782 0.2482 1.0064 161 204 238
-0.4714 0.2478 1.0049 149 100 57
-0.4654 0.2478 1.0051 149 104 62
-0.4595 0.2479 1.0052 156 109 67
-0.4534 0.2479 1.0053 150 101 58
-0.4474 0.2479 1.0053 127 112 93
-0.4413 0.2479 1.0053 145 190 221
-0.4353 0.2479 1.0053 152 196 221
-0.4292 0.2479 1.0052 129 104 74
-0.4232 0.2479 1.0053 158 100 60
-0.4172 0.2479 1.0053 155 107 61
-0.4111 0.2479 1.0053 142 104 55
-0.4051 0.2479 1.0054 146 102 55
-0.3991 0.2479 1.0054 154 186 209
-0.3930 0.2479 1.0054 154 200 224
-0.3870 0.2479 1.0054 155 202 230
-0.3809 0.2479 1.0054 153 105 59
-0.3749 0.2479 1.0053 151 99 62
-0.3688 0.2479 1.0053 150 108 58
-0.3628 0.2479 1.0053 145 101 56
-0.3567 0.2479 1.0053 125 113 91
-0.3507 0.2479 1.0054 153 199 223
-0.3446 0.2479 1.0054 150 195 224
-0.3386 0.2479 1.0054 132 111 84
-0.3326 0.2479 1.0054 147 104 59
-0.3265 0.2479 1.0054 148 105 60
-0.3205 0.2479 1.0054 150 106 61
-0.3144 0.2479 1.0054 144 102 52
-0.3122 0.2509 1.0177 157 196 213
-0.3213 0.2635 1.0684 151 197 221
-0.3149 0.2635 1.0684 159 200 230
-0.3084 0.2635 1.0684 157 201 230
-0.3020 0.2635 1.0684 154 200 226
-0.2956 0.2635 1.0684 151 197 223
-0.2892 0.2635 1.0684 148 192 219
-0.2827 0.2635 1.0684 150 195 218
-0.2763 0.2635 1.0684 146 192 216
-0.2699 0.2635 1.0684 152 193 221
-0.2635 0.2635 1.0684 153 197 224
-0.2570 0.2635 1.0684 147 191 220
-0.2506 0.2635 1.0684 151 198 226
-0.2442 0.2635 1.0684 157 199 224
-0.2377 0.2635 1.0684 149 199 224
-0.2313 0.2635 1.0684 156 197 227
-0.2249 0.2635 1.0684 160 207 233
-0.2185 0.2635 1.0684 158 204 228
-0.2120 0.2635 1.0684 151 195 220
-0.2056 0.2635 1.0684 149 199 222
-0.1992 0.2635 1.0684 148 192 221
-0.1928 0.2635 1.0684 156 204 227
-0.1863 0.2635 1.0684 149 195 221
-0.1799 0.2635 1.0684 151 198 224
-0.1735 0.2635 1.0684 154 198 225
-0.1671 0.2635 1.0684 157 203 229
-0.1606 0.2635 1.0684 148 196 219
-0.1542 0.2635 1.0684 156 202 226
-0.1478 0.2635 1.0684 150 197 223
-0.1414 0.2635 1.0684 150 200 227
-0.1349 0.2635 1.0684 152 198 224
-0.1285 0.2635 1.0684 149 193 218
-0.1221 0.2635 1.0684 152 197 228
-0.1157 0.2635 1.0684 153 198 227
-0.1092 0.2635 1.0684 151 196 225
-0.1028 0.2635 1.0684 155 196 224
-0.0964 0.2635 1.0684 148 192 217
-0.0900 0.2635 1.0684 151 196 225
-0.0835 0.2635 1.0684 152 199 225
-0.0771 0.2635 1.0684 157 198 226
-0.0707 0.2635 1.0684 156 195 224
-0.0643 0.2635 1.0684 156 195 224
-0.0578 0.2635 1.0684 156 195 224
-0.0514 0.2635 1.0684 156 197 225
-0.0450 0.2635 1.0684 155 199 224
-0.0386 0.2635 1.0684 148 193 216
-0.0321 0.2635 1.0684 154 198 223
-0.0257 0.2635 1.0684 164 205 233
-0.0193 0.2635 1.0684 153 203 228
-0.0129 0.2635 1.0684 153 197 222
-0.0064 0.2635 1.0684 154 200 224
0.0000 0.2635 1.0684 157 201 228
0.0064 0.2635 1.0684 154 198 225
0.0129 0.2635 1.0684 155 196 224
0.0193 0.2635 1.0684 149 195 221
0.0257 0.2635 1.0684 154 198 227
0.0321 0.2635 1.0684 149 193 222
0.0386 0.2635 1.0684 154 200 226
0.0450 0.2635 1.0684 154 200 224
0.0514 0.2635 1.0684 151 197 221
0.0578 0.2635 1.0684 153 199 222
0.0643 0.2635 1.0684 152 196 223
0.0707 0.2635 1.0684 158 203 232
0.0771 0.2635 1.0684 148 192 219
0.0835 0.2635 1.0684 148 192 219
0.0900 0.2635 1.0684 147 193 219
0.0964 0.2635 1.0684 154 201 227
0.1028 0.2635 1.0684 153 197 224
0.1092 0.2635 1.0684 156 202 228
0.1157 0.2635 1.0684 152 200 223
0.1221 0.2635 1.0684 146 192 218
0.1285 0.2635 1.0684 153 200 226
0.1349 0.2635 1.0684 150 196 222
0.1414 0.2635 1.0684 156 200 225
0.1478 0.2635 1.0684 150 196 220
0.1542 0.2635 1.0684 151 198 224
0.1606 0.2635 1.0684 160 204 233
0.1671 0.2635 1.0684 148 195 223
0.1735 0.2635 1.0684 158 199 227
0.1799 0.2635 1.0684 148 194 218
0.1863 0.2635 1.0684 156 201 232
0.1928 0.2635 1.0684 150 193 225
0.1992 0.2635 1.0684 153 197 224
0.2056 0.2635 1.0684 155 200 229
0.2120 0.2635 1.0684 157 201 228
0.2185 0.2635 1.0684 153 197 224
0.2249 0.2635 1.0684 154 201 227
0.2313 0.2635 1.0684 157 204 230
0.2377 0.2635 1.0684 150 194 221
0.2442 0.2635 1.0684 149 195 221
0.2506 0.2635 1.0684 154 200 226
0.2570 0.2635 1.0684 153 194 224
0.2635 0.2635 1.0684 154 198 225
0.2699 0.2635 1.0684 149 193 218
0.2763 0.2635 1.0684 156 202 228
0.2827 0.2635 1.0684 156 197 227
0.2892 0.2635 1.0684 151 197 223
0.2956 0.2635 1.0684 147 191 216
0.3020 0.2635 1.0684 156 197 225
0.3084 0.2635 1.0684 147 194 220
0.3149 0.2635 1.0684 152 199 225
0.3213 0.2634 1.0684 161 207 231
0.3561 0.2862 1.1609 149 193 218
0.3153 0.2486 1.0081 180 191 195
0.3204 0.2478 1.0051 145 98 54
0.3264 0.2479 1.0052 149 103 54
0.3325 0.2479 1.0053 157 114 63
0.3386 0.2479 1.0054 154 103 56
0.3447 0.2479 1.0054 165 190 195
0.3507 0.2479 1.0054 150 192 217
0.3567 0.2479 1.0053 148 199 226
0.3627 0.2479 1.0053 139 103 71
0.3688 0.2479 1.0053 160 111 70
0.3749 0.2479 1.0053 161 109 70
0.3809 0.2479 1.0053 154 102 63
0.3869 0.2479 1.0053 150 101 60
0.3930 0.2479 1.0053 151 195 220
0.3990 0.2479 1.0052 149 196 222
0.4050 0.2478 1.0051 183 188 194
0.4110 0.2478 1.0050 147 100 54
0.4170 0.2478 1.0050 147 101 51
0.4231 0.2478 1.0050 148 104 57
0.4292 0.2478 1.0050 142 100 52
0.4352 0.2478 1.0051 172 194 205
0.4412 0.2478 1.0051 157 201 226
0.4473 0.2478 1.0051 154 200 224
0.4533 0.2478 1.0050 140 102 63
0.4593 0.2478 1.0049 147 100 56
0.4653 0.2478 1.0049 143 100 57
0.4713 0.2478 1.0048 149 103 67
0.4774 0.2478 1.0048 159 111 63
0.4930 0.2526 1.0246 147 193 219
0.5274 0.2669 1.0826 152 200 223
0.5269 0.2635 1.0684 142 188 214
0.5333 0.2635 1.0684 148 192 221
0.5398 0.2635 1.0684 150 196 220
0.5462 0.2635 1.0684 152 196 225
0.5526 0.2635 1.0684 159 203 230
0.5590 0.2635 1.0684 153 199 223
0.5655 0.2635 1.0684 154 198 225
0.5719 0.2635 1.0684 160 206 232
0.5783 0.2635 1.0684 149 193 220
0.5847 0.2635 1.0684 154 198 225
0.5912 0.2635 1.0684 164 211 237
0.5976 0.2635 1.0684 153 199 223
0.6040 0.2635 1.0684 146 191 214
0.6104 0.2635 1.0684 152 195 227
-0.6169 0.2570 1.0684 146 192 216
-0.6104 0.2570 1.0684 150 194 219
-0.6040 0.2570 1.0684 150 194 221
-0.5976 0.2570 1.0684 153 197 226
-0.5912 0.2570 1.0684 159 203 230
-0.5847 0.2570 1.0684 152 199 225
-0.5783 0.2570 1.0684 149 190 218
-0.5719 0.2570 1.0684 153 200 226
-0.5655 0.2570 1.0684 152 196 223
-0.5590 0.2570 1.0684 144 188 217
-0.5526 0.2570 1.0684 148 193 222
-0.5462 0.2570 1.0684 148 193 222
-0.5398 0.2570 1.0684 149 199 224
-0.5333 0.2570 1.0684 159 204 227
-0.5269 0.2570 1.0684 154 204 231
-0.5200 0.2568 1.0675 144 197 228
-0.5188 0.2594 1.0782 152 196 225
-0.4776 0.2418 1.0052 147 198 225
-0.4714 0.2418 1.0050 154 114 65
-0.4654 0.2418 1.0051 143 99 60
-0.4594 0.2418 1.0052 156 107 64
-0.4534 0.2418 1.0052 149 112 60
-0.4474 0.2418 1.0053 129 112 104
-0.4413 0.2418 1.0053 144 191 219
-0.4353 0.2418 1.0052 154 196 220
-0.4292 0.2418 1.0053 123 107 74
-0.4232 0.2418 1.0053 146 102 55
-0.4172 0.2418 1.0053 145 94 49
-0.4111 0.2418 1.0053 153 110 59
-0.4051 0.2418 1.0053 147 98 58
-0.3990 0.2418 1.0053 162 195 214
-0.3930 0.2418 1.0053 164 206 228
-0.3869 0.2418 1.0053 144 194 219
-0.3809 0.2418 1.0053 143 104 49
-0.3748 0.2418 1.0053 157 112 71
-0.3688 0.2418 1.0053 151 100 53
-0.3627 0.2418 1.0053 151 110 66
-0.3567 0.2418 1.0053 123 107 91
-0.3507 0.2418 1.0053 146 192 215
-0.3446 0.2418 1.0053 154 197 232
-0.3386 0.2418 1.0053 131 105 78
-0.3325 0.2418 1.0053 153 106 62
-0.3265 0.2418 1.0053 148 101 59
-0.3205 0.2419 1.0054 150 103 61
-0.3144 0.2418 1.0053 152 110 60
-0.3121 0.2448 1.0174 165 197 218
-0.3213 0.2570 1.0684 160 201 229
-0.3149 0.2570 1.0684 153 198 227
-0.3084 0.2570 1.0684 152 202 227
-0.3020 0.2570 1.0684 155 196 224
-0.2956 0.2570 1.0684 147 192 221
-0.2892 0.2570 1.0684 153 199 225
-0.2827 0.2570 1.0684 157 199 223
-0.2763 0.2570 1.0684 151 195 224
-0.2699 0.2570 1.0684 159 207 230
-0.2635 0.2570 1.0684 158 204 228
-0.2570 0.2570 1.0684 142 187 218
-0.2506 0.2570 1.0684 147 195 218
-0.2442 0.2570 1.0684 151 195 222
-0.2377 0.2570 1.0684 161 202 230
-0.2313 0.2570 1.0684 152 196 223
-0.2249 0.2570 1.0684 148 190 215
-0.2185 0.2570 1.0684 152 194 219
-0.2120 0.2570 1.0684 153 197 224
-0.2056 0.2570 1.0684 161 205 232
-0.1992 0.2570 1.0684 156 202 228
-0.1928 0.2570 1.0684 145 191 217
-0.1863 0.2570 1.0684 148 194 220
-0.1799 0.2570 1.0684 149 193 222
-0.1735 0.2570 1.0684 150 196 222
-0.1671 0.2570 1.0684 150 197 223
-0.1606 0.2570 1.0684 143 187 214
-0.1542 0.2570 1.0684 156 200 227
-0.1478 0.2570 1.0684 154 200 226
-0.1414 0.2570 1.0684 152 199 225
-0.1349 0.2570 1.0684 148 194 220
-0.1285 0.2570 1.0684 150 195 226
-0.1221 0.2570 1.0684 146 196 223
-0.1157 0.2570 1.0684 152 193 221
-0.1092 0.2570 1.0684 154 200 226
-0.1028 0.2570 1.0684 154 200 224
-0.0964 0.2570 1.0684 155 201 227
-0.0900 0.2570 1.0684 148 192 217
-0.0835 0.2570 1.0684 153 197 226
-0.0771 0.2570 1.0684 153 199 225
-0.0707 0.2570 1.0684 156 200 227
-0.0643 0.2570 1.0684 150 191 219
-0.0578 0.2570 1.0684 152 194 219
-0.0514 0.2570 1.0684 150 194 221
-0.0450 0.2570 1.0684 150 200 225
-0.0386 0.2570 1.0684 154 201 227
-0.0321 0.2570 1.0684 154 194 220
-0.0257 0.2570 1.0684 157 197 223
-0.0193 0.2570 1.0684 152 196 223
-0.0129 0.2570 1.0684 149 193 218
-0.0064 0.2570 1.0684 149 194 223
0.0000 0.2570 1.0684 153 199 225
0.0064 0.2570 1.0684 150 194 219
0.0129 0.2570 1.0684 157 201 228
0.0193 0.2570 1.0684 153 199 225
0.0257 0.2570 1.0684 148 191 223
0.0321 0.2570 1.0684 155 199 228
0.0386 0.2570 1.0684 147 191 216
0.0450 0.2570 1.0684 156 197 227
0.0514 0.2570 1.0684 156 200 227
0.0578 0.2570 1.0684 144 189 218
0.0643 0.2570 1.0684 153 198 229
0.0707 0.2570 1.0684 144 189 218
0.0771 0.2570 1.0684 151 197 223
0.0835 0.2570 1.0684 156 200 227
0.0900 0.2570 1.0684 155 201 225
0.0964 0.2570 1.0684 153 198 221
0.1028 0.2570 1.0684 153 199 223
0.1092 0.2570 1.0684 157 202 231
0.1157 0.2570 1.0684 152 196 223
0.1221 0.2570 1.0684 153 194 222
0.1285 0.2570 1.0684 152 196 225
0.1349 0.2570 1.0684 157 201 226
0.1414 0.2570 1.0684 158 203 232
0.1478 0.2570 1.0684 151 195 224
0.1542 0.2570 1.0684 149 193 218
0.1606 0.2570 1.0684 156 195 224
0.1671 0.2570 1.0684 152 193 221
0.1735 0.2570 1.0684 149 193 218
0.1799 0.2570 1.0684 155 201 227
0.1863 0.2570 1.0684 150 194 223
0.1928 0.2570 1.0684 156 200 229
0.1992 0.2570 1.0684 157 203 229
0.2056 0.2570 1.0684 154 195 223
0.2120 0.2570 1.0684 151 197 223
0.2185 0.2570 1.0684 150 196 222
0.2249 0.2570 1.0684 149 193 222
0.2313 0.2570 1.0684 152 196 225
0.2377 0.2570 1.0684 155 200 229
0.2442 0.2570 1.0684 165 209 238
0.2506 0.2570 1.0684 147 188 216
0.2570 0.2570 1.0684 145 192 218
0.2635 0.2570 1.0684 150 196 222
0.2699 0.2570 1.0684 155 203 226
0.2763 0.2570 1.0684 154 202 225
0.2827 0.2570 1.0684 155 199 224
0.2892 0.2570 1.0684 150 196 222
0.2956 0.2570 1.0684 148 195 221
0.3020 0.2570 1.0684 150 194 221
0.3084 0.2570 1.0684 154 200 226
0.3149 0.2570 1.0684 156 200 225
0.3217 0.2574 1.0699 159 200 230
0.3420 0.2682 1.1151 143 188 221
0.3147 0.2421 1.0062 184 192 194
0.3204 0.2418 1.0052 155 108 62
0.3265 0.2418 1.0052 150 113 60
0.3325 0.2418 1.0053 147 103 54
0.3386 0.2418 1.0053 149 102 56
0.3446 0.2418 1.0053 165 189 201
0.3507 0.2418 1.0053 149 190 220
0.3567 0.2418 1.0053 158 200 225
0.3627 0.2418 1.0053 145 107 71
0.3688 0.2418 1.0053 152 108 61
0.3748 0.2418 1.0053 147 105 57
0.3809 0.2418 1.0052 155 111 64
0.3869 0.2418 1.0052 152 108 63
0.3929 0.2418 1.0052 158 205 225
0.3990 0.2418 1.0051 152 194 219
0.4050 0.2418 1.0051 181 192 194
0.4110 0.2418 1.0050 154 109 68
0.4171 0.2418 1.0050 155 106 65
0.4231 0.2418 1.0050 151 104 62
0.4291 0.2418 1.0050 148 105 62
0.4352 0.2418 1.0050 168 195 204
0.4412 0.2418 1.0050 157 194 220
0.4473 0.2418 1.0050 149 196 222
0.4533 0.2418 1.0050 139 100 67
0.4593 0.2417 1.0049 139 105 57
0.4653 0.2417 1.0048 157 112 71
0.4713 0.2417 1.0048 152 111 65
0.4774 0.2417 1.0048 146 102 53
0.4903 0.2452 1.0191 159 205 228
0.5296 0.2615 1.0871 142 192 215
0.5269 0.2570 1.0684 152 193 221
0.5333 0.2570 1.0684 148 192 219
0.5398 0.2570 1.0684 151 195 224
0.5462 0.2570 1.0684 149 193 220
0.5526 0.2570 1.0684 160 199 230
0.5590 0.2570 1.0684 154 200 226
0.5655 0.2570 1.0684 153 199 225
0.5719 0.2570 1.0684 154 196 221
0.5783 0.2570 1.0684 149 199 222
0.5847 0.2570 1.0684 147 193 217
0.5912 0.2570 1.0684 153 198 221
0.5976 0.2570 1.0684 153 199 223
0.6040 0.2570 1.0684 151 197 221
0.6104 0.2570 1.0684 153 199 223
-0.6169 0.2506 1.0684 149 193 218
-0.6104 0.2506 1.0684 149 191 216
-0.6040 0.2506 1.0684 157 198 226
-0.5976 0.2506 1.0684 149 193 222
-0.5912 0.2506 1.0684 151 190 219
-0.5847 0.2506 1.0684 142 186 211
-0.5783 0.2506 1.0684 157 198 226
-0.5719 0.2506 1.0684 151 197 223
-0.5655 0.2506 1.0684 150 198 221
-0.5590 0.2506 1.0684 150 197 225
-0.5526 0.2506 1.0684 159 205 231
-0.5462 0.2506 1.0684 150 194 219
-0.5398 0.2506 1.0684 149 192 224
-0.5333 0.2506 1.0684 154 200 224
-0.5267 0.2505 1.0680 150 194 221
-0.5499 0.2648 1.1289 122 113 106
-0.4873 0.2375 1.0128 132 111 84
-0.4774 0.2357 1.0048 123 101 77
-0.4715 0.2357 1.0051 142 100 52
-0.4655 0.2358 1.0051 150 101 60
-0.4595 0.2358 1.0052 154 111 68
-0.4534 0.2358 1.0053 148 107 55
-0.4474 0.2358 1.0053 151 113 76
-0.4413 0.2358 1.0052 137 110 89
-0.4353 0.2358 1.0053 130 104 77
-0.4292 0.2358 1.0053 148 103 62
-0.4232 0.2358 1.0053 146 104 54
-0.4172 0.2358 1.0053 151 108 63
-0.4111 0.2358 1.0053 146 102 57
-0.4051 0.2358 1.0053 151 109 61
-0.3990 0.2358 1.0053 136 115 88
-0.3930 0.2358 1.0053 141 115 82
-0.3869 0.2358 1.0053 133 105 84
-0.3809 0.2358 1.0053 155 108 66
-0.3748 0.2358 1.0053 142 103 48
-0.3688 0.2358 1.0052 156 107 64
-0.3627 0.2358 1.0052 149 106 64
-0.3567 0.2358 1.0052 141 102 63
-0.3506 0.2358 1.0052 133 112 83
-0.3446 0.2358 1.0053 137 115 92
-0.3386 0.2358 1.0053 152 115 71
-0.3325 0.2358 1.0053 147 104 59
-0.3265 0.2358 1.0053 157 112 70
-0.3205 0.2358 1.0054 151 107 62
-0.3144 0.2358 1.0053 158 111 65
-0.3124 0.2389 1.0184 120 113 107
-0.3213 0.2506 1.0684 155 194 227
-0.3149 0.2506 1.0684 146 197 226
-0.3084 0.2506 1.0684 152 198 224
-0.3020 0.2506 1.0684 152 198 224
-0.2956 0.2506 1.0684 154 198 227
-0.2892 0.2506 1.0684 151 197 223
-0.2827 0.2506 1.0684 156 202 228
-0.2763 0.2506 1.0684 153 195 219
-0.2699 0.2506 1.0684 150 196 222
-0.2635 0.2506 1.0684 155 200 229
-0.2570 0.2506 1.0684 148 189 217
-0.2506 0.2506 1.0684 152 197 220
-0.2442 0.2506 1.0684 151 198 224
-0.2377 0.2506 1.0684 152 199 227
-0.2313 0.2506 1.0684 155 201 227
-0.2249 0.2506 1.0684 146 190 215
-0.2185 0.2506 1.0684 154 198 223
-0.2120 0.2506 1.0684 148 193 222
-0.2056 0.2506 1.0684 157 201 228
-0.1992 0.2506 1.0684 161 202 230
-0.1928 0.2506 1.0684 148 189 217
-0.1863 0.2506 1.0684 159 200 228
-0.1799 0.2506 1.0684 152 194 219
-0.1735 0.2506 1.0684 143 187 214
-0.1671 0.2506 1.0684 149 195 219
-0.1606 0.2506 1.0684 153 198 221
-0.1542 0.2506 1.0684 146 190 217
-0.1478 0.2506 1.0684 156 202 226
-0.1414 0.2506 1.0684 152 199 225
-0.1349 0.2506 1.0684 149 193 220
-0.1285 0.2506 1.0684 154 196 221
-0.1221 0.2506 1.0684 152 198 222
-0.1157 0.2506 1.0684 153 193 219
-0.1092 0.2506 1.0684 154 200 226
-0.1028 0.2506 1.0684 154 198 227
-0.0964 0.2506 1.0684 151 196 225
-0.0900 0.2506 1.0684 151 195 220
-0.0835 0.2506 1.0684 151 196 225
-0.0771 0.2506 1.0684 156 197 225
-0.0707 0.2506 1.0684 152 191 220
-0.0643 0.2506 1.0684 150 194 223
-0.0578 0.2506 1.0684 158 204 230
-0.0514 0.2506 1.0684 155 196 224
-0.0450 0.2506 1.0684 158 200 225
-0.0386 0.2506 1.0684 159 198 227
-0.0321 0.2506 1.0684 153 197 222
-0.0257 0.2506 1.0684 152 198 224
-0.0193 0.2506 1.0684 154 198 227
-0.0129 0.2506 1.0684 146 190 215
-0.0064 0.2506 1.0684 148 193 222
0.0000 0.2506 1.0684 155 201 227
0.0064 0.2506 1.0684 147 193 219
0.0129 0.2506 1.0684 152 196 223
0.0193 0.2506 1.0684 151 195 222
0.0257 0.2506 1.0684 147 191 218
0.0321 0.2506 1.0684 158 202 231
0.0386 0.2506 1.0684 144 188 217
0.0450 0.2506 1.0684 151 195 220
0.0514 0.2506 1.0684 150 196 222
0.0578 0.2506 1.0684 148 192 219
0.0643 0.2506 1.0684 148 192 221
0.0707 0.2506 1.0684 150 196 222
0.0771 0.2506 1.0684 153 197 226
0.0835 0.2506 1.0684 157 198 228
0.0900 0.2506 1.0684 148 193 222
0.0964 0.2506 1.0684 142 186 213
0.1028 0.2506 1.0684 153 194 222
0.1092 0.2506 1.0684 157 198 228
0.1157 0.2506 1.0684 152 196 221
0.1221 0.2506 1.0684 145 191 217
0.1285 0.2506 1.0684 147 193 219
0.1349 0.2506 1.0684 146 190 217
0.1414 0.2506 1.0684 150 196 222
0.1478 0.2506 1.0684 154 198 225
0.1542 0.2506 1.0684 159 200 228
0.1606 0.2506 1.0684 149 193 220
0.1671 0.2506 1.0684 157 201 230
0.1735 0.2506 1.0684 156 200 227
0.1799 0.2506 1.0684 156 202 228
0.1863 0.2506 1.0684 156 198 223
0.1928 0.2506 1.0684 149 193 218
0.1992 0.2506 1.0684 149 195 219
0.2056 0.2506 1.0684 155 197 221
0.2120 0.2506 1.0684 151 197 221
0.2185 0.2506 1.0684 155 199 224
0.2249 0.2506 1.0684 150 194 221
0.2313 0.2506 1.0684 154 198 225
0.2377 0.2506 1.0684 148 192 219
0.2442 0.2506 1.0684 152 196 223
0.2506 0.2506 1.0684 155 196 224
0.2570 0.2506 1.0684 154 198 225
0.2635 0.2506 1.0684 161 202 230
0.2699 0.2506 1.0684 154 198 223
0.2763 0.2506 1.0684 160 204 229
0.2827 0.2506 1.0684 155 197 221
0.2892 0.2506 1.0684 149 193 218
0.2956 0.2506 1.0684 149 193 220
0.3020 0.2506 1.0684 154 195 223
0.3084 0.2506 1.0684 152 198 224
0.3149 0.2506 1.0684 151 199 222
0.3244 0.2531 1.0789 152 191 224
0.3162 0.2418 1.0308 120 113 103
0.3145 0.2359 1.0056 127 104 73
0.3204 0.2358 1.0053 158 106 67
0.3265 0.2358 1.0053 157 115 67
0.3325 0.2358 1.0053 147 105 57
0.3386 0.2358 1.0053 145 102 57
0.3446 0.2358 1.0053 143 118 87
0.3507 0.2358 1.0053 131 106 75
0.3567 0.2358 1.0053 134 110 82
0.3627 0.2358 1.0053 147 105 63
0.3688 0.2358 1.0052 149 104 62
0.3748 0.2358 1.0052 142 97 55
0.3809 0.2358 1.0052 148 103 61
0.3869 0.2358 1.0052 150 106 61
0.3929 0.2358 1.0051 138 113 82
0.3989 0.2357 1.0051 127 108 76
0.4050 0.2357 1.0051 148 120 80
0.4110 0.2357 1.0050 139 94 52
0.4171 0.2357 1.0050 141 94 52
0.4231 0.2357 1.0050 147 100 58
0.4291 0.2357 1.0050 153 108 66
0.4352 0.2357 1.0050 141 110 81
0.4412 0.2357 1.0050 136 112 88
0.4473 0.2357 1.0050 124 100 74
0.4533 0.2357 1.0050 150 107 62
0.4593 0.2357 1.0049 151 106 64
0.4653 0.2357 1.0048 156 108 59
0.4714 0.2357 1.0048 156 115 69
0.4774 0.2357 1.0049 152 105 59
0.4866 0.2372 1.0113 138 112 87
0.5371 0.2586 1.1026 105 107 102
0.5269 0.2506 1.0684 155 203 226
0.5333 0.2506 1.0684 155 201 225
0.5398 0.2506 1.0684 141 188 214
0.5462 0.2506 1.0684 162 203 233
0.5526 0.2506 1.0684 158 204 230
0.5590 0.2506 1.0684 150 192 217
0.5655 0.2506 1.0684 147 195 218
0.5719 0.2506 1.0684 156 197 225
0.5783 0.2506 1.0684 143 189 215
0.5847 0.2506 1.0684 152 198 222
0.5912 0.2506 1.0684 159 200 228
0.5976 0.2506 1.0684 156 197 227
0.6040 0.2506 1.0684 147 191 220
0.6104 0.2506 1.0684 153 197 224
-0.6169 0.2442 1.0684 147 193 217
-0.6104 0.2442 1.0684 151 193 218
-0.6040 0.2442 1.0684 145 186 214
-0.5976 0.2442 1.0684 146 190 219
-0.5912 0.2442 1.0684 154 198 225
-0.5847 0.2442 1.0684 144 188 215
-0.5783 0.2442 1.0684 152 198 224
-0.5719 0.2442 1.0684 151 197 223
-0.5655 0.2442 1.0684 149 195 219
-0.5590 0.2442 1.0684 148 193 222
-0.5526 0.2442 1.0684 151 197 223
-0.5462 0.2442 1.0684 150 198 221
-0.5398 0.2442 1.0684 156 202 226
-0.5333 0.2442 1.0684 152 195 229
-0.5336 0.2473 1.0821 147 186 217
-0.4991 0.2341 1.0246 139 111 87
-0.4838 0.2298 1.0055 150 98 61
-0.4776 0.2297 1.0052 145 107 60
-0.4715 0.2297 1.0052 154 108 59
-0.4655 0.2297 1.0052 153 101 62
-0.4595 0.2297 1.0053 156 112 65
-0.4534 0.2297 1.0053 151 102 59
-0.4474 0.2297 1.0052 152 111 65
-0.4413 0.2297 1.0052 152 109 64
-0.4353 0.2297 1.0052 150 103 61
-0.4292 0.2297 1.0052 146 97 56
-0.4232 0.2297 1.0052 157 108 67
-0.4171 0.2297 1.0052 148 103 61
-0.4111 0.2297 1.0052 151 102 59
-0.4050 0.2297 1.0052 147 104 61
-0.3990 0.2297 1.0052 151 104 62
-0.3930 0.2297 1.0052 152 113 58
-0.3869 0.2297 1.0052 153 115 66
-0.3809 0.2297 1.0052 149 104 65
-0.3748 0.2297 1.0052 151 108 65
-0.3688 0.2297 1.0052 145 101 54
-0.3627 0.2297 1.0052 152 105 61
-0.3567 0.2297 1.0051 149 106 63
-0.3506 0.2297 1.0052 145 102 57
-0.3446 0.2297 1.0052 151 107 60
-0.3385 0.2297 1.0052 157 113 66
-0.3325 0.2297 1.0052 150 103 59
-0.3265 0.2297 1.0053 150 103 59
-0.3205 0.2298 1.0054 156 107 64
-0.3144 0.2297 1.0052 148 106 58
-0.3124 0.2328 1.0186 126 112 99
-0.3213 0.2442 1.0684 157 192 224
-0.3149 0.2442 1.0684 156 197 219
-0.3084 0.2442 1.0684 154 193 224
-0.3020 0.2442 1.0684 152 199 225
-0.2956 0.2442 1.0684 150 197 225
-0.2892 0.2442 1.0684 149 193 220
-0.2827 0.2442 1.0684 150 196 220
-0.2763 0.2442 1.0684 150 194 223
-0.2699 0.2442 1.0684 149 191 216
-0.2635 0.2442 1.0684 157 202 231
-0.2570 0.2442 1.0684 151 197 223
-0.2506 0.2442 1.0684 155 201 227
-0.2442 0.2442 1.0684 152 198 224
-0.2377 0.2442 1.0684 146 190 217
-0.2313 0.2442 1.0684 158 200 225
-0.2249 0.2442 1.0684 151 197 221
-0.2185 0.2442 1.0684 148 194 220
-0.2120 0.2442 1.0684 148 192 221
-0.2056 0.2442 1.0684 149 195 221
-0.1992 0.2442 1.0684 150 194 221
-0.1928 0.2442 1.0684 156 197 225
-0.1863 0.2442 1.0684 157 198 226
-0.1799 0.2442 1.0684 148 194 220
-0.1735 0.2442 1.0684 156 199 231
-0.1671 0.2442 1.0684 152 193 225
-0.1606 0.2442 1.0684 152 196 223
-0.1542 0.2442 1.0684 150 196 220
-0.1478 0.2442 1.0684 152 197 226
-0.1414 0.2442 1.0684 149 195 219
-0.1349 0.2442 1.0684 151 192 220
-0.1285 0.2442 1.0684 150 194 221
-0.1221 0.2442 1.0684 154 198 225
-0.1157 0.2442 1.0684 150 196 222
-0.1092 0.2442 1.0684 148 194 218
-0.1028 0.2442 1.0684 141 188 216
-0.0964 0.2442 1.0684 142 187 216
-0.0900 0.2442 1.0684 146 190 217
-0.0835 0.2442 1.0684 149 194 223
-0.0771 0.2442 1.0684 157 204 230
-0.0707 0.2442 1.0684 145 191 217
-0.0643 0.2442 1.0684 146 190 219
-0.0578 0.2442 1.0684 152 193 223
-0.0514 0.2442 1.0684 150 191 219
-0.0450 0.2442 1.0684 150 195 218
-0.0386 0.2442 1.0684 156 203 229
-0.0321 0.2442 1.0684 149 193 220
-0.0257 0.2442 1.0684 145 191 217
-0.0193 0.2442 1.0684 148 195 225
-0.0129 0.2442 1.0684 153 199 225
-0.0064 0.2442 1.0684 149 193 220
0.0000 0.2442 1.0684 150 196 222
0.0064 0.2442 1.0684 146 192 218
0.0129 0.2442 1.0684 154 198 225
0.0193 0.2442 1.0684 150 192 217
0.0257 0.2442 1.0684 152 196 223
0.0321 0.2442 1.0684 151 195 222
0.0386 0.2442 1.0684 147 193 219
0.0450 0.2442 1.0684 147 192 221
0.0514 0.2442 1.0684 153 199 223
0.0578 0.2442 1.0684 154 198 223
0.0643 0.2442 1.0684 148 192 217
0.0707 0.2442 1.0684 155 199 226
0.0771 0.2442 1.0684 152 196 223
0.0835 0.2442 1.0684 155 196 224
0.0900 0.2442 1.0684 152 196 223
0.0964 0.2442 1.0684 150 194 223
0.1028 0.2442 1.0684 144 190 216
0.1092 0.2442 1.0684 148 194 220
0.1157 0.2442 1.0684 149 193 218
0.1221 0.2442 1.0684 152 196 223
0.1285 0.2442 1.0684 151 195 220
0.1349 0.2442 1.0684 151 194 226
0.1414 0.2442 1.0684 149 195 221
0.1478 0.2442 1.0684 150 195 218
0.1542 0.2442 1.0684 146 190 217
0.1606 0.2442 1.0684 147 192 221
0.1671 0.2442 1.0684 148 193 222
0.1735 0.2442 1.0684 157 202 231
0.1799 0.2442 1.0684 154 198 227
0.1863 0.2442 1.0684 150 194 223
0.1928 0.2442 1.0684 152 198 224
0.1992 0.2442 1.0684 148 194 220
0.2056 0.2442 1.0684 153 194 222
0.2120 0.2442 1.0684 142 188 214
0.2185 0.2442 1.0684 148 192 221
0.2249 0.2442 1.0684 159 203 232
0.2313 0.2442 1.0684 148 194 218
0.2377 0.2442 1.0684 141 185 210
0.2442 0.2442 1.0684 147 188 216
0.2506 0.2442 1.0684 157 198 226
0.2570 0.2442 1.0684 154 198 227
0.2635 0.2442 1.0684 149 190 218
0.2699 0.2442 1.0684 147 191 216
0.2763 0.2442 1.0684 148 194 218
0.2827 0.2442 1.0684 155 201 224
0.2892 0.2442 1.0684 151 197 221
0.2956 0.2442 1.0684 152 198 222
0.3020 0.2442 1.0684 151 195 222
0.3084 0.2442 1.0684 143 191 214
0.3149 0.2442 1.0684 149 196 222
0.3290 0.2500 1.0941 147 194 220
0.3110 0.2317 1.0140 127 106 75
0.3145 0.2298 1.0055 146 105 53
0.3205 0.2298 1.0054 143 99 62
0.3265 0.2298 1.0054 147 103 58
0.3325 0.2298 1.0054 150 101 60
0.3386 0.2298 1.0053 147 106 54
0.3446 0.2297 1.0053 157 108 67
0.3507 0.2297 1.0053 154 112 64
0.3567 0.2297 1.0052 158 106 66
0.3627 0.2297 1.0052 149 107 57
0.3688 0.2297 1.0052 148 104 57
0.3748 0.2297 1.0052 157 113 68
0.3808 0.2297 1.0051 151 108 65
0.3869 0.2297 1.0051 154 114 63
0.3929 0.2297 1.0051 151 103 63
0.3989 0.2297 1.0051 143 105 60
0.4050 0.2297 1.0050 153 108 67
0.4110 0.2297 1.0050 151 104 58
0.4171 0.2297 1.0050 148 105 60
0.4231 0.2297 1.0050 148 104 59
0.4291 0.2297 1.0050 153 106 64
0.4352 0.2297 1.0050 143 102 56
0.4412 0.2297 1.0050 146 97 54
0.4473 0.2297 1.0050 136 102 54
0.4533 0.2297 1.0050 155 103 66
0.4593 0.2297 1.0049 148 100 52
0.4653 0.2297 1.0049 145 103 55
0.4714 0.2297 1.0049 149 111 62
0.4775 0.2297 1.0050 159 114 73
0.4848 0.2303 1.0076 145 97 57
0.5191 0.2435 1.0656 125 109 94
0.5269 0.2442 1.0684 141 191 214
0.5333 0.2442 1.0684 152 198 222
0.5398 0.2442 1.0684 152 197 218
0.5462 0.2442 1.0684 151 197 221
0.5526 0.2442 1.0684 155 199 226
0.5590 0.2442 1.0684 151 195 224
0.5655 0.2442 1.0684 147 193 219
0.5719 0.2442 1.0684 149 193 220
0.5783 0.2442 1.0684 160 204 231
0.5847 0.2442 1.0684 149 193 218
0.5912 0.2442 1.0684 150 194 223
0.5976 0.2442 1.0684 157 201 230
0.6040 0.2442 1.0684 155 201 227
0.6104 0.2442 1.0684 155 201 225
-0.6169 0.2377 1.0684 149 194 223
-0.6104 0.2377 1.0684 151 192 220
-0.6040 0.2377 1.0684 155 196 224
-0.5976 0.2377 1.0684 149 193 220
-0.5912 0.2377 1.0684 150 196 222
-0.5847 0.2377 1.0684 153 194 222
-0.5783 0.2377 1.0684 152 197 226
-0.5719 0.2377 1.0684 156 195 226
-0.5655 0.2377 1.0684 153 197 222
-0.5590 0.2377 1.0684 150 194 223
-0.5526 0.2377 1.0684 156 200 227
-0.5462 0.2377 1.0684 143 189 215
-0.5398 0.2377 1.0684 154 200 226
-0.5333 0.2377 1.0684 150 194 221
-0.5416 0.2444 1.0982 153 197 222
-0.4931 0.2253 1.0123 132 113 83
-0.4838 0.2237 1.0055 144 101 59
-0.4776 0.2237 1.0052 146 105 61
-0.4715 0.2237 1.0052 152 101 58
-0.4655 0.2237 1.0052 154 108 59
-0.4595 0.2237 1.0053 151 101 64
-0.4534 0.2237 1.0053 149 106 64
-0.4474 0.2237 1.0052 149 102 60
-0.4413 0.2237 1.0052 144 107 55
-0.4353 0.2237 1.0052 154 108 59
-0.4292 0.2237 1.0052 143 101 53
-0.4232 0.2237 1.0052 145 96 56
-0.4171 0.2237 1.0052 153 100 56
-0.4111 0.2237 1.0052 158 112 62
-0.4050 0.2237 1.0052 153 106 62
-0.3990 0.2237 1.0052 152 105 61
-0.3929 0.2237 1.0052 148 108 59
-0.3869 0.2237 1.0052 154 110 63
-0.3808 0.2237 1.0051 147 104 61
-0.3748 0.2237 1.0051 156 106 69
-0.3687 0.2237 1.0051 151 103 63
-0.3627 0.2237 1.0051 153 106 60
-0.3566 0.2237 1.0051 148 103 62
-0.3506 0.2237 1.0051 150 110 59
-0.3446 0.2237 1.0052 156 111 69
-0.3385 0.2237 1.0052 151 104 60
-0.3325 0.2237 1.0052 147 103 58
-0.3265 0.2237 1.0052 152 108 63
-0.3204 0.2237 1.0053 150 106 61
-0.3143 0.2237 1.0051 155 110 68
-0.3124 0.2266 1.0185 115 107 96
-0.3213 0.2377 1.0684 152 196 223
-0.3149 0.2377 1.0684 157 198 220
-0.3084 0.2377 1.0684 152 196 225
-0.3020 0.2377 1.0684 152 191 220
-0.2956 0.2377 1.0684 154 200 226
-0.2892 0.2377 1.0684 151 195 222
-0.2827 0.2377 1.0684 157 196 229
-0.2763 0.2377 1.0684 159 205 229
-0.2699 0.2377 1.0684 155 199 226
-0.2635 0.2377 1.0684 150 191 221
-0.2570 0.2377 1.0684 159 207 230
-0.2506 0.2377 1.0684 151 194 226
-0.2442 0.2377 1.0684 152 193 221
-0.2377 0.2377 1.0684 154 196 221
-0.2313 0.2377 1.0684 148 192 219
-0.2249 0.2377 1.0684 149 193 220
-0.2185 0.2377 1.0684 156 200 229
-0.2120 0.2377 1.0684 153 197 224
-0.2056 0.2377 1.0684 151 192 220
-0.1992 0.2377 1.0684 142 186 213
-0.1928 0.2377 1.0684 144 189 218
-0.1863 0.2377 1.0684 145 191 217
-0.1799 0.2377 1.0684 157 201 230
-0.1735 0.2377 1.0684 147 191 220
-0.1671 0.2377 1.0684 149 193 222
-0.1606 0.2377 1.0684 153 194 224
-0.1542 0.2377 1.0684 156 200 227
-0.1478 0.2377 1.0684 145 190 221
-0.1414 0.2377 1.0684 151 195 220
-0.1349 0.2377 1.0684 151 193 218
-0.1285 0.2377 1.0684 149 193 220
-0.1221 0.2377 1.0684 150 191 221
-0.1157 0.2377 1.0684 148 195 223
-0.1092 0.2377 1.0684 145 186 214
-0.1028 0.2377 1.0684 150 194 221
-0.0964 0.2377 1.0684 150 194 221
-0.0900 0.2377 1.0684 150 191 219
-0.0835 0.2377 1.0684 152 195 227
-0.0771 0.2377 1.0684 163 204 232
-0.0707 0.2377 1.0684 149 193 220
-0.0643 0.2377 1.0684 148 192 219
-0.0578 0.2377 1.0684 155 199 226
-0.0514 0.2377 1.0684 147 194 222
-0.0450 0.2377 1.0684 149 190 218
-0.0386 0.2377 1.0684 149 188 217
-0.0321 0.2377 1.0684 150 196 222
-0.0257 0.2377 1.0684 146 192 216
-0.0193 0.2377 1.0684 158 203 232
-0.0129 0.2377 1.0684 146 192 218
-0.0064 0.2377 1.0684 152 196 223
0.0000 0.2377 1.0684 156 200 227
0.0064 0.2377 1.0684 150 194 221
0.0129 0.2377 1.0684 153 199 225
0.0193 0.2377 1.0684 150 196 222
0.0257 0.2377 1.0684 146 190 217
0.0321 0.2377 1.0684 150 194 221
0.0386 0.2377 1.0684 150 194 221
0.0450 0.2377 1.0684 141 186 215
0.0514 0.2377 1.0684 152 198 224
0.0578 0.2377 1.0684 148 192 221
0.0643 0.2377 1.0684 139 182 214
0.0707 0.2377 1.0684 148 192 219
0.0771 0.2377 1.0684 143 189 215
0.0835 0.2377 1.0684 157 198 226
0.0900 0.2377 1.0684 145 189 214
0.0964 0.2377 1.0684 158 202 231
0.1028 0.2377 1.0684 154 200 226
0.1092 0.2377 1.0684 142 188 214
0.1157 0.2377 1.0684 145 189 214
0.1221 0.2377 1.0684 147 191 218
0.1285 0.2377 1.0684 165 206 236
0.1349 0.2377 1.0684 151 192 220
0.1414 0.2377 1.0684 156 200 229
0.1478 0.2377 1.0684 158 199 227
0.1542 0.2377 1.0684 149 191 216
0.1606 0.2377 1.0684 149 193 220
0.1671 0.2377 1.0684 150 195 224
0.1735 0.2377 1.0684 151 196 225
0.1799 0.2377 1.0684 149 190 218
0.1863 0.2377 1.0684 142 186 213
0.1928 0.2377 1.0684 147 195 218
0.1992 0.2377 1.0684 155 199 226
0.2056 0.2377 1.0684 151 192 220
0.2120 0.2377 1.0684 152 198 224
0.2185 0.2377 1.0684 149 193 220
0.2249 0.2377 1.0684 157 198 226
0.2313 0.2377 1.0684 161 207 231
0.2377 0.2377 1.0684 149 193 220
0.2442 0.2377 1.0684 153 194 222
0.2506 0.2377 1.0684 151 195 222
0.2570 0.2377 1.0684 148 195 223
0.2635 0.2377 1.0684 152 197 226
0.2699 0.2377 1.0684 155 202 228
0.2763 0.2377 1.0684 150 196 222
0.2827 0.2377 1.0684 157 203 229
0.2892 0.2377 1.0684 151 197 221
0.2956 0.2377 1.0684 151 195 220
0.3020 0.2377 1.0684 148 190 215
0.3084 0.2377 1.0684 144 190 214
0.3149 0.2377 1.0684 143 188 219
0.3326 0.2461 1.1059 157 199 224
0.3098 0.2248 1.0102 139 116 85
0.3145 0.2238 1.0055 152 106 57
0.3205 0.2237 1.0054 154 117 65
0.3265 0.2237 1.0054 140 103 51
0.3326 0.2237 1.0054 153 101 62
0.3386 0.2237 1.0054 144 104 52
0.3446 0.2237 1.0053 152 105 61
0.3507 0.2237 1.0053 147 102 61
0.3567 0.2237 1.0052 148 95 61
0.3627 0.2237 1.0052 153 106 60
0.3688 0.2237 1.0052 153 110 65
0.3748 0.2237 1.0051 148 107 63
0.3808 0.2237 1.0051 150 106 59
0.3869 0.2237 1.0051 157 109 61
0.3929 0.2236 1.0051 145 100 59
0.3989 0.2236 1.0050 154 113 69
0.4050 0.2236 1.0050 156 107 66
0.4110 0.2236 1.0050 145 96 53
0.4171 0.2236 1.0050 148 105 60
0.4231 0.2236 1.0050 148 107 61
0.4291 0.2236 1.0050 149 104 62
0.4352 0.2236 1.0050 144 101 58
0.4412 0.2236 1.0050 149 112 60
0.4473 0.2236 1.0050 150 103 59
0.4533 0.2236 1.0050 151 108 66
0.4593 0.2236 1.0049 151 104 60
0.4654 0.2236 1.0049 151 102 61
0.4714 0.2236 1.0049 154 112 62
0.4775 0.2236 1.0050 148 110 61
0.4841 0.2239 1.0062 149 106 63
0.5039 0.2302 1.0344 123 108 85
0.5269 0.2377 1.0684 152 194 219
0.5333 0.2377 1.0684 152 196 223
0.5398 0.2377 1.0684 153 195 220
0.5462 0.2377 1.0684 152 196 223
0.5526 0.2377 1.0684 147 191 218
0.5590 0.2377 1.0684 156 202 228
0.5655 0.2377 1.0684 151 197 223
0.5719 0.2377 1.0684 157 203 229
0.5783 0.2377 1.0684 153 197 224
0.5847 0.2377 1.0684 141 189 212
0.5912 0.2377 1.0684 149 195 221
0.5976 0.2377 1.0684 157 202 231
0.6040 0.2377 1.0684 151 195 222
0.6104 0.2377 1.0684 160 204 229
-0.6169 0.2313 1.0684 150 192 216
-0.6104 0.2313 1.0684 140 182 207
-0.6040 0.2313 1.0684 154 198 225
-0.5976 0.2313 1.0684 151 199 222
-0.5912 0.2313 1.0684 145 189 218
-0.5847 0.2313 1.0684 151 192 222
-0.5783 0.2313 1.0684 152 196 225
-0.5719 0.2313 1.0684 155 196 224
-0.5655 0.2313 1.0684 151 196 219
-0.5590 0.2313 1.0684 159 198 227
-0.5526 0.2313 1.0684 153 194 222
-0.5462 0.2313 1.0684 150 194 219
-0.5398 0.2313 1.0684 152 196 225
-0.5333 0.2313 1.0684 154 196 221
-0.5424 0.2381 1.0998 155 197 221
-0.4929 0.2191 1.0118 135 111 87
-0.4837 0.2177 1.0054 153 108 66
-0.4776 0.2176 1.0052 150 103 57
-0.4715 0.2176 1.0052 143 102 56
-0.4655 0.2176 1.0052 155 108 64
-0.4595 0.2176 1.0052 152 109 66
-0.4534 0.2176 1.0052 159 117 69
-0.4474 0.2176 1.0052 154 105 62
-0.4413 0.2176 1.0052 151 102 59
-0.4353 0.2176 1.0052 151 104 60
-0.4292 0.2176 1.0052 147 100 54
-0.4232 0.2176 1.0052 149 105 60
-0.4171 0.2176 1.0051 148 102 53
-0.4111 0.2176 1.0051 149 104 62
-0.4050 0.2176 1.0051 144 100 53
-0.3990 0.2176 1.0051 145 101 56
-0.3929 0.2176 1.0051 152 105 63
-0.3869 0.2176 1.0051 153 106 64
-0.3808 0.2176 1.0051 158 113 72
-0.3748 0.2176 1.0051 149 105 58
-0.3687 0.2176 1.0050 151 106 64
-0.3627 0.2176 1.0050 154 107 63
-0.3566 0.2176 1.0051 149 101 55
-0.3506 0.2176 1.0051 147 100 54
-0.3445 0.2176 1.0051 149 101 61
-0.3385 0.2176 1.0051 152 104 66
-0.3325 0.2176 1.0051 152 103 63
-0.3264 0.2176 1.0052 152 109 67
-0.3204 0.2176 1.0052 147 98 57
-0.3143 0.2176 1.0050 146 101 59
-0.3124 0.2205 1.0185 118 107 89
-0.3213 0.2313 1.0684 151 196 227
-0.3149 0.2313 1.0684 152 192 218
-0.3084 0.2313 1.0684 150 194 223
-0.3020 0.2313 1.0684 154 193 222
-0.2956 0.2313 1.0684 152 193 221
-0.2892 0.2313 1.0684 156 200 227
-0.2827 0.2313 1.0684 154 196 221
-0.2763 0.2313 1.0684 154 200 226
-0.2699 0.2313 1.0684 155 196 224
-0.2635 0.2313 1.0684 147 189 214
-0.2570 0.2313 1.0684 152 198 222
-0.2506 0.2313 1.0684 155 196 226
-0.2442 0.2313 1.0684 159 201 226
-0.2377 0.2313 1.0684 143 187 216
-0.2313 0.2313 1.0684 158 204 228
-0.2249 0.2313 1.0684 156 197 227
-0.2185 0.2313 1.0684 155 191 225
-0.2120 0.2313 1.0684 147 191 218
-0.2056 0.2313 1.0684 157 198 230
-0.1992 0.2313 1.0684 155 194 227
-0.1928 0.2313 1.0684 152 191 220
-0.1863 0.2313 1.0684 160 201 229
-0.1799 0.2313 1.0684 151 197 223
-0.1735 0.2313 1.0684 152 196 223
-0.1671 0.2313 1.0684 155 196 224
-0.1606 0.2313 1.0684 154 193 222
-0.1542 0.2313 1.0684 158 199 227
-0.1478 0.2313 1.0684 152 196 223
-0.1414 0.2313 1.0684 146 192 218
-0.1349 0.2313 1.0684 141 185 212
-0.1285 0.2313 1.0684 145 189 216
-0.1221 0.2313 1.0684 151 192 220
-0.1157 0.2313 1.0684 156 197 225
-0.1092 0.2313 1.0684 152 191 220
-0.1028 0.2313 1.0684 150 195 218
-0.0964 0.2313 1.0684 151 195 224
-0.0900 0.2313 1.0684 157 199 224
-0.0835 0.2313 1.0684 145 186 218
-0.0771 0.2313 1.0684 145 191 217
-0.0707 0.2313 1.0684 154 200 223
-0.0643 0.2313 1.0684 147 191 216
-0.0578 0.2313 1.0684 155 195 221
-0.0514 0.2313 1.0684 153 193 219
-0.0450 0.2313 1.0684 150 194 219
-0.0386 0.2313 1.0684 148 192 217
-0.0321 0.2313 1.0684 155 197 222
-0.0257 0.2313 1.0684 152 196 221
-0.0193 0.2313 1.0684 145 189 216
-0.0129 0.2313 1.0684 148 192 219
-0.0064 0.2313 1.0684 152 198 224
0.0000 0.2313 1.0684 149 194 217
0.0064 0.2313 1.0684 147 193 217
0.0129 0.2313 1.0684 147 192 221
0.0193 0.2313 1.0684 151 193 218
0.0257 0.2313 1.0684 151 195 220
0.0321 0.2313 1.0684 153 194 222
0.0386 0.2313 1.0684 159 198 227
0.0450 0.2313 1.0684 148 188 214
0.0514 0.2313 1.0684 156 202 226
0.0578 0.2313 1.0684 145 186 214
0.0643 0.2313 1.0684 149 188 219
0.0707 0.2313 1.0684 147 191 218
0.0771 0.2313 1.0684 153 199 225
0.0835 0.2313 1.0684 153 198 227
0.0900 0.2313 1.0684 150 194 219
0.0964 0.2313 1.0684 153 197 222
0.1028 0.2313 1.0684 155 200 223
0.1092 0.2313 1.0684 152 193 223
0.1157 0.2313 1.0684 144 190 214
0.1221 0.2313 1.0684 149 194 223
0.1285 0.2313 1.0684 141 182 214
0.1349 0.2313 1.0684 149 193 220
0.1414 0.2313 1.0684 144 190 216
0.1478 0.2313 1.0684 146 187 215
0.1542 0.2313 1.0684 156 195 224
0.1606 0.2313 1.0684 148 192 219
0.1671 0.2313 1.0684 160 204 231
0.1735 0.2313 1.0684 156 193 222
0.1799 0.2313 1.0684 150 194 221
0.1863 0.2313 1.0684 150 191 219
0.1928 0.2313 1.0684 150 194 219
0.1992 0.2313 1.0684 149 193 220
0.2056 0.2313 1.0684 155 197 222
0.2120 0.2313 1.0684 155 197 222
0.2185 0.2313 1.0684 152 196 223
0.2249 0.2313 1.0684 150 194 219
0.2313 0.2313 1.0684 154 199 222
0.2377 0.2313 1.0684 156 200 227
0.2442 0.2313 1.0684 150 194 223
0.2506 0.2313 1.0684 145 190 219
0.2570 0.2313 1.0684 150 195 224
0.2635 0.2313 1.0684 158 202 229
0.2699 0.2313 1.0684 152 196 223
0.2763 0.2313 1.0684 153 197 224
0.2827 0.2313 1.0684 154 198 225
0.2892 0.2313 1.0684 151 195 220
0.2956 0.2313 1.0684 155 199 226
0.3020 0.2313 1.0684 157 198 228
0.3084 0.2313 1.0684 154 195 227
0.3149 0.2313 1.0684 152 198 224
0.3223 0.2321 1.0719 147 195 218
0.3094 0.2184 1.0088 132 111 84
0.3145 0.2177 1.0056 155 107 61
0.3205 0.2177 1.0055 144 102 54
0.3265 0.2177 1.0054 151 102 59
0.3326 0.2177 1.0054 148 105 62
0.3386 0.2177 1.0054 144 100 55
0.3446 0.2177 1.0053 152 108 63
0.3507 0.2176 1.0053 150 103 61
0.3567 0.2176 1.0052 152 105 61
0.3627 0.2176 1.0052 152 103 62
0.3687 0.2176 1.0051 154 107 65
0.3748 0.2176 1.0051 148 104 59
0.3808 0.2176 1.0051 152 108 63
0.3869 0.2176 1.0051 151 104 60
0.3929 0.2176 1.0051 153 109 64
0.3989 0.2176 1.0050 154 110 61
0.4050 0.2176 1.0050 149 106 61
0.4110 0.2176 1.0050 154 106 60
0.4170 0.2176 1.0050 156 112 67
0.4231 0.2176 1.0050 157 110 68
0.4291 0.2176 1.0050 147 104 61
0.4352 0.2176 1.0050 156 109 63
0.4412 0.2176 1.0050 151 107 60
0.4473 0.2176 1.0050 150 103 59
0.4533 0.2176 1.0050 147 103 58
0.4593 0.2176 1.0049 143 99 52
0.4654 0.2176 1.0049 155 106 63
0.4714 0.2176 1.0049 152 105 61
0.4774 0.2176 1.0049 158 111 67
0.4838 0.2177 1.0056 150 107 62
0.5007 0.2225 1.0279 125 112 96
0.5269 0.2313 1.0684 143 190 218
0.5333 0.2313 1.0684 146 190 217
0.5398 0.2313 1.0684 150 194 221
0.5462 0.2313 1.0684 153 194 222
0.5526 0.2313 1.0684 142 188 214
0.5590 0.2313 1.0684 152 196 223
0.5655 0.2313 1.0684 150 194 221
0.5719 0.2313 1.0684 147 192 221
0.5783 0.2313 1.0684 150 194 219
0.5847 0.2313 1.0684 150 194 221
0.5912 0.2313 1.0684 155 199 226
0.5976 0.2313 1.0684 151 195 222
0.6040 0.2313 1.0684 148 192 221
0.6104 0.2313 1.0684 152 193 221
-0.6169 0.2249 1.0684 154 198 223
-0.6104 0.2249 1.0684 139 180 208
-0.6040 0.2249 1.0684 156 195 224
-0.5976 0.2249 1.0684 143 188 217
-0.5912 0.2249 1.0684 149 191 216
-0.5847 0.2249 1.0684 148 190 215
-0.5783 0.2249 1.0684 152 196 225
-0.5719 0.2249 1.0684 148 192 221
-0.5655 0.2249 1.0684 148 194 218
-0.5590 0.2249 1.0684 153 197 224
-0.5526 0.2249 1.0684 149 188 217
-0.5462 0.2249 1.0684 149 190 218
-0.5398 0.2249 1.0684 153 197 226
-0.5333 0.2249 1.0684 158 199 227
-0.5431 0.2318 1.1014 142 183 215
-0.4927 0.2129 1.0113 135 110 88
-0.4837 0.2116 1.0053 151 108 65
-0.4776 0.2116 1.0052 151 102 59
-0.4715 0.2116 1.0052 153 102 59
-0.4655 0.2116 1.0052 156 109 67
-0.4595 0.2116 1.0052 151 104 60
-0.4534 0.2116 1.0052 146 99 53
-0.4473 0.2116 1.0052 154 107 65
-0.4413 0.2116 1.0051 146 101 59
-0.4352 0.2116 1.0051 156 107 64
-0.4292 0.2116 1.0051 154 106 60
-0.4231 0.2116 1.0051 146 103 58
-0.4171 0.2116 1.0051 144 104 53
-0.4110 0.2116 1.0051 150 106 61
-0.4050 0.2116 1.0051 158 114 69
-0.3989 0.2116 1.0051 152 108 63
-0.3929 0.2116 1.0051 150 103 59
-0.3868 0.2116 1.0051 150 106 61
-0.3808 0.2116 1.0050 151 107 60
-0.3747 0.2115 1.0050 150 108 58
-0.3687 0.2115 1.0050 150 106 59
-0.3626 0.2115 1.0050 156 109 65
-0.3566 0.2115 1.0050 154 110 63
-0.3506 0.2115 1.0050 153 109 64
-0.3445 0.2115 1.0050 147 102 60
-0.3385 0.2115 1.0050 152 105 59
-0.3324 0.2116 1.0050 157 113 64
-0.3264 0.2116 1.0051 153 106 62
-0.3204 0.2116 1.0051 152 105 63
-0.3142 0.2115 1.0049 149 101 61
-0.3123 0.2143 1.0181 120 107 91
-0.3213 0.2249 1.0684 154 198 225
-0.3149 0.2249 1.0684 151 191 217
-0.3084 0.2249 1.0684 152 193 223
-0.3020 0.2249 1.0684 151 192 222
-0.2956 0.2249 1.0684 156 197 227
-0.2892 0.2249 1.0684 155 199 228
-0.2827 0.2249 1.0684 154 198 225
-0.2763 0.2249 1.0684 153 198 227
-0.2699 0.2249 1.0684 155 196 226
-0.2635 0.2249 1.0684 155 196 224
-0.2570 0.2249 1.0684 151 195 222
-0.2506 0.2249 1.0684 150 192 217
-0.2442 0.2249 1.0684 154 195 227
-0.2377 0.2249 1.0684 151 196 219
-0.2313 0.2249 1.0684 155 196 224
-0.2249 0.2249 1.0684 147 191 218
-0.2185 0.2249 1.0684 157 196 227
-0.2120 0.2249 1.0684 148 192 219
-0.2056 0.2249 1.0684 150 194 221
-0.1992 0.2249 1.0684 151 195 224
-0.1928 0.2249 1.0684 150 194 221
-0.1863 0.2249 1.0684 147 191 218
-0.1799 0.2249 1.0684 152 198 224
-0.1735 0.2249 1.0684 158 202 229
-0.1671 0.2249 1.0684 153 194 224
-0.1606 0.2249 1.0684 150 191 219
-0.1542 0.2249 1.0684 158 202 227
-0.1478 0.2249 1.0684 151 193 218
-0.1414 0.2249 1.0684 158 193 221
-0.1349 0.2249 1.0684 152 194 219
-0.1285 0.2249 1.0684 151 194 226
-0.1221 0.2249 1.0684 154 197 229
-0.1157 0.2249 1.0684 147 191 220
-0.1092 0.2249 1.0684 153 198 227
-0.1028 0.2249 1.0684 155 199 226
-0.0964 0.2249 1.0684 146 190 215
-0.0900 0.2249 1.0684 146 190 219
-0.0835 0.2249 1.0684 143 187 214
-0.0771 0.2249 1.0684 150 196 220
-0.0707 0.2249 1.0684 148 193 222
-0.0643 0.2249 1.0684 148 192 217
-0.0578 0.2249 1.0684 150 192 216
-0.0514 0.2249 1.0684 149 190 220
-0.0450 0.2249 1.0684 152 199 227
-0.0386 0.2249 1.0684 154 195 225
-0.0321 0.2249 1.0684 146 190 219
-0.0257 0.2249 1.0684 153 199 225
-0.0193 0.2249 1.0684 156 197 225
-0.0129 0.2249 1.0684 144 183 212
-0.0064 0.2249 1.0684 154 196 221
0.0000 0.2249 1.0684 154 198 225
0.0064 0.2249 1.0684 144 188 217
0.0129 0.2249 1.0684 154 199 230
0.0193 0.2249 1.0684 151 192 222
0.0257 0.2249 1.0684 150 194 221
0.0321 0.2249 1.0684 150 194 221
0.0386 0.2249 1.0684 150 194 221
0.0450 0.2249 1.0684 150 196 222
0.0514 0.2249 1.0684 157 199 224
0.0578 0.2249 1.0684 154 198 225
0.0643 0.2249 1.0684 147 194 222
0.0707 0.2249 1.0684 146 187 219
0.0771 0.2249 1.0684 151 195 222
0.0835 0.2249 1.0684 151 196 225
0.0900 0.2249 1.0684 150 194 221
0.0964 0.2249 1.0684 145 189 216
0.1028 0.2249 1.0684 148 192 217
0.1092 0.2249 1.0684 149 190 218
0.1157 0.2249 1.0684 151 195 222
0.1221 0.2249 1.0684 145 189 216
0.1285 0.2249 1.0684 144 185 215
0.1349 0.2249 1.0684 148 192 219
0.1414 0.2249 1.0684 150 194 221
0.1478 0.2249 1.0684 149 193 220
0.1542 0.2249 1.0684 152 191 220
0.1606 0.2249 1.0684 152 196 223
0.1671 0.2249 1.0684 150 196 222
0.1735 0.2249 1.0684 151 197 223
0.1799 0.2249 1.0684 142 192 219
0.1863 0.2249 1.0684 152 198 224
0.1928 0.2249 1.0684 150 196 222
0.1992 0.2249 1.0684 153 198 227
0.2056 0.2249 1.0684 144 188 213
0.2120 0.2249 1.0684 159 200 228
0.2185 0.2249 1.0684 148 192 221
0.2249 0.2249 1.0684 155 199 226
0.2313 0.2249 1.0684 151 196 219
0.2377 0.2249 1.0684 148 192 217
0.2442 0.2249 1.0684 147 193 217
0.2506 0.2249 1.0684 151 197 221
0.2570 0.2249 1.0684 156 200 225
0.2635 0.2249 1.0684 149 194 217
0.2699 0.2249 1.0684 156 200 225
0.2763 0.2249 1.0684 153 197 224
0.2827 0.2249 1.0684 150 191 221
0.2892 0.2249 1.0684 143 184 214
0.2956 0.2249 1.0684 150 194 219
0.3020 0.2249 1.0684 151 195 220
0.3084 0.2249 1.0684 147 191 220
0.3149 0.2249 1.0684 157 203 227
0.3188 0.2231 1.0600 149 195 219
0.3093 0.2122 1.0083 132 111 84
0.3145 0.2117 1.0055 157 108 67
0.3205 0.2116 1.0054 146 105 61
0.3265 0.2116 1.0054 149 104 62
0.3326 0.2116 1.0054 140 95 53
0.3386 0.2116 1.0053 146 102 57
0.3446 0.2116 1.0053 152 108 63
0.3506 0.2116 1.0053 152 105 61
0.3567 0.2116 1.0052 147 103 58
0.3627 0.2116 1.0052 152 105 61
0.3687 0.2116 1.0051 143 96 52
0.3748 0.2116 1.0051 157 110 66
0.3808 0.2116 1.0051 150 103 59
0.3869 0.2116 1.0051 148 105 60
0.3929 0.2116 1.0050 154 107 61
0.3989 0.2116 1.0050 157 110 66
0.4050 0.2115 1.0050 142 99 56
0.4110 0.2115 1.0050 144 102 54
0.4170 0.2115 1.0050 160 112 66
0.4231 0.2115 1.0050 149 105 60
0.4291 0.2115 1.0050 155 108 64
0.4352 0.2115 1.0050 147 100 54
0.4412 0.2115 1.0050 149 105 60
0.4472 0.2115 1.0050 156 109 65
0.4533 0.2115 1.0050 145 101 56
0.4593 0.2115 1.0049 153 109 64
0.4654 0.2115 1.0049 145 97 57
0.4714 0.2115 1.0049 148 104 59
0.4774 0.2115 1.0049 151 109 59
0.4836 0.2116 1.0052 149 109 60
0.4989 0.2156 1.0241 127 113 100
0.5269 0.2249 1.0684 158 204 230
0.5333 0.2249 1.0684 157 198 226
0.5398 0.2249 1.0684 154 202 225
0.5462 0.2249 1.0684 152 199 227
0.5526 0.2249 1.0684 155 199 224
0.5590 0.2249 1.0684 155 199 228
0.5655 0.2249 1.0684 154 198 225
0.5719 0.2249 1.0684 141 186 215
0.5783 0.2249 1.0684 155 197 222
0.5847 0.2249 1.0684 150 194 221
0.5912 0.2249 1.0684 151 195 224
0.5976 0.2249 1.0684 144 187 219
0.6040 0.2249 1.0684 150 193 225
0.6104 0.2249 1.0684 157 201 230
-0.6169 0.2185 1.0684 148 195 223
-0.6104 0.2185 1.0684 147 188 216
-0.6040 0.2185 1.0684 148 187 216
-0.5976 0.2185 1.0684 147 192 221
-0.5912 0.2185 1.0684 151 192 224
-0.5847 0.2185 1.0684 155 196 226
-0.5783 0.2185 1.0684 143 187 214
-0.5719 0.2185 1.0684 157 202 225
-0.5655 0.2185 1.0684 146 192 216
-0.5590 0.2185 1.0684 154 198 225
-0.5526 0.2185 1.0684 148 192 217
-0.5462 0.2185 1.0684 153 197 224
-0.5398 0.2185 1.0684 152 193 221
-0.5333 0.2185 1.0684 151 192 220
-0.5448 0.2259 1.1048 151 190 223
-0.4922 0.2066 1.0104 133 109 83
-0.4837 0.2056 1.0053 151 104 60
-0.4775 0.2055 1.0051 152 108 63
-0.4715 0.2055 1.0051 151 108 63
-0.4655 0.2055 1.0052 150 103 61
-0.4594 0.2055 1.0052 154 110 65
-0.4534 0.2055 1.0052 151 107 60
-0.4473 0.2055 1.0051 150 103 61
-0.4413 0.2055 1.0051 149 102 60
-0.4352 0.2055 1.0051 156 109 63
-0.4292 0.2055 1.0051 146 101 59
-0.4231 0.2055 1.0051 152 110 62
-0.4171 0.2055 1.0051 151 107 62
-0.4110 0.2055 1.0051 147 100 56
-0.4050 0.2055 1.0051 143 99 54
-0.3989 0.2055 1.0051 149 105 60
-0.3929 0.2055 1.0051 147 100 56
-0.3868 0.2055 1.0050 147 103 56
-0.3808 0.2055 1.0050 152 107 65
-0.3747 0.2055 1.0050 144 101 58
-0.3687 0.2055 1.0050 148 104 57
-0.3626 0.2055 1.0049 145 101 54
-0.3566 0.2055 1.0050 146 102 55
-0.3506 0.2055 1.0050 143 99 52
-0.3445 0.2055 1.0050 151 106 64
-0.3385 0.2055 1.0050 150 102 62
-0.3324 0.2055 1.0050 152 109 66
-0.3264 0.2055 1.0050 157 108 65
-0.3204 0.2055 1.0051 151 109 61
-0.3142 0.2054 1.0047 157 109 61
-0.3119 0.2080 1.0170 125 110 91
-0.3213 0.2185 1.0684 148 192 221
-0.3149 0.2185 1.0684 153 194 222
-0.3084 0.2185 1.0684 149 190 222
-0.3020 0.2185 1.0684 144 185 213
-0.2956 0.2185 1.0684 157 199 224
-0.2892 0.2185 1.0684 152 196 221
-0.2827 0.2185 1.0684 147 191 216
-0.2763 0.2185 1.0684 150 196 220
-0.2699 0.2185 1.0684 148 189 217
-0.2635 0.2185 1.0684 149 191 216
-0.2570 0.2185 1.0684 153 195 219
-0.2506 0.2185 1.0684 151 190 221
-0.2442 0.2185 1.0684 148 190 215
-0.2377 0.2185 1.0684 149 193 220
-0.2313 0.2185 1.0684 153 195 220
-0.2249 0.2185 1.0684 149 190 218
-0.2185 0.2185 1.0684 149 196 222
-0.2120 0.2185 1.0684 148 187 216
-0.2056 0.2185 1.0684 158 200 224
-0.1992 0.2185 1.0684 155 196 224
-0.1928 0.2185 1.0684 149 191 216
-0.1863 0.2185 1.0684 150 194 221
-0.1799 0.2185 1.0684 150 194 221
-0.1735 0.2185 1.0684 142 183 211
-0.1671 0.2185 1.0684 152 193 223
-0.1606 0.2185 1.0684 146 190 217
-0.1542 0.2185 1.0684 154 195 223
-0.1478 0.2185 1.0684 150 196 222
-0.1414 0.2185 1.0684 146 194 217
-0.1349 0.2185 1.0684 151 195 220
-0.1285 0.2185 1.0684 145 186 216
-0.1221 0.2185 1.0684 151 195 224
-0.1157 0.2185 1.0684 144 188 215
-0.1092 0.2185 1.0684 143 189 215
-0.1028 0.2185 1.0684 145 189 218
-0.0964 0.2185 1.0684 148 190 214
-0.0900 0.2185 1.0684 153 196 228
-0.0835 0.2185 1.0684 150 194 219
-0.0771 0.2185 1.0684 149 192 224
-0.0707 0.2185 1.0684 159 201 226
-0.0643 0.2185 1.0684 155 199 228
-0.0578 0.2185 1.0684 144 190 216
-0.0514 0.2185 1.0684 150 198 221
-0.0450 0.2185 1.0684 162 206 231
-0.0386 0.2185 1.0684 146 190 217
-0.0321 0.2185 1.0684 151 198 224
-0.0257 0.2185 1.0684 137 184 212
-0.0193 0.2185 1.0684 148 192 221
-0.0129 0.2185 1.0684 141 182 210
-0.0064 0.2185 1.0684 150 192 217
0.0000 0.2185 1.0684 151 193 218
0.0064 0.2185 1.0684 147 191 216
0.0129 0.2185 1.0684 150 194 221
0.0193 0.2185 1.0684 149 193 220
0.0257 0.2185 1.0684 153 194 222
0.0321 0.2185 1.0684 152 193 221
0.0386 0.2185 1.0684 156 197 225
0.0450 0.2185 1.0684 151 195 224
0.0514 0.2185 1.0684 145 191 215
0.0578 0.2185 1.0684 147 192 215
0.0643 0.2185 1.0684 152 196 221
0.0707 0.2185 1.0684 145 189 216
0.0771 0.2185 1.0684 149 193 220
0.0835 0.2185 1.0684 149 193 222
0.0900 0.2185 1.0684 150 194 221
0.0964 0.2185 1.0684 156 200 229
0.1028 0.2185 1.0684 151 195 222
0.1092 0.2185 1.0684 146 190 217
0.1157 0.2185 1.0684 157 198 228
0.1221 0.2185 1.0684 154 193 222
0.1285 0.2185 1.0684 148 193 222
0.1349 0.2185 1.0684 151 192 220
0.1414 0.2185 1.0684 150 189 218
0.1478 0.2185 1.0684 151 195 222
0.1542 0.2185 1.0684 135 181 205
0.1606 0.2185 1.0684 142 189 215
0.1671 0.2185 1.0684 153 194 222
0.1735 0.2185 1.0684 156 195 226
0.1799 0.2185 1.0684 144 191 217
0.1863 0.2185 1.0684 147 192 221
0.1928 0.2185 1.0684 144 188 217
0.1992 0.2185 1.0684 147 191 220
0.2056 0.2185 1.0684 147 191 216
0.2120 0.2185 1.0684 151 192 220
0.2185 0.2185 1.0684 147 193 219
0.2249 0.2185 1.0684 147 191 218
0.2313 0.2185 1.0684 140 184 213
0.2377 0.2185 1.0684 149 193 222
0.2442 0.2185 1.0684 148 194 220
0.2506 0.2185 1.0684 145 191 215
0.2570 0.2185 1.0684 152 196 221
0.2635 0.2185 1.0684 144 188 215
0.2699 0.2185 1.0684 151 192 220
0.2763 0.2185 1.0684 155 196 224
0.2827 0.2185 1.0684 153 194 222
0.2892 0.2185 1.0684 148 189 217
0.2956 0.2185 1.0684 153 197 224
0.3020 0.2185 1.0684 147 191 218
0.3084 0.2185 1.0684 157 203 229
0.3149 0.2185 1.0684 154 198 225
0.3175 0.2159 1.0558 147 187 213
0.3092 0.2061 1.0081 134 110 84
0.3144 0.2056 1.0055 151 106 64
0.3205 0.2056 1.0054 141 98 53
0.3265 0.2056 1.0054 145 105 56
0.3326 0.2056 1.0054 151 104 62
0.3386 0.2056 1.0053 153 109 62
0.3446 0.2056 1.0053 147 103 56
0.3506 0.2055 1.0052 151 107 60
0.3567 0.2055 1.0052 150 107 62
0.3627 0.2055 1.0052 157 113 66
0.3687 0.2055 1.0051 144 100 53
0.3748 0.2055 1.0051 153 106 60
0.3808 0.2055 1.0051 153 106 62
0.3869 0.2055 1.0051 142 99 54
0.3929 0.2055 1.0051 151 102 59
0.3989 0.2055 1.0050 158 109 66
0.4050 0.2055 1.0050 148 105 62
0.4110 0.2055 1.0050 149 108 62
0.4170 0.2055 1.0050 152 104 58
0.4231 0.2055 1.0050 150 110 61
0.4291 0.2055 1.0050 154 103 56
0.4352 0.2055 1.0050 151 107 62
0.4412 0.2055 1.0050 150 106 61
0.4472 0.2055 1.0049 155 108 64
0.4533 0.2055 1.0049 151 107 60
0.4593 0.2055 1.0049 153 111 63
0.4653 0.2055 1.0049 153 106 62
0.4714 0.2055 1.0048 145 101 54
0.4774 0.2055 1.0049 148 106 58
0.4834 0.2055 1.0048 148 106 58
0.4974 0.2088 1.0210 120 108 92
0.5269 0.2185 1.0684 148 192 219
0.5333 0.2185 1.0684 152 191 222
0.5398 0.2185 1.0684 150 194 219
0.5462 0.2185 1.0684 154 198 225
0.5526 0.2185 1.0684 142 188 212
0.5590 0.2185 1.0684 148 193 222
0.5655 0.2185 1.0684 152 194 219
0.5719 0.2185 1.0684 155 199 228
0.5783 0.2185 1.0684 160 202 227
0.5847 0.2185 1.0684 147 191 218
0.5912 0.2185 1.0684 155 199 228
0.5976 0.2185 1.0684 156 197 225
0.6040 0.2185 1.0684 147 192 221
0.6104 0.2185 1.0684 149 193 220
-0.6169 0.2120 1.0684 148 192 219
-0.6104 0.2120 1.0684 144 188 217
-0.6040 0.2120 1.0684 153 197 226
-0.5976 0.2120 1.0684 149 195 218
-0.5912 0.2120 1.0684 161 203 228
-0.5847 0.2120 1.0684 147 192 213
-0.5783 0.2120 1.0684 156 200 227
-0.5719 0.2120 1.0684 148 191 223
-0.5655 0.2120 1.0684 149 195 221
-0.5590 0.2120 1.0684 152 196 223
-0.5526 0.2120 1.0684 145 189 214
-0.5462 0.2120 1.0684 146 187 215
-0.5398 0.2120 1.0684 150 194 223
-0.5333 0.2120 1.0684 155 196 224
-0.5460 0.2197 1.1072 156 197 227
-0.4919 0.2004 1.0099 134 110 84
-0.4836 0.1995 1.0052 157 108 65
-0.4775 0.1995 1.0051 149 105 60
-0.4715 0.1995 1.0051 154 113 67
-0.4655 0.1995 1.0051 154 110 65
-0.4594 0.1995 1.0052 150 107 62
-0.4534 0.1995 1.0051 148 106 58
-0.4473 0.1995 1.0051 147 98 55
-0.4413 0.1995 1.0051 152 103 60
-0.4352 0.1995 1.0051 150 106 57
-0.4292 0.1995 1.0051 148 103 64
-0.4231 0.1995 1.0051 149 105 58
-0.4171 0.1995 1.0051 151 106 64
-0.4110 0.1995 1.0050 151 104 60
-0.4050 0.1995 1.0050 148 104 59
-0.3989 0.1995 1.0050 150 106 61
-0.3929 0.1995 1.0050 151 104 62
-0.3868 0.1995 1.0050 151 107 62
-0.3808 0.1995 1.0050 145 98 56
-0.3747 0.1994 1.0050 157 114 71
-0.3687 0.1994 1.0049 142 100 52
-0.3626 0.1994 1.0049 153 106 60
-0.3566 0.1994 1.0049 161 114 68
-0.3505 0.1994 1.0049 152 106 57
-0.3445 0.1994 1.0049 150 103 59
-0.3384 0.1994 1.0049 146 104 56
-0.3324 0.1994 1.0049 154 107 61
-0.3264 0.1994 1.0050 149 104 62
-0.3203 0.1995 1.0050 155 107 67
-0.3142 0.1994 1.0047 151 107 62
-0.3117 0.2017 1.0163 125 112 93
-0.3213 0.2120 1.0684 151 195 224
-0.3149 0.2120 1.0684 154 196 221
-0.3084 0.2120 1.0684 154 197 229
-0.3020 0.2120 1.0684 151 195 222
-0.2956 0.2120 1.0684 147 191 216
-0.2892 0.2120 1.0684 145 191 217
-0.2827 0.2120 1.0684 150 194 221
-0.2763 0.2120 1.0684 146 192 218
-0.2699 0.2120 1.0684 156 197 225
-0.2635 0.2120 1.0684 154 196 221
-0.2570 0.2120 1.0684 139 178 211
-0.2506 0.2120 1.0684 149 191 216
-0.2442 0.2120 1.0684 152 196 223
-0.2377 0.2120 1.0684 151 196 225
-0.2313 0.2120 1.0684 148 192 219
-0.2249 0.2120 1.0684 148 189 217
-0.2185 0.2120 1.0684 146 190 217
-0.2120 0.2120 1.0684 146 187 215
-0.2056 0.2120 1.0684 147 189 214
-0.1992 0.2120 1.0684 142 186 215
-0.1928 0.2120 1.0684 143 189 215
-0.1863 0.2120 1.0684 143 189 215
-0.1799 0.2120 1.0684 147 193 217
-0.1735 0.2120 1.0684 150 194 221
-0.1671 0.2120 1.0684 153 194 222
-0.1606 0.2120 1.0684 157 198 226
-0.1542 0.2120 1.0684 147 192 221
-0.1478 0.2120 1.0684 143 187 214
-0.1414 0.2120 1.0684 146 190 215
-0.1349 0.2120 1.0684 147 191 218
-0.1285 0.2120 1.0684 151 192 220
-0.1221 0.2120 1.0684 163 204 232
-0.1157 0.2120 1.0684 145 186 214
-0.1092 0.2120 1.0684 152 194 219
-0.1028 0.2120 1.0684 147 191 216
-0.0964 0.2120 1.0684 151 195 222
-0.0900 0.2120 1.0684 148 194 218
-0.0835 0.2120 1.0684 146 187 217
-0.0771 0.2120 1.0684 156 198 223
-0.0707 0.2120 1.0684 151 192 224
-0.0643 0.2120 1.0684 156 197 225
-0.0578 0.2120 1.0684 146 192 218
-0.0514 0.2120 1.0684 153 199 225
-0.0450 0.2120 1.0684 152 194 219
-0.0386 0.2120 1.0684 153 194 222
-0.0321 0.2120 1.0684 160 201 229
-0.0257 0.2120 1.0684 150 194 221
-0.0193 0.2120 1.0684 148 192 219
-0.0129 0.2120 1.0684 150 191 221
-0.0064 0.2120 1.0684 158 199 227
0.0000 0.2120 1.0684 155 199 224
0.0064 0.2120 1.0684 156 201 224
0.0129 0.2120 1.0684 152 197 220
0.0193 0.2120 1.0684 150 196 222
0.0257 0.2120 1.0684 141 185 212
0.0321 0.2120 1.0684 151 193 218
0.0386 0.2120 1.0684 153 192 221
0.0450 0.2120 1.0684 148 189 219
0.0514 0.2120 1.0684 154 198 227
0.0578 0.2120 1.0684 151 195 222
0.0643 0.2120 1.0684 156 198 223
0.0707 0.2120 1.0684 142 183 211
0.0771 0.2120 1.0684 148 190 215
0.0835 0.2120 1.0684 151 192 222
0.0900 0.2120 1.0684 149 190 218
0.0964 0.2120 1.0684 146 190 217
0.1028 0.2120 1.0684 153 197 222
0.1092 0.2120 1.0684 148 191 223
0.1157 0.2120 1.0684 161 201 227
0.1221 0.2120 1.0684 155 196 226
0.1285 0.2120 1.0684 153 197 222
0.1349 0.2120 1.0684 158 202 227
0.1414 0.2120 1.0684 158 200 225
0.1478 0.2120 1.0684 153 195 220
0.1542 0.2120 1.0684 152 191 220
0.1606 0.2120 1.0684 150 189 218
0.1671 0.2120 1.0684 148 185 214
0.1735 0.2120 1.0684 155 197 222
0.1799 0.2120 1.0684 143 189 215
0.1863 0.2120 1.0684 154 195 223
0.1928 0.2120 1.0684 149 190 220
0.1992 0.2120 1.0684 152 196 223
0.2056 0.2120 1.0684 146 192 218
0.2120 0.2120 1.0684 153 197 226
0.2185 0.2120 1.0684 144 190 216
0.2249 0.2120 1.0684 148 192 217
0.2313 0.2120 1.0684 145 186 216
0.2377 0.2120 1.0684 143 184 214
0.2442 0.2120 1.0684 153 194 222
0.2506 0.2120 1.0684 151 192 220
0.2570 0.2120 1.0684 150 195 224
0.2635 0.2120 1.0684 152 196 225
0.2699 0.2120 1.0684 148 192 219
0.2763 0.2120 1.0684 148 192 217
0.2827 0.2120 1.0684 155 194 223
0.2892 0.2120 1.0684 148 189 217
0.2956 0.2120 1.0684 153 197 224
0.3020 0.2120 1.0684 153 197 224
0.3084 0.2120 1.0684 147 193 217
0.3149 0.2120 1.0684 148 192 217
0.3169 0.2091 1.0538 156 198 223
0.3092 0.2000 1.0080 130 106 78
0.3144 0.1995 1.0054 152 112 63
0.3205 0.1995 1.0054 153 104 61
0.3265 0.1995 1.0054 146 102 57
0.3325 0.1995 1.0054 152 105 61
0.3386 0.1995 1.0053 147 104 59
0.3446 0.1995 1.0052 153 109 62
0.3506 0.1995 1.0052 148 101 55
0.3567 0.1995 1.0052 150 106 59
0.3627 0.1995 1.0051 152 105 61
0.3687 0.1995 1.0051 149 102 58
0.3748 0.1995 1.0051 152 108 61
0.3808 0.1995 1.0051 149 105 60
0.3868 0.1995 1.0051 154 110 65
0.3929 0.1995 1.0050 152 103 60
0.3989 0.1995 1.0050 155 108 64
0.4050 0.1995 1.0050 144 100 55
0.4110 0.1995 1.0050 151 104 62
0.4170 0.1995 1.0050 147 100 56
0.4231 0.1995 1.0050 155 111 64
0.4291 0.1995 1.0050 153 111 63
0.4352 0.1994 1.0050 152 108 63
0.4412 0.1994 1.0049 141 97 52
0.4472 0.1994 1.0049 152 105 61
0.4533 0.1994 1.0049 146 99 55
0.4593 0.1994 1.0049 150 106 59
0.4653 0.1994 1.0049 148 101 59
0.4714 0.1994 1.0048 149 105 58
0.4774 0.1994 1.0048 156 112 67
0.4833 0.1994 1.0046 158 112 63
0.4965 0.2023 1.0193 128 116 100
0.5269 0.2120 1.0684 145 189 216
0.5333 0.2120 1.0684 151 187 219
0.5398 0.2120 1.0684 150 194 221
0.5462 0.2120 1.0684 145 189 216
0.5526 0.2120 1.0684 151 192 220
0.5590 0.2120 1.0684 153 192 223
0.5655 0.2120 1.0684 151 190 219
0.5719 0.2120 1.0684 146 187 215
0.5783 0.2120 1.0684 154 194 220
0.5847 0.2120 1.0684 148 189 217
0.5912 0.2120 1.0684 152 196 223
0.5976 0.2120 1.0684 152 196 221
0.6040 0.2120 1.0684 150 190 216
0.6104 0.2120 1.0684 143 182 211
-0.6169 0.2056 1.0684 152 191 220
-0.6104 0.2056 1.0684 151 193 218
-0.6040 0.2056 1.0684 145 189 214
-0.5976 0.2056 1.0684 142 183 211
-0.5912 0.2056 1.0684 154 199 228
-0.5847 0.2056 1.0684 147 191 220
-0.5783 0.2056 1.0684 152 193 223
-0.5719 0.2056 1.0684 148 193 222
-0.5655 0.2056 1.0684 148 189 217
-0.5590 0.2056 1.0684 150 194 221
-0.5526 0.2056 1.0684 148 192 217
-0.5462 0.2056 1.0684 152 193 221
-0.5398 0.2056 1.0684 154 195 223
-0.5333 0.2056 1.0684 147 191 216
-0.5458 0.2130 1.1067 157 201 228
-0.4917 0.1943 1.0094 135 110 88
-0.4836 0.1934 1.0051 146 102 57
-0.4775 0.1934 1.0050 152 108 63
-0.4715 0.1934 1.0050 147 103 58
-0.4654 0.1934 1.0051 148 101 55
-0.4594 0.1934 1.0051 156 112 65
-0.4534 0.1934 1.0051 149 105 56
-0.4473 0.1934 1.0051 150 105 63
-0.4412 0.1934 1.0051 155 111 62
-0.4352 0.1934 1.0050 147 103 56
-0.4292 0.1934 1.0050 147 100 58
-0.4231 0.1934 1.0050 156 109 67
-0.4171 0.1934 1.0050 145 100 58
-0.4110 0.1934 1.0050 147 106 62
-0.4050 0.1934 1.0050 152 109 64
-0.3989 0.1934 1.0050 147 104 59
-0.3929 0.1934 1.0050 135 92 47
-0.3868 0.1934 1.0050 147 106 60
-0.3808 0.1934 1.0050 150 108 60
-0.3747 0.1934 1.0049 155 112 69
-0.3687 0.1934 1.0049 152 109 64
-0.3626 0.1934 1.0049 150 106 61
-0.3566 0.1934 1.0049 155 111 66
-0.3505 0.1934 1.0049 155 111 64
-0.3445 0.1934 1.0049 147 103 58
-0.3384 0.1934 1.0049 145 98 54
-0.3324 0.1934 1.0049 154 110 65
-0.3264 0.1934 1.0049 149 106 61
-0.3203 0.1934 1.0050 150 103 59
-0.3142 0.1933 1.0047 145 100 58
-0.3116 0.1955 1.0160 127 118 101
-0.3213 0.2056 1.0684 152 194 218
-0.3149 0.2056 1.0684 151 198 224
-0.3084 0.2056 1.0684 153 194 224
-0.3020 0.2056 1.0684 154 198 227
-0.2956 0.2056 1.0684 147 192 221
-0.2892 0.2056 1.0684 152 196 225
-0.2827 0.2056 1.0684 154 199 230
-0.2763 0.2056 1.0684 150 194 221
-0.2699 0.2056 1.0684 151 195 224
-0.2635 0.2056 1.0684 141 187 213
-0.2570 0.2056 1.0684 155 195 220
-0.2506 0.2056 1.0684 161 200 229
-0.2442 0.2056 1.0684 153 194 222
-0.2377 0.2056 1.0684 148 189 217
-0.2313 0.2056 1.0684 149 190 218
-0.2249 0.2056 1.0684 143 187 216
-0.2185 0.2056 1.0684 152 193 221
-0.2120 0.2056 1.0684 149 190 218
-0.2056 0.2056 1.0684 140 184 211
-0.1992 0.2056 1.0684 153 192 221
-0.1928 0.2056 1.0684 147 193 219
-0.1863 0.2056 1.0684 157 201 228
-0.1799 0.2056 1.0684 150 194 221
-0.1735 0.2056 1.0684 147 188 216
-0.1671 0.2056 1.0684 153 197 224
-0.1606 0.2056 1.0684 146 187 215
-0.1542 0.2056 1.0684 149 190 220
-0.1478 0.2056 1.0684 140 186 212
-0.1414 0.2056 1.0684 148 194 220
-0.1349 0.2056 1.0684 154 195 223
-0.1285 0.2056 1.0684 151 195 222
-0.1221 0.2056 1.0684 142 186 211
-0.1157 0.2056 1.0684 157 201 228
-0.1092 0.2056 1.0684 151 195 222
-0.1028 0.2056 1.0684 143 187 214
-0.0964 0.2056 1.0684 149 195 221
-0.0900 0.2056 1.0684 151 197 221
-0.0835 0.2056 1.0684 156 196 222
-0.0771 0.2056 1.0684 145 187 212
-0.0707 0.2056 1.0684 144 184 210
-0.0643 0.2056 1.0684 144 184 210
-0.0578 0.2056 1.0684 152 195 227
-0.0514 0.2056 1.0684 149 193 222
-0.0450 0.2056 1.0684 149 195 219
-0.0386 0.2056 1.0684 151 195 224
-0.0321 0.2056 1.0684 147 191 220
-0.0257 0.2056 1.0684 151 195 224
-0.0193 0.2056 1.0684 154 195 227
-0.0129 0.2056 1.0684 148 194 220
-0.0064 0.2056 1.0684 161 203 228
0.0000 0.2056 1.0684 150 192 217
0.0064 0.2056 1.0684 146 192 216
0.0129 0.2056 1.0684 147 188 216
0.0193 0.2056 1.0684 151 192 222
0.0257 0.2056 1.0684 143 187 216
0.0321 0.2056 1.0684 153 199 225
0.0386 0.2056 1.0684 151 197 223
0.0450 0.2056 1.0684 149 190 220
0.0514 0.2056 1.0684 153 192 223
0.0578 0.2056 1.0684 150 191 219
0.0643 0.2056 1.0684 146 190 217
0.0707 0.2056 1.0684 146 190 217
0.0771 0.2056 1.0684 147 192 221
0.0835 0.2056 1.0684 151 193 217
0.0900 0.2056 1.0684 144 188 215
0.0964 0.2056 1.0684 136 181 210
0.1028 0.2056 1.0684 145 191 215
0.1092 0.2056 1.0684 143 185 210
0.1157 0.2056 1.0684 150 190 216
0.1221 0.2056 1.0684 145 189 216
0.1285 0.2056 1.0684 148 192 217
0.1349 0.2056 1.0684 143 189 215
0.1414 0.2056 1.0684 155 201 227
0.1478 0.2056 1.0684 147 189 214
0.1542 0.2056 1.0684 152 194 219
0.1606 0.2056 1.0684 145 189 216
0.1671 0.2056 1.0684 143 187 214
0.1735 0.2056 1.0684 155 197 222
0.1799 0.2056 1.0684 142 186 213
0.1863 0.2056 1.0684 150 193 225
0.1928 0.2056 1.0684 152 196 225
0.1992 0.2056 1.0684 152 198 222
0.2056 0.2056 1.0684 143 189 213
0.2120 0.2056 1.0684 150 194 221
0.2185 0.2056 1.0684 148 192 219
0.2249 0.2056 1.0684 151 193 218
0.2313 0.2056 1.0684 146 190 215
0.2377 0.2056 1.0684 151 195 220
0.2442 0.2056 1.0684 149 190 218
0.2506 0.2056 1.0684 147 188 216
0.2570 0.2056 1.0684 147 188 216
0.2635 0.2056 1.0684 144 185 213
0.2699 0.2056 1.0684 149 193 220
0.2763 0.2056 1.0684 149 195 221
0.2827 0.2056 1.0684 152 196 225
0.2892 0.2056 1.0684 158 200 225
0.2956 0.2056 1.0684 149 193 218
0.3020 0.2056 1.0684 145 189 216
0.3084 0.2056 1.0684 143 187 214
0.3149 0.2056 1.0684 152 196 223
0.3165 0.2025 1.0524 153 197 222
0.3091 0.1940 1.0079 134 108 81
0.3144 0.1935 1.0054 146 102 57
0.3205 0.1935 1.0054 151 102 61
0.3265 0.1935 1.0053 144 101 58
0.3325 0.1935 1.0053 149 106 63
0.3386 0.1935 1.0053 149 106 63
0.3446 0.1935 1.0052 154 110 65
0.3506 0.1934 1.0052 151 104 58
0.3567 0.1934 1.0052 154 107 63
0.3627 0.1934 1.0051 153 104 61
0.3687 0.1934 1.0051 154 107 61
0.3748 0.1934 1.0051 150 103 61
0.3808 0.1934 1.0051 154 105 62
0.3868 0.1934 1.0051 141 97 52
0.3929 0.1934 1.0050 153 106 60
0.3989 0.1934 1.0050 155 109 60
0.4050 0.1934 1.0050 145 98 54
0.4110 0.1934 1.0050 153 110 65
0.4170 0.1934 1.0050 145 102 59
0.4231 0.1934 1.0050 148 104 59
0.4291 0.1934 1.0050 148 106 64
0.4352 0.1934 1.0050 144 100 55
0.4412 0.1934 1.0049 140 95 53
0.4472 0.1934 1.0049 149 100 59
0.4533 0.1934 1.0049 153 109 62
0.4593 0.1934 1.0049 158 110 64
0.4653 0.1934 1.0048 149 101 63
0.4713 0.1934 1.0048 143 99 54
0.4774 0.1934 1.0048 149 102 56
0.4833 0.1933 1.0044 154 110 63
0.4962 0.1960 1.0185 119 110 95
0.5269 0.2056 1.0684 150 191 221
0.5333 0.2056 1.0684 145 187 212
0.5398 0.2056 1.0684 147 188 216
0.5462 0.2056 1.0684 156 200 227
0.5526 0.2056 1.0684 150 196 222
0.5590 0.2056 1.0684 148 189 217
0.5655 0.2056 1.0684 156 197 227
0.5719 0.2056 1.0684 154 195 223
0.5783 0.2056 1.0684 155 197 221
0.5847 0.2056 1.0684 152 196 221
0.5912 0.2056 1.0684 143 185 210
0.5976 0.2056 1.0684 150 192 217
0.6040 0.2056 1.0684 143 187 214
0.6104 0.2056 1.0684 141 186 215
-0.6169 0.1992 1.0684 153 194 222
-0.6104 0.1992 1.0684 148 192 221
-0.6040 0.1992 1.0684 149 193 222
-0.5976 0.1992 1.0684 149 190 218
-0.5912 0.1992 1.0684 153 194 222
-0.5847 0.1992 1.0684 147 191 218
-0.5783 0.1992 1.0684 147 191 218
-0.5719 0.1992 1.0684 154 195 223
-0.5655 0.1992 1.0684 144 188 213
-0.5590 0.1992 1.0684 147 193 219
-0.5526 0.1992 1.0684 147 193 219
-0.5462 0.1992 1.0684 143 189 213
-0.5398 0.1992 1.0684 147 188 218
-0.5333 0.1992 1.0684 145 186 218
-0.5413 0.2046 1.0976 146 187 215
-0.4915 0.1881 1.0090 131 104 83
-0.4836 0.1874 1.0050 149 104 63
-0.4775 0.1874 1.0050 143 98 56
-0.4714 0.1874 1.0050 153 109 64
-0.4654 0.1874 1.0051 157 113 66
-0.4594 0.1874 1.0051 156 109 65
-0.4533 0.1874 1.0051 149 103 54
-0.4473 0.1874 1.0051 144 97 55
-0.4412 0.1874 1.0050 154 107 61
-0.4352 0.1874 1.0050 146 104 56
-0.4291 0.1874 1.0050 141 97 52
-0.4231 0.1874 1.0050 150 103 61
-0.4170 0.1874 1.0050 151 102 59
-0.4110 0.1874 1.0050 153 106 64
-0.4050 0.1874 1.0050 147 103 58
-0.3989 0.1874 1.0050 149 105 60
-0.3929 0.1874 1.0050 151 104 58
-0.3868 0.1874 1.0050 146 102 57
-0.3808 0.1874 1.0049 151 109 59
-0.3747 0.1874 1.0049 150 106 61
-0.3687 0.1873 1.0049 147 103 58
-0.3626 0.1873 1.0049 148 104 59
-0.3566 0.1873 1.0049 154 110 65
-0.3505 0.1873 1.0049 154 110 63
-0.3445 0.1873 1.0049 154 110 65
-0.3384 0.1873 1.0048 158 111 67
-0.3324 0.1873 1.0049 145 101 56
-0.3264 0.1873 1.0049 152 109 64
-0.3203 0.1874 1.0049 145 98 54
-0.3142 0.1873 1.0047 149 102 60
-0.3117 0.1895 1.0162 122 110 94
-0.3213 0.1992 1.0684 153 190 216
-0.3149 0.1992 1.0684 149 193 222
-0.3084 0.1992 1.0684 145 187 212
-0.3020 0.1992 1.0684 156 198 223
-0.2956 0.1992 1.0684 151 193 218
-0.2892 0.1992 1.0684 155 199 224
-0.2827 0.1992 1.0684 145 188 220
-0.2763 0.1992 1.0684 152 191 220
-0.2699 0.1992 1.0684 144 188 215
-0.2635 0.1992 1.0684 149 190 218
-0.2570 0.1992 1.0684 143 187 214
-0.2506 0.1992 1.0684 147 191 220
-0.2442 0.1992 1.0684 153 196 228
-0.2377 0.1992 1.0684 150 193 225
-0.2313 0.1992 1.0684 150 194 221
-0.2249 0.1992 1.0684 150 191 219
-0.2185 0.1992 1.0684 144 185 213
-0.2120 0.1992 1.0684 150 191 219
-0.2056 0.1992 1.0684 147 191 218
-0.1992 0.1992 1.0684 147 186 215
-0.1928 0.1992 1.0684 154 198 225
-0.1863 0.1992 1.0684 150 194 221
-0.1799 0.1992 1.0684 155 199 226
-0.1735 0.1992 1.0684 144 183 212
-0.1671 0.1992 1.0684 154 200 226
-0.1606 0.1992 1.0684 144 188 215
-0.1542 0.1992 1.0684 148 187 216
-0.1478 0.1992 1.0684 157 197 223
-0.1414 0.1992 1.0684 153 193 219
-0.1349 0.1992 1.0684 153 194 222
-0.1285 0.1992 1.0684 148 189 217
-0.1221 0.1992 1.0684 145 189 218
-0.1157 0.1992 1.0684 149 192 224
-0.1092 0.1992 1.0684 144 188 217
-0.1028 0.1992 1.0684 149 190 222
-0.0964 0.1992 1.0684 148 192 219
-0.0900 0.1992 1.0684 150 194 219
-0.0835 0.1992 1.0684 148 184 216
-0.0771 0.1992 1.0684 145 189 214
-0.0707 0.1992 1.0684 148 189 217
-0.0643 0.1992 1.0684 153 193 219
-0.0578 0.1992 1.0684 148 183 215
-0.0514 0.1992 1.0684 152 193 221
-0.0450 0.1992 1.0684 157 198 228
-0.0386 0.1992 1.0684 145 186 214
-0.0321 0.1992 1.0684 151 195 222
-0.0257 0.1992 1.0684 157 198 226
-0.0193 0.1992 1.0684 134 181 209
-0.0129 0.1992 1.0684 153 194 224
-0.0064 0.1992 1.0684 148 185 214
0.0000 0.1992 1.0684 151 193 217
0.0064 0.1992 1.0684 143 189 213
0.0129 0.1992 1.0684 150 192 217
0.0193 0.1992 1.0684 156 197 225
0.0257 0.1992 1.0684 148 192 221
0.0321 0.1992 1.0684 143 187 216
0.0386 0.1992 1.0684 145 189 218
0.0450 0.1992 1.0684 154 193 224
0.0514 0.1992 1.0684 155 194 223
0.0578 0.1992 1.0684 147 189 214
0.0643 0.1992 1.0684 151 192 220
0.0707 0.1992 1.0684 149 193 220
0.0771 0.1992 1.0684 153 196 228
0.0835 0.1992 1.0684 150 192 216
0.0900 0.1992 1.0684 143 188 217
0.0964 0.1992 1.0684 146 190 219
0.1028 0.1992 1.0684 156 193 222
0.1092 0.1992 1.0684 154 195 225
0.1157 0.1992 1.0684 146 193 219
0.1221 0.1992 1.0684 144 190 216
0.1285 0.1992 1.0684 141 185 210
0.1349 0.1992 1.0684 152 193 223
0.1414 0.1992 1.0684 144 185 213
0.1478 0.1992 1.0684 142 186 211
0.1542 0.1992 1.0684 151 188 215
0.1606 0.1992 1.0684 152 196 223
0.1671 0.1992 1.0684 148 189 217
0.1735 0.1992 1.0684 145 185 211
0.1799 0.1992 1.0684 151 196 217
0.1863 0.1992 1.0684 144 188 213
0.1928 0.1992 1.0684 137 181 208
0.1992 0.1992 1.0684 147 191 220
0.2056 0.1992 1.0684 150 194 221
0.2120 0.1992 1.0684 154 197 229
0.2185 0.1992 1.0684 156 197 225
0.2249 0.1992 1.0684 153 194 222
0.2313 0.1992 1.0684 152 196 223
0.2377 0.1992 1.0684 153 197 226
0.2442 0.1992 1.0684 152 193 225
0.2506 0.1992 1.0684 148 189 221
0.2570 0.1992 1.0684 143 184 212
0.2635 0.1992 1.0684 153 194 222
0.2699 0.1992 1.0684 151 192 220
0.2763 0.1992 1.0684 158 199 227
0.2827 0.1992 1.0684 151 195 222
0.2892 0.1992 1.0684 148 192 219
0.2956 0.1992 1.0684 151 197 220
0.3020 0.1992 1.0684 149 193 220
0.3084 0.1992 1.0684 155 201 227
0.3149 0.1992 1.0684 144 189 220
0.3162 0.1961 1.0516 150 194 223
0.3091 0.1879 1.0078 132 108 82
0.3144 0.1874 1.0054 148 104 57
0.3204 0.1874 1.0053 151 103 57
0.3265 0.1874 1.0053 150 108 60
0.3325 0.1874 1.0053 146 104 56
0.3386 0.1874 1.0053 141 97 52
0.3446 0.1874 1.0052 154 110 63
0.3506 0.1874 1.0052 151 109 61
0.3567 0.1874 1.0051 147 104 59
0.3627 0.1874 1.0051 151 104 60
0.3687 0.1874 1.0051 142 99 54
0.3748 0.1874 1.0051 147 105 57
0.3808 0.1874 1.0051 148 105 62
0.3868 0.1874 1.0051 146 102 57
0.3929 0.1874 1.0050 150 103 59
0.3989 0.1874 1.0050 148 104 59
0.4050 0.1874 1.0050 152 108 63
0.4110 0.1874 1.0050 156 109 65
0.4170 0.1874 1.0050 144 97 53
0.4231 0.1874 1.0050 152 105 61
0.4291 0.1874 1.0050 149 105 60
0.4352 0.1874 1.0049 148 103 61
0.4412 0.1874 1.0049 149 105 60
0.4472 0.1874 1.0049 158 109 66
0.4533 0.1873 1.0049 146 102 57
0.4593 0.1873 1.0048 151 109 61
0.4653 0.1873 1.0048 152 104 66
0.4713 0.1873 1.0048 151 102 61
0.4774 0.1873 1.0048 150 103 59
0.4832 0.1873 1.0044 152 108 63
0.4960 0.1898 1.0183 123 110 94
0.5269 0.1992 1.0684 148 190 215
0.5333 0.1992 1.0684 138 188 213
0.5398 0.1992 1.0684 154 195 223
0.5462 0.1992 1.0684 148 192 219
0.5526 0.1992 1.0684 147 191 218
0.5590 0.1992 1.0684 150 191 219
0.5655 0.1992 1.0684 151 192 222
0.5719 0.1992 1.0684 152 193 223
0.5783 0.1992 1.0684 157 198 228
0.5847 0.1992 1.0684 147 188 216
0.5912 0.1992 1.0684 149 193 222
0.5976 0.1992 1.0684 146 190 217
0.6040 0.1992 1.0684 149 191 216
0.6104 0.1992 1.0684 148 190 214
-0.6169 0.1928 1.0684 144 186 211
-0.6104 0.1928 1.0684 152 196 225
-0.6040 0.1928 1.0684 148 191 223
-0.5976 0.1928 1.0684 152 191 220
-0.5912 0.1928 1.0684 147 186 215
-0.5847 0.1928 1.0684 151 195 222
-0.5783 0.1928 1.0684 151 195 222
-0.5719 0.1928 1.0684 154 193 222
-0.5655 0.1928 1.0684 154 196 221
-0.5590 0.1928 1.0684 148 190 215
-0.5526 0.1928 1.0684 145 189 218
-0.5462 0.1928 1.0684 150 194 221
-0.5398 0.1928 1.0684 154 195 223
-0.5333 0.1928 1.0684 149 190 218
-0.5384 0.1970 1.0918 158 200 224
-0.4914 0.1820 1.0087 134 109 78
-0.4835 0.1813 1.0050 145 100 58
-0.4775 0.1813 1.0049 149 104 62
-0.4714 0.1813 1.0050 150 106 61
-0.4654 0.1813 1.0050 152 108 61
-0.4594 0.1813 1.0050 150 103 61
-0.4533 0.1813 1.0050 140 96 47
-0.4473 0.1813 1.0050 144 101 58
-0.4412 0.1813 1.0050 151 107 62
-0.4352 0.1813 1.0050 150 103 57
-0.4291 0.1813 1.0050 156 108 62
-0.4231 0.1813 1.0050 147 103 58
-0.4170 0.1813 1.0050 150 106 59
-0.4110 0.1813 1.0050 145 100 58
-0.4049 0.1813 1.0050 145 102 57
-0.3989 0.1813 1.0050 145 102 57
-0.3929 0.1813 1.0050 154 107 61
-0.3868 0.1813 1.0049 150 103 61
-0.3808 0.1813 1.0049 151 107 62
-0.3747 0.1813 1.0049 151 106 64
-0.3686 0.1813 1.0049 144 97 53
-0.3626 0.1813 1.0049 159 115 70
-0.3566 0.1813 1.0049 146 102 57
-0.3505 0.1813 1.0049 147 103 58
-0.3445 0.1813 1.0048 149 105 58
-0.3384 0.1813 1.0048 143 100 57
-0.3324 0.1813 1.0049 157 112 70
-0.3263 0.1813 1.0049 146 102 55
-0.3203 0.1813 1.0049 150 108 60
-0.3142 0.1813 1.0046 157 114 71
-0.3116 0.1833 1.0160 129 117 103
-0.3213 0.1928 1.0684 147 189 213
-0.3149 0.1928 1.0684 146 191 220
-0.3084 0.1928 1.0684 150 191 219
-0.3020 0.1928 1.0684 150 189 218
-0.2956 0.1928 1.0684 151 188 217
-0.2892 0.1928 1.0684 147 188 216
-0.2827 0.1928 1.0684 152 191 220
-0.2763 0.1928 1.0684 144 185 213
-0.2699 0.1928 1.0684 154 194 220
-0.2635 0.1928 1.0684 152 192 218
-0.2570 0.1928 1.0684 151 192 220
-0.2506 0.1928 1.0684 153 199 225
-0.2442 0.1928 1.0684 149 195 221
-0.2377 0.1928 1.0684 151 192 220
-0.2313 0.1928 1.0684 145 186 214
-0.2249 0.1928 1.0684 154 194 219
-0.2185 0.1928 1.0684 150 191 219
-0.2120 0.1928 1.0684 149 193 220
-0.2056 0.1928 1.0684 145 189 214
-0.1992 0.1928 1.0684 147 188 216
-0.1928 0.1928 1.0684 156 197 225
-0.1863 0.1928 1.0684 144 185 213
-0.1799 0.1928 1.0684 151 192 220
-0.1735 0.1928 1.0684 145 189 216
-0.1671 0.1928 1.0684 157 201 228
-0.1606 0.1928 1.0684 151 195 222
-0.1542 0.1928 1.0684 151 191 217
-0.1478 0.1928 1.0684 151 191 217
-0.1414 0.1928 1.0684 154 196 221
-0.1349 0.1928 1.0684 153 197 222
-0.1285 0.1928 1.0684 147 189 214
-0.1221 0.1928 1.0684 153 194 222
-0.1157 0.1928 1.0684 148 189 217
-0.1092 0.1928 1.0684 145 186 214
-0.1028 0.1928 1.0684 155 196 224
-0.0964 0.1928 1.0684 148 190 215
-0.0900 0.1928 1.0684 153 195 219
-0.0835 0.1928 1.0684 154 193 222
-0.0771 0.1928 1.0684 147 186 215
-0.0707 0.1928 1.0684 151 192 222
-0.0643 0.1928 1.0684 144 186 211
-0.0578 0.1928 1.0684 150 190 216
-0.0514 0.1928 1.0684 159 201 225
-0.0450 0.1928 1.0684 156 197 229
-0.0386 0.1928 1.0684 149 189 215
-0.0321 0.1928 1.0684 148 190 215
-0.0257 0.1928 1.0684 148 192 219
-0.0193 0.1928 1.0684 149 191 215
-0.0129 0.1928 1.0684 153 192 221
-0.0064 0.1928 1.0684 147 186 219
0.0000 0.1928 1.0684 146 186 212
0.0064 0.1928 1.0684 147 191 216
0.0129 0.1928 1.0684 147 191 216
0.0193 0.1928 1.0684 156 200 227
0.0257 0.1928 1.0684 148 189 219
0.0321 0.1928 1.0684 147 188 218
0.0386 0.1928 1.0684 150 191 221
0.0450 0.1928 1.0684 156 197 227
0.0514 0.1928 1.0684 146 188 213
0.0578 0.1928 1.0684 152 194 219
0.0643 0.1928 1.0684 144 185 213
0.0707 0.1928 1.0684 141 185 212
0.0771 0.1928 1.0684 145 184 217
0.0835 0.1928 1.0684 148 189 217
0.0900 0.1928 1.0684 152 197 226
0.0964 0.1928 1.0684 149 188 217
0.1028 0.1928 1.0684 141 187 211
0.1092 0.1928 1.0684 142 186 211
0.1157 0.1928 1.0684 150 190 216
0.1221 0.1928 1.0684 147 189 213
0.1285 0.1928 1.0684 156 198 222
0.1349 0.1928 1.0684 148 187 216
0.1414 0.1928 1.0684 150 190 216
0.1478 0.1928 1.0684 154 198 223
0.1542 0.1928 1.0684 150 191 219
0.1606 0.1928 1.0684 150 194 221
0.1671 0.1928 1.0684 147 191 218
0.1735 0.1928 1.0684 149 191 216
0.1799 0.1928 1.0684 140 184 211
0.1863 0.1928 1.0684 148 189 217
0.1928 0.1928 1.0684 151 193 218
0.1992 0.1928 1.0684 155 197 221
0.2056 0.1928 1.0684 150 192 217
0.2120 0.1928 1.0684 149 190 222
0.2185 0.1928 1.0684 143 184 212
0.2249 0.1928 1.0684 137 178 206
0.2313 0.1928 1.0684 150 194 219
0.2377 0.1928 1.0684 147 191 216
0.2442 0.1928 1.0684 157 198 226
0.2506 0.1928 1.0684 151 192 222
0.2570 0.1928 1.0684 140 184 211
0.2635 0.1928 1.0684 153 197 224
0.2699 0.1928 1.0684 146 187 215
0.2763 0.1928 1.0684 153 194 222
0.2827 0.1928 1.0684 150 191 221
0.2892 0.1928 1.0684 147 191 218
0.2956 0.1928 1.0684 149 195 219
0.3020 0.1928 1.0684 144 188 215
0.3084 0.1928 1.0684 152 196 221
0.3149 0.1928 1.0684 153 199 225
0.3157 0.1894 1.0499 146 190 217
0.3091 0.1818 1.0077 131 107 81
0.3144 0.1814 1.0054 153 110 65
0.3204 0.1814 1.0053 151 102 59
0.3265 0.1814 1.0053 149 106 61
0.3325 0.1814 1.0053 149 105 60
0.3385 0.1814 1.0052 152 104 58
0.3446 0.1814 1.0052 151 104 58
0.3506 0.1813 1.0051 155 108 64
0.3566 0.1813 1.0051 153 109 64
0.3627 0.1813 1.0051 156 108 59
0.3687 0.1813 1.0051 149 102 60
0.3748 0.1813 1.0051 149 102 58
0.3808 0.1813 1.0051 158 112 62
0.3868 0.1813 1.0050 146 103 60
0.3929 0.1813 1.0050 144 101 58
0.3989 0.1813 1.0050 148 105 62
0.4050 0.1813 1.0050 153 109 64
0.4110 0.1813 1.0050 159 112 70
0.4170 0.1813 1.0050 155 106 63
0.4231 0.1813 1.0050 143 99 54
0.4291 0.1813 1.0049 142 98 49
0.4351 0.1813 1.0049 150 106 59
0.4412 0.1813 1.0049 148 104 57
0.4472 0.1813 1.0049 151 104 58
0.4532 0.1813 1.0049 151 107 62
0.4593 0.1813 1.0048 146 99 53
0.4653 0.1813 1.0048 153 110 67
0.4713 0.1813 1.0047 148 105 60
0.4774 0.1813 1.0047 154 105 62
0.4832 0.1812 1.0044 149 106 61
0.4959 0.1837 1.0181 126 115 97
0.5269 0.1928 1.0684 156 197 219
0.5333 0.1928 1.0684 149 193 222
0.5398 0.1928 1.0684 153 194 222
0.5462 0.1928 1.0684 148 189 217
0.5526 0.1928 1.0684 147 188 218
0.5590 0.1928 1.0684 142 183 211
0.5655 0.1928 1.0684 146 188 213
0.5719 0.1928 1.0684 150 191 219
0.5783 0.1928 1.0684 152 193 223
0.5847 0.1928 1.0684 150 190 216
0.5912 0.1928 1.0684 151 193 217
0.5976 0.1928 1.0684 150 192 216
0.6040 0.1928 1.0684 144 184 210
0.6104 0.1928 1.0684 150 194 221
-0.6169 0.1863 1.0684 148 188 214
-0.6104 0.1863 1.0684 151 193 218
-0.6040 0.1863 1.0684 144 185 213
-0.5976 0.1863 1.0684 154 195 223
-0.5912 0.1863 1.0684 148 189 219
-0.5847 0.1863 1.0684 144 185 215
-0.5783 0.1863 1.0684 155 196 226
-0.5719 0.1863 1.0684 147 188 218
-0.5655 0.1863 1.0684 149 188 219
-0.5590 0.1863 1.0684 151 192 220
-0.5526 0.1863 1.0684 152 193 221
-0.5462 0.1863 1.0684 151 192 222
-0.5398 0.1863 1.0684 149 191 216
-0.5333 0.1863 1.0684 149 189 215
-0.5368 0.1899 1.0886 152 192 218
-0.4913 0.1759 1.0085 134 109 79
-0.4835 0.1753 1.0050 143 99 52
-0.4774 0.1753 1.0049 151 107 60
-0.4714 0.1753 1.0049 148 104 57
-0.4654 0.1753 1.0050 152 105 59
-0.4594 0.1753 1.0050 143 94 51
-0.4533 0.1753 1.0050 149 102 56
-0.4473 0.1753 1.0050 145 101 62
-0.4412 0.1753 1.0050 149 105 60
-0.4352 0.1753 1.0050 150 103 59
-0.4291 0.1753 1.0050 151 104 58
-0.4231 0.1753 1.0050 144 97 53
-0.4170 0.1753 1.0050 157 113 68
-0.4110 0.1753 1.0050 150 105 63
-0.4049 0.1753 1.0049 145 101 56
-0.3989 0.1753 1.0049 148 104 59
-0.3928 0.1753 1.0049 142 98 51
-0.3868 0.1753 1.0049 151 106 64
-0.3807 0.1753 1.0049 150 107 62
-0.3747 0.1753 1.0049 150 107 62
-0.3686 0.1753 1.0049 150 105 63
-0.3626 0.1753 1.0048 148 104 59
-0.3566 0.1753 1.0049 145 101 56
-0.3505 0.1753 1.0048 149 104 62
-0.3445 0.1752 1.0048 153 109 64
-0.3384 0.1752 1.0048 151 106 64
-0.3324 0.1753 1.0048 155 108 64
-0.3263 0.1753 1.0048 157 110 64
-0.3203 0.1753 1.0049 146 103 58
-0.3142 0.1752 1.0046 153 112 68
-0.3111 0.1769 1.0144 117 103 90
-0.3213 0.1863 1.0684 146 188 213
-0.3149 0.1863 1.0684 146 191 222
-0.3084 0.1863 1.0684 152 188 220
-0.3020 0.1863 1.0684 140 181 209
-0.2956 0.1863 1.0684 146 187 215
-0.2892 0.1863 1.0684 151 190 219
-0.2827 0.1863 1.0684 155 192 219
-0.2763 0.1863 1.0684 147 191 220
-0.2699 0.1863 1.0684 146 188 213
-0.2635 0.1863 1.0684 148 188 213
-0.2570 0.1863 1.0684 156 197 225
-0.2506 0.1863 1.0684 149 193 218
-0.2442 0.1863 1.0684 146 190 215
-0.2377 0.1863 1.0684 151 192 220
-0.2313 0.1863 1.0684 145 186 216
-0.2249 0.1863 1.0684 150 190 215
-0.2185 0.1863 1.0684 146 185 214
-0.2120 0.1863 1.0684 148 189 217
-0.2056 0.1863 1.0684 144 188 217
-0.1992 0.1863 1.0684 156 200 229
-0.1928 0.1863 1.0684 151 190 219
-0.1863 0.1863 1.0684 154 196 221
-0.1799 0.1863 1.0684 151 190 219
-0.1735 0.1863 1.0684 151 192 220
-0.1671 0.1863 1.0684 150 194 221
-0.1606 0.1863 1.0684 138 179 207
-0.1542 0.1863 1.0684 152 196 225
-0.1478 0.1863 1.0684 149 193 220
-0.1414 0.1863 1.0684 142 186 211
-0.1349 0.1863 1.0684 153 197 222
-0.1285 0.1863 1.0684 155 197 222
-0.1221 0.1863 1.0684 152 193 221
-0.1157 0.1863 1.0684 148 189 217
-0.1092 0.1863 1.0684 149 190 218
-0.1028 0.1863 1.0684 141 185 210
-0.0964 0.1863 1.0684 149 190 218
-0.0900 0.1863 1.0684 149 188 217
-0.0835 0.1863 1.0684 144 188 213
-0.0771 0.1863 1.0684 152 189 215
-0.0707 0.1863 1.0684 152 193 221
-0.0643 0.1863 1.0684 155 199 226
-0.0578 0.1863 1.0684 146 190 217
-0.0514 0.1863 1.0684 150 194 219
-0.0450 0.1863 1.0684 150 191 219
-0.0386 0.1863 1.0684 148 189 217
-0.0321 0.1863 1.0684 147 188 216
-0.0257 0.1863 1.0684 145 184 213
-0.0193 0.1863 1.0684 151 192 220
-0.0129 0.1863 1.0684 152 197 220
-0.0064 0.1863 1.0684 141 182 210
0.0000 0.1863 1.0684 144 181 208
0.0064 0.1863 1.0684 148 192 219
0.0129 0.1863 1.0684 144 186 211
0.0193 0.1863 1.0684 150 192 217
0.0257 0.1863 1.0684 151 192 220
0.0321 0.1863 1.0684 154 195 223
0.0386 0.1863 1.0684 148 189 217
0.0450 0.1863 1.0684 145 189 214
0.0514 0.1863 1.0684 148 192 217
0.0578 0.1863 1.0684 150 191 219
0.0643 0.1863 1.0684 152 193 221
0.0707 0.1863 1.0684 146 190 217
0.0771 0.1863 1.0684 149 190 218
0.0835 0.1863 1.0684 145 191 217
0.0900 0.1863 1.0684 154 198 225
0.0964 0.1863 1.0684 148 189 217
0.1028 0.1863 1.0684 150 190 216
0.1092 0.1863 1.0684 142 186 213
0.1157 0.1863 1.0684 143 189 215
0.1221 0.1863 1.0684 148 185 214
0.1285 0.1863 1.0684 149 191 215
0.1349 0.1863 1.0684 146 190 219
0.1414 0.1863 1.0684 152 196 223
0.1478 0.1863 1.0684 151 190 219
0.1542 0.1863 1.0684 151 192 220
0.1606 0.1863 1.0684 149 190 218
0.1671 0.1863 1.0684 145 186 214
0.1735 0.1863 1.0684 149 190 220
0.1799 0.1863 1.0684 156 196 222
0.1863 0.1863 1.0684 153 193 219
0.1928 0.1863 1.0684 157 199 224
0.1992 0.1863 1.0684 148 192 221
0.2056 0.1863 1.0684 144 185 213
0.2120 0.1863 1.0684 147 188 218
0.2185 0.1863 1.0684 139 183 210
0.2249 0.1863 1.0684 146 190 217
0.2313 0.1863 1.0684 144 190 216
0.2377 0.1863 1.0684 145 189 216
0.2442 0.1863 1.0684 145 189 216
0.2506 0.1863 1.0684 146 190 217
0.2570 0.1863 1.0684 153 194 224
0.2635 0.1863 1.0684 147 188 218
0.2699 0.1863 1.0684 147 191 220
0.2763 0.1863 1.0684 152 196 223
0.2827 0.1863 1.0684 149 190 218
0.2892 0.1863 1.0684 150 191 221
0.2956 0.1863 1.0684 147 192 221
0.3020 0.1863 1.0684 143 187 214
0.3084 0.1863 1.0684 152 193 221
0.3149 0.1863 1.0684 146 190 219
0.3141 0.1822 1.0446 144 188 215
0.3090 0.1757 1.0073 136 112 84
0.3144 0.1753 1.0053 150 107 62
0.3204 0.1753 1.0053 150 103 59
0.3265 0.1753 1.0052 156 113 70
0.3325 0.1753 1.0052 155 111 66
0.3385 0.1753 1.0052 153 106 62
0.3446 0.1753 1.0052 155 111 66
0.3506 0.1753 1.0051 150 106 61
0.3566 0.1753 1.0051 153 106 60
0.3627 0.1753 1.0051 148 104 59
0.3687 0.1753 1.0051 148 107 61
0.3748 0.1753 1.0051 146 103 58
0.3808 0.1753 1.0050 152 107 66
0.3868 0.1753 1.0050 147 106 60
0.3929 0.1753 1.0050 154 112 64
0.3989 0.1753 1.0050 151 107 60
0.4050 0.1753 1.0050 153 106 62
0.4110 0.1753 1.0050 147 100 56
0.4170 0.1753 1.0050 150 105 64
0.4231 0.1753 1.0049 144 102 54
0.4291 0.1753 1.0049 148 103 61
0.4351 0.1753 1.0049 147 103 56
0.4412 0.1753 1.0049 150 108 58
0.4472 0.1753 1.0049 152 105 59
0.4532 0.1753 1.0048 141 98 55
0.4593 0.1752 1.0048 145 102 57
0.4653 0.1752 1.0048 151 104 60
0.4713 0.1752 1.0047 147 98 57
0.4773 0.1752 1.0047 152 108 63
0.4832 0.1752 1.0043 142 104 57
0.4958 0.1775 1.0179 131 119 103
0.5269 0.1863 1.0684 153 190 217
0.5333 0.1863 1.0684 149 193 220
0.5398 0.1863 1.0684 144 185 213
0.5462 0.1863 1.0684 148 189 217
0.5526 0.1863 1.0684 149 190 222
0.5590 0.1863 1.0684 148 189 219
0.5655 0.1863 1.0684 143 184 212
0.5719 0.1863 1.0684 150 194 221
0.5783 0.1863 1.0684 155 197 222
0.5847 0.1863 1.0684 156 193 222
0.5912 0.1863 1.0684 147 191 218
0.5976 0.1863 1.0684 144 186 211
0.6040 0.1863 1.0684 145 185 211
0.6104 0.1863 1.0684 141 185 214
-0.6169 0.1799 1.0684 144 183 214
-0.6104 0.1799 1.0684 154 195 223
-0.6040 0.1799 1.0684 148 189 217
-0.5976 0.1799 1.0684 143 183 209
-0.5912 0.1799 1.0684 146 187 215
-0.5847 0.1799 1.0684 148 189 217
-0.5783 0.1799 1.0684 144 188 215
-0.5719 0.1799 1.0684 152 196 223
-0.5655 0.1799 1.0684 152 193 221
-0.5590 0.1799 1.0684 150 191 221
-0.5526 0.1799 1.0684 145 189 216
-0.5462 0.1799 1.0684 142 186 213
-0.5398 0.1799 1.0684 147 191 218
-0.5333 0.1799 1.0684 152 196 223
-0.5375 0.1835 1.0899 151 195 222
-0.4913 0.1698 1.0084 134 110 84
-0.4835 0.1692 1.0050 150 106 61
-0.4774 0.1692 1.0049 152 108 61
-0.4714 0.1692 1.0049 152 105 61
-0.4654 0.1692 1.0050 145 101 56
-0.4593 0.1692 1.0050 153 109 62
-0.4533 0.1692 1.0050 150 103 59
-0.4472 0.1692 1.0050 143 98 57
-0.4412 0.1692 1.0049 150 106 59
-0.4351 0.1692 1.0049 156 109 65
-0.4291 0.1692 1.0049 151 107 60
-0.4231 0.1692 1.0049 154 107 65
-0.4170 0.1692 1.0049 152 105 61
-0.4110 0.1692 1.0049 145 98 56
-0.4049 0.1692 1.0049 140 96 51
-0.3989 0.1692 1.0049 149 102 56
-0.3928 0.1692 1.0049 151 107 60
-0.3868 0.1692 1.0049 156 110 61
-0.3807 0.1692 1.0049 147 105 55
-0.3747 0.1692 1.0049 151 111 60
-0.3686 0.1692 1.0048 154 112 64
-0.3626 0.1692 1.0048 152 105 59
-0.3565 0.1692 1.0048 153 110 65
-0.3505 0.1692 1.0048 150 107 64
-0.3444 0.1692 1.0048 151 104 60
-0.3384 0.1692 1.0048 153 108 66
-0.3324 0.1692 1.0048 143 96 50
-0.3263 0.1692 1.0048 153 106 62
-0.3203 0.1692 1.0049 161 112 71
-0.3142 0.1692 1.0046 147 103 54
-0.3105 0.1704 1.0122 130 117 100
-0.3213 0.1799 1.0684 151 192 220
-0.3149 0.1799 1.0684 139 187 210
-0.3084 0.1799 1.0684 152 189 218
-0.3020 0.1799 1.0684 148 189 217
-0.2956 0.1799 1.0684 155 199 226
-0.2892 0.1799 1.0684 148 190 215
-0.2827 0.1799 1.0684 152 189 216
-0.2763 0.1799 1.0684 147 189 214
-0.2699 0.1799 1.0684 150 194 221
-0.2635 0.1799 1.0684 142 183 211
-0.2570 0.1799 1.0684 141 185 210
-0.2506 0.1799 1.0684 151 192 220
-0.2442 0.1799 1.0684 146 187 219
-0.2377 0.1799 1.0684 151 190 219
-0.2313 0.1799 1.0684 155 196 228
-0.2249 0.1799 1.0684 143 189 215
-0.2185 0.1799 1.0684 153 194 222
-0.2120 0.1799 1.0684 153 195 220
-0.2056 0.1799 1.0684 152 191 222
-0.1992 0.1799 1.0684 153 192 225
-0.1928 0.1799 1.0684 142 181 214
-0.1863 0.1799 1.0684 155 194 225
-0.1799 0.1799 1.0684 144 190 214
-0.1735 0.1799 1.0684 141 182 210
-0.1671 0.1799 1.0684 151 190 221
-0.1606 0.1799 1.0684 147 188 216
-0.1542 0.1799 1.0684 145 189 218
-0.1478 0.1799 1.0684 145 186 216
-0.1414 0.1799 1.0684 151 190 219
-0.1349 0.1799 1.0684 150 191 219
-0.1285 0.1799 1.0684 146 187 215
-0.1221 0.1799 1.0684 143 187 216
-0.1157 0.1799 1.0684 147 193 219
-0.1092 0.1799 1.0684 146 190 217
-0.1028 0.1799 1.0684 154 193 222
-0.0964 0.1799 1.0684 146 190 217
-0.0900 0.1799 1.0684 158 194 226
-0.0835 0.1799 1.0684 138 185 213
-0.0771 0.1799 1.0684 148 195 221
-0.0707 0.1799 1.0684 138 184 210
-0.0643 0.1799 1.0684 150 191 219
-0.0578 0.1799 1.0684 141 185 210
-0.0514 0.1799 1.0684 149 190 218
-0.0450 0.1799 1.0684 147 191 218
-0.0386 0.1799 1.0684 148 192 219
-0.0321 0.1799 1.0684 144 185 213
-0.0257 0.1799 1.0684 146 185 216
-0.0193 0.1799 1.0684 141 185 212
-0.0129 0.1799 1.0684 143 184 214
-0.0064 0.1799 1.0684 147 188 218
0.0000 0.1799 1.0684 153 199 225
0.0064 0.1799 1.0684 153 197 226
0.0129 0.1799 1.0684 154 190 222
0.0193 0.1799 1.0684 147 184 213
0.0257 0.1799 1.0684 148 192 217
0.0321 0.1799 1.0684 147 191 220
0.0386 0.1799 1.0684 150 191 221
0.0450 0.1799 1.0684 150 191 219
0.0514 0.1799 1.0684 153 194 222
0.0578 0.1799 1.0684 148 190 215
0.0643 0.1799 1.0684 145 186 214
0.0707 0.1799 1.0684 144 188 217
0.0771 0.1799 1.0684 148 190 215
0.0835 0.1799 1.0684 143 189 213
0.0900 0.1799 1.0684 149 195 219
0.0964 0.1799 1.0684 150 192 217
0.1028 0.1799 1.0684 154 194 220
0.1092 0.1799 1.0684 152 194 219
0.1157 0.1799 1.0684 149 188 219
0.1221 0.1799 1.0684 153 194 224
0.1285 0.1799 1.0684 146 190 217
0.1349 0.1799 1.0684 145 191 217
0.1414 0.1799 1.0684 149 193 220
0.1478 0.1799 1.0684 148 190 215
0.1542 0.1799 1.0684 148 188 214
0.1606 0.1799 1.0684 147 191 218
0.1671 0.1799 1.0684 150 197 223
0.1735 0.1799 1.0684 147 192 221
0.1799 0.1799 1.0684 143 184 212
0.1863 0.1799 1.0684 151 192 222
0.1928 0.1799 1.0684 140 182 207
0.1992 0.1799 1.0684 147 189 213
0.2056 0.1799 1.0684 151 191 217
0.2120 0.1799 1.0684 147 188 218
0.2185 0.1799 1.0684 145 188 220
0.2249 0.1799 1.0684 148 189 219
0.2313 0.1799 1.0684 155 194 223
0.2377 0.1799 1.0684 148 189 219
0.2442 0.1799 1.0684 148 192 221
0.2506 0.1799 1.0684 150 194 221
0.2570 0.1799 1.0684 150 192 216
0.2635 0.1799 1.0684 155 199 228
0.2699 0.1799 1.0684 142 188 214
0.2763 0.1799 1.0684 154 200 224
0.2827 0.1799 1.0684 146 190 219
0.2892 0.1799 1.0684 147 186 215
0.2956 0.1799 1.0684 147 194 220
0.3020 0.1799 1.0684 151 188 217
0.3084 0.1799 1.0684 149 194 227
0.3149 0.1799 1.0684 139 184 213
0.3123 0.1749 1.0384 145 187 212
0.3088 0.1696 1.0069 131 107 81
0.3144 0.1693 1.0053 147 103 58
0.3204 0.1693 1.0053 152 105 61
0.3265 0.1693 1.0052 147 100 56
0.3325 0.1693 1.0052 157 110 66
0.3385 0.1693 1.0052 156 116 67
0.3446 0.1693 1.0051 149 107 59
0.3506 0.1693 1.0051 149 102 58
0.3566 0.1692 1.0051 145 102 57
0.3627 0.1692 1.0051 146 103 60
0.3687 0.1692 1.0051 149 106 63
0.3748 0.1692 1.0050 154 111 69
0.3808 0.1692 1.0050 145 101 56
0.3868 0.1692 1.0050 142 98 51
0.3929 0.1692 1.0050 150 106 59
0.3989 0.1692 1.0050 145 101 56
0.4050 0.1692 1.0050 156 111 70
0.4110 0.1692 1.0050 144 101 58
0.4170 0.1692 1.0050 151 108 63
0.4231 0.1692 1.0049 146 101 59
0.4291 0.1692 1.0049 159 110 67
0.4351 0.1692 1.0049 151 107 60
0.4412 0.1692 1.0049 150 106 59
0.4472 0.1692 1.0048 151 107 60
0.4532 0.1692 1.0048 142 98 53
0.4592 0.1692 1.0048 150 103 59
0.4653 0.1692 1.0048 150 106 61
0.4713 0.1692 1.0047 150 107 62
0.4773 0.1692 1.0047 156 114 66
0.4832 0.1691 1.0043 150 106 61
0.4958 0.1714 1.0178 124 111 94
0.5269 0.1799 1.0684 152 189 218
0.5333 0.1799 1.0684 148 189 217
0.5398 0.1799 1.0684 146 187 215
0.5462 0.1799 1.0684 144 190 216
0.5526 0.1799 1.0684 149 193 220
0.5590 0.1799 1.0684 150 191 219
0.5655 0.1799 1.0684 148 190 215
0.5719 0.1799 1.0684 153 197 224
0.5783 0.1799 1.0684 154 200 226
0.5847 0.1799 1.0684 148 190 215
0.5912 0.1799 1.0684 159 203 228
0.5976 0.1799 1.0684 150 191 221
0.6040 0.1799 1.0684 151 193 217
0.6104 0.1799 1.0684 148 189 219
-0.6169 0.1735 1.0684 153 192 223
-0.6104 0.1735 1.0684 149 193 220
-0.6040 0.1735 1.0684 145 186 214
-0.5976 0.1735 1.0684 150 190 216
-0.5912 0.1735 1.0684 139 181 206
-0.5847 0.1735 1.0684 150 191 219
-0.5783 0.1735 1.0684 142 181 210
-0.5719 0.1735 1.0684 142 183 211
-0.5655 0.1735 1.0684 153 193 219
-0.5590 0.1735 1.0684 142 183 211
-0.5526 0.1735 1.0684 151 195 222
-0.5462 0.1735 1.0684 139 181 206
-0.5398 0.1735 1.0684 151 188 217
-0.5333 0.1735 1.0684 144 183 214
-0.5409 0.1781 1.0968 145 182 211
-0.4913 0.1638 1.0086 140 113 86
-0.4835 0.1632 1.0049 158 110 70
-0.4774 0.1632 1.0049 154 106 66
-0.4714 0.1632 1.0049 156 109 63
-0.4654 0.1632 1.0050 150 106 57
-0.4593 0.1632 1.0050 147 103 56
-0.4533 0.1632 1.0050 156 109 63
-0.4472 0.1632 1.0049 161 117 72
-0.4412 0.1632 1.0049 151 106 64
-0.4351 0.1632 1.0049 149 102 58
-0.4291 0.1632 1.0049 151 109 61
-0.4231 0.1632 1.0049 147 100 56
-0.4170 0.1632 1.0049 149 105 60
-0.4110 0.1632 1.0049 153 107 58
-0.4049 0.1632 1.0049 152 108 61
-0.3989 0.1632 1.0049 144 100 55
-0.3928 0.1632 1.0049 150 103 61
-0.3868 0.1632 1.0049 142 99 54
-0.3807 0.1632 1.0049 149 104 62
-0.3747 0.1632 1.0049 140 97 52
-0.3686 0.1632 1.0048 150 107 64
-0.3626 0.1632 1.0048 149 105 60
-0.3565 0.1632 1.0048 148 104 59
-0.3505 0.1632 1.0048 146 101 59
-0.3444 0.1632 1.0048 156 111 69
-0.3384 0.1632 1.0048 153 108 66
-0.3324 0.1632 1.0048 154 106 60
-0.3263 0.1632 1.0048 156 107 64
-0.3203 0.1632 1.0048 146 102 57
-0.3142 0.1631 1.0046 158 110 64
-0.3098 0.1640 1.0102 127 111 95
-0.3213 0.1735 1.0684 151 187 219
-0.3149 0.1735 1.0684 145 189 214
-0.3084 0.1735 1.0684 147 188 216
-0.3020 0.1735 1.0684 145 189 214
-0.2956 0.1735 1.0684 146 188 213
-0.2892 0.1735 1.0684 150 194 219
-0.2827 0.1735 1.0684 156 198 222
-0.2763 0.1735 1.0684 155 197 222
-0.2699 0.1735 1.0684 142 186 215
-0.2635 0.1735 1.0684 148 189 217
-0.2570 0.1735 1.0684 147 186 215
-0.2506 0.1735 1.0684 155 192 219
-0.2442 0.1735 1.0684 147 191 218
-0.2377 0.1735 1.0684 147 192 223
-0.2313 0.1735 1.0684 147 186 217
-0.2249 0.1735 1.0684 149 194 223
-0.2185 0.1735 1.0684 151 195 222
-0.2120 0.1735 1.0684 146 190 217
-0.2056 0.1735 1.0684 148 192 219
-0.1992 0.1735 1.0684 149 193 220
-0.1928 0.1735 1.0684 155 196 224
-0.1863 0.1735 1.0684 151 192 220
-0.1799 0.1735 1.0684 144 188 217
-0.1735 0.1735 1.0684 150 194 221
-0.1671 0.1735 1.0684 142 183 211
-0.1606 0.1735 1.0684 151 190 221
-0.1542 0.1735 1.0684 151 187 219
-0.1478 0.1735 1.0684 145 186 216
-0.1414 0.1735 1.0684 148 192 219
-0.1349 0.1735 1.0684 154 195 223
-0.1285 0.1735 1.0684 148 189 217
-0.1221 0.1735 1.0684 155 194 223
-0.1157 0.1735 1.0684 141 180 209
-0.1092 0.1735 1.0684 147 191 218
-0.1028 0.1735 1.0684 155 196 224
-0.0964 0.1735 1.0684 154 190 216
-0.0900 0.1735 1.0684 142 181 210
-0.0835 0.1735 1.0684 155 191 223
-0.0771 0.1735 1.0684 146 187 215
-0.0707 0.1735 1.0684 142 183 211
-0.0643 0.1735 1.0684 146 187 215
-0.0578 0.1735 1.0684 147 187 213
-0.0514 0.1735 1.0684 150 191 221
-0.0450 0.1735 1.0684 146 190 217
-0.0386 0.1735 1.0684 152 193 221
-0.0321 0.1735 1.0684 149 188 217
-0.0257 0.1735 1.0684 151 192 222
-0.0193 0.1735 1.0684 146 188 213
-0.0129 0.1735 1.0684 149 190 218
-0.0064 0.1735 1.0684 144 185 213
0.0000 0.1735 1.0684 147 188 216
0.0064 0.1735 1.0684 147 186 217
0.0129 0.1735 1.0684 152 188 220
0.0193 0.1735 1.0684 153 190 219
0.0257 0.1735 1.0684 148 188 214
0.0321 0.1735 1.0684 144 185 217
0.0386 0.1735 1.0684 147 188 220
0.0450 0.1735 1.0684 141 182 212
0.0514 0.1735 1.0684 139 178 209
0.0578 0.1735 1.0684 148 188 214
0.0643 0.1735 1.0684 149 188 217
0.0707 0.1735 1.0684 154 195 223
0.0771 0.1735 1.0684 143 182 211
0.0835 0.1735 1.0684 145 184 213
0.0900 0.1735 1.0684 144 183 212
0.0964 0.1735 1.0684 150 191 221
0.1028 0.1735 1.0684 149 188 217
0.1092 0.1735 1.0684 143 187 214
0.1157 0.1735 1.0684 146 185 214
0.1221 0.1735 1.0684 147 186 215
0.1285 0.1735 1.0684 146 185 214
0.1349 0.1735 1.0684 150 189 218
0.1414 0.1735 1.0684 144 185 213
0.1478 0.1735 1.0684 149 190 218
0.1542 0.1735 1.0684 150 190 216
0.1606 0.1735 1.0684 144 185 215
0.1671 0.1735 1.0684 153 197 222
0.1735 0.1735 1.0684 154 195 223
0.1799 0.1735 1.0684 145 190 213
0.1863 0.1735 1.0684 152 191 220
0.1928 0.1735 1.0684 151 193 218
0.1992 0.1735 1.0684 144 186 211
0.2056 0.1735 1.0684 141 182 210
0.2120 0.1735 1.0684 143 184 214
0.2185 0.1735 1.0684 147 188 218
0.2249 0.1735 1.0684 147 188 216
0.2313 0.1735 1.0684 148 187 216
0.2377 0.1735 1.0684 150 191 219
0.2442 0.1735 1.0684 153 195 220
0.2506 0.1735 1.0684 142 181 210
0.2570 0.1735 1.0684 143 182 211
0.2635 0.1735 1.0684 138 179 207
0.2699 0.1735 1.0684 145 186 218
0.2763 0.1735 1.0684 137 176 207
0.2827 0.1735 1.0684 145 184 213
0.2892 0.1735 1.0684 150 187 214
0.2956 0.1735 1.0684 152 198 222
0.3020 0.1735 1.0684 145 184 213
0.3084 0.1735 1.0684 147 188 216
0.3149 0.1735 1.0684 151 190 221
0.3118 0.1684 1.0369 149 190 218
0.3088 0.1635 1.0067 138 116 92
0.3144 0.1632 1.0053 151 107 62
0.3204 0.1632 1.0052 146 102 57
0.3264 0.1632 1.0052 142 97 55
0.3325 0.1632 1.0052 155 108 66
0.3385 0.1632 1.0052 154 103 58
0.3446 0.1632 1.0051 158 111 67
0.3506 0.1632 1.0051 148 107 63
0.3566 0.1632 1.0051 142 99 56
0.3627 0.1632 1.0051 140 97 52
0.3687 0.1632 1.0050 141 98 53
0.3747 0.1632 1.0050 145 101 56
0.3808 0.1632 1.0050 151 107 60
0.3868 0.1632 1.0050 158 111 67
0.3929 0.1632 1.0050 153 109 64
0.3989 0.1632 1.0050 147 103 58
0.4049 0.1632 1.0050 146 99 55
0.4110 0.1632 1.0050 149 102 58
0.4170 0.1632 1.0049 147 100 56
0.4231 0.1632 1.0049 144 97 53
0.4291 0.1632 1.0049 148 104 59
0.4351 0.1632 1.0049 153 109 64
0.4412 0.1632 1.0048 134 90 45
0.4472 0.1632 1.0048 150 106 61
0.4532 0.1632 1.0048 149 105 60
0.4592 0.1632 1.0048 146 102 55
0.4653 0.1632 1.0047 150 106 61
0.4713 0.1631 1.0047 146 103 58
0.4773 0.1631 1.0047 152 108 61
0.4832 0.1631 1.0043 150 107 62
0.4957 0.1652 1.0175 123 106 90
0.5269 0.1735 1.0684 140 181 209
0.5333 0.1735 1.0684 151 186 216
0.5398 0.1735 1.0684 145 186 214
0.5462 0.1735 1.0684 155 196 224
0.5526 0.1735 1.0684 150 191 219
0.5590 0.1735 1.0684 149 188 217
0.5655 0.1735 1.0684 149 190 218
0.5719 0.1735 1.0684 140 179 210
0.5783 0.1735 1.0684 149 185 219
0.5847 0.1735 1.0684 141 180 211
0.5912 0.1735 1.0684 142 183 211
0.5976 0.1735 1.0684 142 184 209
0.6040 0.1735 1.0684 151 191 226
0.6104 0.1735 1.0684 144 186 211
-0.6169 0.1671 1.0684 153 193 219
-0.6104 0.1671 1.0684 143 187 216
-0.6040 0.1671 1.0684 149 190 218
-0.5976 0.1671 1.0684 148 190 215
-0.5912 0.1671 1.0684 145 189 216
-0.5847 0.1671 1.0684 144 188 215
-0.5783 0.1671 1.0684 150 189 218
-0.5719 0.1671 1.0684 154 191 220
-0.5655 0.1671 1.0684 154 194 220
-0.5590 0.1671 1.0684 148 189 217
-0.5526 0.1671 1.0684 148 190 215
-0.5462 0.1671 1.0684 147 187 213
-0.5398 0.1671 1.0684 153 194 222
-0.5333 0.1671 1.0684 143 187 216
-0.5425 0.1720 1.1001 152 196 223
-0.4914 0.1577 1.0086 132 111 82
-0.4835 0.1571 1.0049 143 99 54
-0.4774 0.1571 1.0049 144 99 57
-0.4714 0.1571 1.0049 145 101 56
-0.4654 0.1571 1.0049 139 95 50
-0.4593 0.1571 1.0049 144 100 55
-0.4533 0.1571 1.0049 149 103 54
-0.4472 0.1571 1.0049 155 111 62
-0.4412 0.1571 1.0049 145 102 60
-0.4351 0.1571 1.0049 148 103 61
-0.4291 0.1571 1.0049 153 109 60
-0.4230 0.1571 1.0049 145 103 55
-0.4170 0.1571 1.0049 148 105 60
-0.4110 0.1571 1.0049 153 106 62
-0.4049 0.1571 1.0049 151 107 62
-0.3989 0.1571 1.0049 152 108 63
-0.3928 0.1571 1.0049 154 107 63
-0.3868 0.1571 1.0049 153 112 66
-0.3807 0.1571 1.0049 154 107 65
-0.3747 0.1571 1.0049 153 110 65
-0.3686 0.1571 1.0048 149 104 62
-0.3626 0.1571 1.0048 147 104 59
-0.3565 0.1571 1.0048 152 105 61
-0.3505 0.1571 1.0048 148 101 57
-0.3444 0.1571 1.0048 151 108 65
-0.3384 0.1571 1.0047 147 106 60
-0.3324 0.1571 1.0048 145 101 56
-0.3263 0.1571 1.0048 147 98 55
-0.3203 0.1571 1.0048 163 116 70
-0.3142 0.1571 1.0046 146 99 53
-0.3095 0.1578 1.0090 137 124 105
-0.3213 0.1671 1.0684 154 193 222
-0.3149 0.1671 1.0684 149 195 218
-0.3084 0.1671 1.0684 141 182 212
-0.3020 0.1671 1.0684 147 188 218
-0.2956 0.1671 1.0684 158 194 226
-0.2892 0.1671 1.0684 147 186 215
-0.2827 0.1671 1.0684 149 194 217
-0.2763 0.1671 1.0684 145 189 216
-0.2699 0.1671 1.0684 151 192 222
-0.2635 0.1671 1.0684 148 189 217
-0.2570 0.1671 1.0684 149 193 218
-0.2506 0.1671 1.0684 150 190 216
-0.2442 0.1671 1.0684 146 187 215
-0.2377 0.1671 1.0684 152 193 221
-0.2313 0.1671 1.0684 146 186 212
-0.2249 0.1671 1.0684 146 185 214
-0.2185 0.1671 1.0684 153 196 228
-0.2120 0.1671 1.0684 146 192 218
-0.2056 0.1671 1.0684 148 189 219
-0.1992 0.1671 1.0684 150 189 220
-0.1928 0.1671 1.0684 143 182 213
-0.1863 0.1671 1.0684 150 189 220
-0.1799 0.1671 1.0684 139 178 209
-0.1735 0.1671 1.0684 141 185 212
-0.1671 0.1671 1.0684 145 189 216
-0.1606 0.1671 1.0684 150 186 218
-0.1542 0.1671 1.0684 146 183 212
-0.1478 0.1671 1.0684 153 195 220
-0.1414 0.1671 1.0684 146 190 215
-0.1349 0.1671 1.0684 150 191 219
-0.1285 0.1671 1.0684 137 183 209
-0.1221 0.1671 1.0684 154 194 220
-0.1157 0.1671 1.0684 159 196 225
-0.1092 0.1671 1.0684 144 188 217
-0.1028 0.1671 1.0684 157 196 225
-0.0964 0.1671 1.0684 149 194 217
-0.0900 0.1671 1.0684 159 196 225
-0.0835 0.1671 1.0684 144 188 215
-0.0771 0.1671 1.0684 149 188 217
-0.0707 0.1671 1.0684 154 195 223
-0.0643 0.1671 1.0684 150 194 221
-0.0578 0.1671 1.0684 148 189 217
-0.0514 0.1671 1.0684 146 187 215
-0.0450 0.1671 1.0684 149 190 218
-0.0386 0.1671 1.0684 152 189 218
-0.0321 0.1671 1.0684 145 182 211
-0.0257 0.1671 1.0684 144 185 215
-0.0193 0.1671 1.0684 150 191 223
-0.0129 0.1671 1.0684 157 196 225
-0.0064 0.1671 1.0684 147 188 216
0.0000 0.1671 1.0684 152 193 221
0.0064 0.1671 1.0684 143 184 212
0.0129 0.1671 1.0684 152 193 221
0.0193 0.1671 1.0684 146 190 215
0.0257 0.1671 1.0684 152 194 218
0.0321 0.1671 1.0684 152 191 220
0.0386 0.1671 1.0684 146 188 213
0.0450 0.1671 1.0684 146 188 213
0.0514 0.1671 1.0684 143 186 218
0.0578 0.1671 1.0684 146 190 217
0.0643 0.1671 1.0684 156 200 227
0.0707 0.1671 1.0684 150 194 219
0.0771 0.1671 1.0684 149 195 218
0.0835 0.1671 1.0684 147 189 214
0.0900 0.1671 1.0684 154 191 218
0.0964 0.1671 1.0684 148 187 216
0.1028 0.1671 1.0684 148 189 219
0.1092 0.1671 1.0684 147 188 216
0.1157 0.1671 1.0684 154 191 220
0.1221 0.1671 1.0684 144 183 212
0.1285 0.1671 1.0684 144 188 215
0.1349 0.1671 1.0684 150 196 222
0.1414 0.1671 1.0684 146 187 215
0.1478 0.1671 1.0684 156 196 222
0.1542 0.1671 1.0684 142 183 211
0.1606 0.1671 1.0684 148 189 219
0.1671 0.1671 1.0684 154 194 220
0.1735 0.1671 1.0684 145 187 212
0.1799 0.1671 1.0684 147 189 213
0.1863 0.1671 1.0684 152 191 220
0.1928 0.1671 1.0684 151 192 220
0.1992 0.1671 1.0684 141 183 208
0.2056 0.1671 1.0684 139 180 208
0.2120 0.1671 1.0684 143 184 212
0.2185 0.1671 1.0684 142 183 211
0.2249 0.1671 1.0684 145 187 212
0.2313 0.1671 1.0684 148 189 219
0.2377 0.1671 1.0684 149 191 216
0.2442 0.1671 1.0684 154 194 219
0.2506 0.1671 1.0684 152 189 218
0.2570 0.1671 1.0684 146 185 214
0.2635 0.1671 1.0684 153 195 219
0.2699 0.1671 1.0684 140 184 213
0.2763 0.1671 1.0684 150 191 221
0.2827 0.1671 1.0684 151 193 218
0.2892 0.1671 1.0684 144 186 211
0.2956 0.1671 1.0684 148 188 214
0.3020 0.1671 1.0684 148 189 217
0.3084 0.1671 1.0684 141 183 208
0.3149 0.1671 1.0684 140 184 211
0.3125 0.1625 1.0393 150 189 220
0.3088 0.1574 1.0069 134 106 84
0.3144 0.1572 1.0053 148 104 57
0.3204 0.1572 1.0052 148 103 61
0.3264 0.1572 1.0052 150 105 63
0.3325 0.1572 1.0052 151 106 64
0.3385 0.1572 1.0052 154 110 65
0.3446 0.1572 1.0051 148 101 59
0.3506 0.1572 1.0051 152 103 63
0.3566 0.1572 1.0051 145 100 58
0.3627 0.1572 1.0051 152 108 61
0.3687 0.1572 1.0050 150 103 59
0.3747 0.1572 1.0050 150 103 59
0.3808 0.1572 1.0050 157 110 66
0.3868 0.1572 1.0050 149 105 60
0.3929 0.1571 1.0050 154 111 66
0.3989 0.1571 1.0050 150 109 63
0.4049 0.1571 1.0050 158 111 65
0.4110 0.1571 1.0049 144 102 54
0.4170 0.1571 1.0049 147 104 59
0.4231 0.1571 1.0049 149 105 60
0.4291 0.1571 1.0049 145 101 56
0.4351 0.1571 1.0049 145 100 58
0.4412 0.1571 1.0048 141 97 52
0.4472 0.1571 1.0048 143 99 54
0.4532 0.1571 1.0048 148 104 59
0.4592 0.1571 1.0048 157 113 68
0.4653 0.1571 1.0047 148 104 59
0.4713 0.1571 1.0047 156 111 69
0.4774 0.1571 1.0047 151 104 60
0.4832 0.1570 1.0044 149 106 61
0.4958 0.1591 1.0178 133 111 97
0.5269 0.1671 1.0684 140 186 212
0.5333 0.1671 1.0684 154 189 219
0.5398 0.1671 1.0684 147 193 219
0.5462 0.1671 1.0684 149 193 220
0.5526 0.1671 1.0684 147 188 216
0.5590 0.1671 1.0684 145 189 218
0.5655 0.1671 1.0684 150 194 221
0.5719 0.1671 1.0684 148 189 217
0.5783 0.1671 1.0684 154 193 224
0.5847 0.1671 1.0684 149 190 218
0.5912 0.1671 1.0684 158 200 225
0.5976 0.1671 1.0684 148 189 219
0.6040 0.1671 1.0684 148 187 220
0.6104 0.1671 1.0684 154 195 223
-0.6169 0.1606 1.0684 145 185 210
-0.6104 0.1606 1.0684 154 198 227
-0.6040 0.1606 1.0684 145 186 214
-0.5976 0.1606 1.0684 143 187 214
-0.5912 0.1606 1.0684 146 187 215
-0.5847 0.1606 1.0684 147 188 216
-0.5783 0.1606 1.0684 144 185 213
-0.5719 0.1606 1.0684 147 186 215
-0.5655 0.1606 1.0684 152 192 218
-0.5590 0.1606 1.0684 142 183 213
-0.5526 0.1606 1.0684 152 193 221
-0.5462 0.1606 1.0684 155 194 223
-0.5398 0.1606 1.0684 152 189 218
-0.5333 0.1606 1.0684 150 189 220
-0.5389 0.1643 1.0927 143 180 209
-0.4913 0.1516 1.0085 142 115 88
-0.4835 0.1511 1.0049 148 101 55
-0.4774 0.1511 1.0049 142 98 53
-0.4714 0.1511 1.0049 145 101 56
-0.4654 0.1511 1.0049 147 103 58
-0.4593 0.1511 1.0049 148 106 58
-0.4533 0.1511 1.0049 150 106 59
-0.4472 0.1511 1.0049 153 111 63
-0.4412 0.1511 1.0049 151 107 62
-0.4351 0.1511 1.0049 154 109 67
-0.4291 0.1511 1.0049 157 109 63
-0.4230 0.1511 1.0049 153 111 63
-0.4170 0.1511 1.0049 148 105 60
-0.4110 0.1511 1.0049 159 112 70
-0.4049 0.1511 1.0049 152 105 61
-0.3989 0.1511 1.0049 146 102 57
-0.3928 0.1511 1.0049 147 100 56
-0.3868 0.1511 1.0049 152 108 61
-0.3807 0.1511 1.0049 150 109 65
-0.3747 0.1511 1.0049 151 107 62
-0.3686 0.1511 1.0048 145 104 58
-0.3626 0.1511 1.0048 148 101 57
-0.3565 0.1511 1.0048 154 110 63
-0.3505 0.1511 1.0048 144 100 53
-0.3444 0.1511 1.0048 149 105 60
-0.3384 0.1511 1.0047 148 108 59
-0.3324 0.1511 1.0048 150 105 64
-0.3263 0.1511 1.0048 148 99 59
-0.3203 0.1511 1.0048 155 108 66
-0.3142 0.1511 1.0047 146 102 55
-0.3093 0.1516 1.0083 126 115 97
-0.3213 0.1606 1.0684 142 183 215
-0.3149 0.1606 1.0684 142 188 211
-0.3084 0.1606 1.0684 155 190 220
-0.3020 0.1606 1.0684 152 192 218
-0.2956 0.1606 1.0684 147 187 213
-0.2892 0.1606 1.0684 150 190 216
-0.2827 0.1606 1.0684 153 194 222
-0.2763 0.1606 1.0684 148 188 214
-0.2699 0.1606 1.0684 141 181 206
-0.2635 0.1606 1.0684 150 191 219
-0.2570 0.1606 1.0684 146 188 213
-0.2506 0.1606 1.0684 150 190 216
-0.2442 0.1606 1.0684 144 183 212
-0.2377 0.1606 1.0684 152 193 221
-0.2313 0.1606 1.0684 152 192 218
-0.2249 0.1606 1.0684 153 188 218
-0.2185 0.1606 1.0684 145 186 216
-0.2120 0.1606 1.0684 151 192 220
-0.2056 0.1606 1.0684 155 197 222
-0.1992 0.1606 1.0684 142 182 208
-0.1928 0.1606 1.0684 147 186 215
-0.1863 0.1606 1.0684 149 190 218
-0.1799 0.1606 1.0684 149 190 218
-0.1735 0.1606 1.0684 152 191 220
-0.1671 0.1606 1.0684 143 184 214
-0.1606 0.1606 1.0684 144 185 215
-0.1542 0.1606 1.0684 146 187 215
-0.1478 0.1606 1.0684 153 194 222
-0.1414 0.1606 1.0684 154 194 220
-0.1349 0.1606 1.0684 142 186 211
-0.1285 0.1606 1.0684 150 194 223
-0.1221 0.1606 1.0684 147 188 216
-0.1157 0.1606 1.0684 145 184 213
-0.1092 0.1606 1.0684 147 192 221
-0.1028 0.1606 1.0684 143 187 214
-0.0964 0.1606 1.0684 147 187 212
-0.0900 0.1606 1.0684 145 191 215
-0.0835 0.1606 1.0684 146 186 212
-0.0771 0.1606 1.0684 152 193 221
-0.0707 0.1606 1.0684 150 189 218
-0.0643 0.1606 1.0684 147 186 215
-0.0578 0.1606 1.0684 147 188 216
-0.0514 0.1606 1.0684 152 192 218
-0.0450 0.1606 1.0684 153 195 220
-0.0386 0.1606 1.0684 141 185 212
-0.0321 0.1606 1.0684 142 181 212
-0.0257 0.1606 1.0684 149 188 219
-0.0193 0.1606 1.0684 149 190 222
-0.0129 0.1606 1.0684 146 185 214
-0.0064 0.1606 1.0684 149 190 218
0.0000 0.1606 1.0684 146 190 217
0.0064 0.1606 1.0684 152 194 219
0.0129 0.1606 1.0684 138 179 207
0.0193 0.1606 1.0684 151 192 222
0.0257 0.1606 1.0684 152 198 221
0.0321 0.1606 1.0684 147 191 218
0.0386 0.1606 1.0684 143 183 209
0.0450 0.1606 1.0684 151 188 215
0.0514 0.1606 1.0684 146 185 214
0.0578 0.1606 1.0684 147 191 216
0.0643 0.1606 1.0684 151 195 224
0.0707 0.1606 1.0684 147 188 218
0.0771 0.1606 1.0684 145 189 214
0.0835 0.1606 1.0684 151 193 218
0.0900 0.1606 1.0684 150 191 219
0.0964 0.1606 1.0684 144 188 217
0.1028 0.1606 1.0684 144 185 215
0.1092 0.1606 1.0684 150 190 216
0.1157 0.1606 1.0684 147 184 211
0.1221 0.1606 1.0684 145 184 213
0.1285 0.1606 1.0684 148 190 215
0.1349 0.1606 1.0684 148 190 215
0.1414 0.1606 1.0684 137 181 206
0.1478 0.1606 1.0684 145 189 214
0.1542 0.1606 1.0684 151 192 220
0.1606 0.1606 1.0684 139 180 210
0.1671 0.1606 1.0684 153 194 222
0.1735 0.1606 1.0684 150 187 216
0.1799 0.1606 1.0684 148 190 215
0.1863 0.1606 1.0684 139 178 209
0.1928 0.1606 1.0684 148 189 217
0.1992 0.1606 1.0684 142 186 213
0.2056 0.1606 1.0684 151 195 220
0.2120 0.1606 1.0684 148 189 217
0.2185 0.1606 1.0684 144 183 212
0.2249 0.1606 1.0684 152 193 223
0.2313 0.1606 1.0684 144 188 215
0.2377 0.1606 1.0684 148 189 217
0.2442 0.1606 1.0684 143 184 212
0.2506 0.1606 1.0684 149 190 218
0.2570 0.1606 1.0684 154 194 220
0.2635 0.1606 1.0684 152 193 221
0.2699 0.1606 1.0684 148 189 217
0.2763 0.1606 1.0684 148 187 216
0.2827 0.1606 1.0684 145 186 214
0.2892 0.1606 1.0684 139 185 211
0.2956 0.1606 1.0684 144 179 207
0.3020 0.1606 1.0684 154 195 223
0.3084 0.1606 1.0684 148 189 221
0.3149 0.1606 1.0684 148 192 221
0.3117 0.1559 1.0367 139 181 206
0.3087 0.1513 1.0066 133 108 78
0.3144 0.1511 1.0052 148 104 57
0.3204 0.1511 1.0052 145 101 56
0.3264 0.1511 1.0052 153 106 64
0.3325 0.1511 1.0052 156 109 65
0.3385 0.1511 1.0051 155 106 63
0.3446 0.1511 1.0051 148 103 61
0.3506 0.1511 1.0051 151 108 66
0.3566 0.1511 1.0051 153 106 62
0.3627 0.1511 1.0051 152 105 61
0.3687 0.1511 1.0050 144 97 53
0.3747 0.1511 1.0050 148 101 57
0.3808 0.1511 1.0050 147 103 56
0.3868 0.1511 1.0050 156 112 67
0.3929 0.1511 1.0050 143 99 54
0.3989 0.1511 1.0050 148 104 59
0.4049 0.1511 1.0050 146 102 57
0.4110 0.1511 1.0049 140 96 49
0.4170 0.1511 1.0049 148 101 55
0.4231 0.1511 1.0049 155 106 63
0.4291 0.1511 1.0049 148 99 56
0.4351 0.1511 1.0049 157 109 69
0.4412 0.1511 1.0048 154 107 65
0.4472 0.1511 1.0048 150 103 57
0.4532 0.1511 1.0048 151 104 60
0.4592 0.1511 1.0048 152 108 61
0.4653 0.1511 1.0047 148 105 60
0.4713 0.1511 1.0047 149 105 60
0.4774 0.1511 1.0047 155 108 64
0.4832 0.1510 1.0043 155 110 68
0.4958 0.1530 1.0178 122 106 90
0.5269 0.1606 1.0684 140 184 211
0.5333 0.1606 1.0684 143 185 210
0.5398 0.1606 1.0684 142 186 213
0.5462 0.1606 1.0684 156 197 225
0.5526 0.1606 1.0684 151 190 221
0.5590 0.1606 1.0684 147 188 218
0.5655 0.1606 1.0684 148 189 219
0.5719 0.1606 1.0684 136 180 207
0.5783 0.1606 1.0684 145 189 216
0.5847 0.1606 1.0684 152 194 219
0.5912 0.1606 1.0684 140 182 207
0.5976 0.1606 1.0684 148 189 219
0.6040 0.1606 1.0684 146 186 212
0.6104 0.1606 1.0684 156 195 226
-0.6169 0.1542 1.0684 153 194 222
-0.6104 0.1542 1.0684 150 194 221
-0.6040 0.1542 1.0684 147 191 218
-0.5976 0.1542 1.0684 146 190 217
-0.5912 0.1542 1.0684 151 192 220
-0.5847 0.1542 1.0684 156 192 224
-0.5783 0.1542 1.0684 144 181 210
-0.5719 0.1542 1.0684 144 185 213
-0.5655 0.1542 1.0684 143 182 213
-0.5590 0.1542 1.0684 151 190 223
-0.5526 0.1542 1.0684 149 190 222
-0.5462 0.1542 1.0684 149 190 220
-0.5398 0.1542 1.0684 148 188 214
-0.5333 0.1542 1.0684 150 190 216
-0.5341 0.1563 1.0831 143 185 210
-0.4912 0.1455 1.0083 122 101 74
-0.4835 0.1450 1.0049 150 106 57
-0.4774 0.1450 1.0049 154 110 63
-0.4714 0.1450 1.0049 144 100 55
-0.4654 0.1450 1.0049 152 105 59
-0.4593 0.1450 1.0049 152 108 61
-0.4533 0.1450 1.0049 147 103 58
-0.4472 0.1450 1.0049 149 104 62
-0.4412 0.1450 1.0049 150 107 64
-0.4351 0.1450 1.0049 146 103 60
-0.4291 0.1450 1.0049 151 104 60
-0.4230 0.1450 1.0049 159 112 66
-0.4170 0.1450 1.0049 154 111 66
-0.4109 0.1450 1.0049 151 103 63
-0.4049 0.1450 1.0049 158 111 65
-0.3989 0.1450 1.0049 151 107 58
-0.3928 0.1450 1.0049 151 106 65
-0.3868 0.1450 1.0049 147 104 62
-0.3807 0.1450 1.0049 142 99 56
-0.3747 0.1450 1.0049 146 104 56
-0.3686 0.1450 1.0048 154 110 63
-0.3626 0.1450 1.0048 144 100 53
-0.3565 0.1450 1.0048 146 102 55
-0.3505 0.1450 1.0048 142 99 54
-0.3444 0.1450 1.0048 151 108 65
-0.3384 0.1450 1.0047 153 109 64
-0.3324 0.1450 1.0048 152 103 60
-0.3263 0.1450 1.0048 150 106 61
-0.3203 0.1450 1.0048 148 105 60
-0.3142 0.1450 1.0047 151 108 65
-0.3091 0.1454 1.0077 125 109 94
-0.3213 0.1542 1.0684 142 181 214
-0.3149 0.1542 1.0684 150 187 216
-0.3084 0.1542 1.0684 150 187 214
-0.3020 0.1542 1.0684 142 185 217
-0.2956 0.1542 1.0684 145 184 215
-0.2892 0.1542 1.0684 149 193 220
-0.2827 0.1542 1.0684 140 185 216
-0.2763 0.1542 1.0684 146 187 219
-0.2699 0.1542 1.0684 143 188 207
-0.2635 0.1542 1.0684 147 183 217
-0.2570 0.1542 1.0684 150 189 220
-0.2506 0.1542 1.0684 150 190 216
-0.2442 0.1542 1.0684 146 186 211
-0.2377 0.1542 1.0684 146 187 217
-0.2313 0.1542 1.0684 144 188 215
-0.2249 0.1542 1.0684 149 188 219
-0.2185 0.1542 1.0684 145 184 213
-0.2120 0.1542 1.0684 140 179 208
-0.2056 0.1542 1.0684 145 186 218
-0.1992 0.1542 1.0684 155 190 220
-0.1928 0.1542 1.0684 143 187 212
-0.1863 0.1542 1.0684 152 189 216
-0.1799 0.1542 1.0684 148 187 216
-0.1735 0.1542 1.0684 138 182 209
-0.1671 0.1542 1.0684 146 185 216
-0.1606 0.1542 1.0684 145 186 218
-0.1542 0.1542 1.0684 136 182 215
-0.1478 0.1542 1.0684 152 198 222
-0.1414 0.1542 1.0684 149 194 225
-0.1349 0.1542 1.0684 145 189 216
-0.1285 0.1542 1.0684 149 184 216
-0.1221 0.1542 1.0684 150 186 220
-0.1157 0.1542 1.0684 139 180 210
-0.1092 0.1542 1.0684 147 188 216
-0.1028 0.1542 1.0684 151 193 218
-0.0964 0.1542 1.0684 150 191 219
-0.0900 0.1542 1.0684 149 188 217
-0.0835 0.1542 1.0684 147 189 214
-0.0771 0.1542 1.0684 145 184 213
-0.0707 0.1542 1.0684 146 187 217
-0.0643 0.1542 1.0684 145 184 213
-0.0578 0.1542 1.0684 154 194 220
-0.0514 0.1542 1.0684 143 187 212
-0.0450 0.1542 1.0684 144 185 215
-0.0386 0.1542 1.0684 145 186 216
-0.0321 0.1542 1.0684 148 184 216
-0.0257 0.1542 1.0684 141 187 213
-0.0193 0.1542 1.0684 144 188 213
-0.0129 0.1542 1.0684 149 188 219
-0.0064 0.1542 1.0684 157 194 220
0.0000 0.1542 1.0684 155 196 226
0.0064 0.1542 1.0684 153 193 219
0.0129 0.1542 1.0684 148 187 216
0.0193 0.1542 1.0684 156 195 226
0.0257 0.1542 1.0684 140 185 208
0.0321 0.1542 1.0684 147 192 221
0.0386 0.1542 1.0684 144 188 215
0.0450 0.1542 1.0684 147 191 216
0.0514 0.1542 1.0684 148 189 219
0.0578 0.1542 1.0684 147 193 219
0.0643 0.1542 1.0684 150 190 225
0.0707 0.1542 1.0684 144 183 212
0.0771 0.1542 1.0684 147 186 219
0.0835 0.1542 1.0684 150 190 216
0.0900 0.1542 1.0684 147 186 219
0.0964 0.1542 1.0684 147 192 221
0.1028 0.1542 1.0684 146 190 215
0.1092 0.1542 1.0684 140 186 209
0.1157 0.1542 1.0684 145 183 219
0.1221 0.1542 1.0684 147 187 213
0.1285 0.1542 1.0684 143 185 210
0.1349 0.1542 1.0684 143 189 213
0.1414 0.1542 1.0684 150 194 219
0.1478 0.1542 1.0684 152 187 215
0.1542 0.1542 1.0684 140 181 209
0.1606 0.1542 1.0684 149 188 217
0.1671 0.1542 1.0684 152 194 218
0.1735 0.1542 1.0684 147 189 213
0.1799 0.1542 1.0684 140 184 213
0.1863 0.1542 1.0684 145 186 218
0.1928 0.1542 1.0684 146 187 217
0.1992 0.1542 1.0684 148 189 217
0.2056 0.1542 1.0684 143 187 214
0.2120 0.1542 1.0684 146 183 212
0.2185 0.1542 1.0684 152 191 222
0.2249 0.1542 1.0684 139 183 210
0.2313 0.1542 1.0684 136 185 217
0.2377 0.1542 1.0684 149 188 219
0.2442 0.1542 1.0684 148 189 217
0.2506 0.1542 1.0684 146 187 215
0.2570 0.1542 1.0684 157 195 218
0.2635 0.1542 1.0684 148 187 216
0.2699 0.1542 1.0684 141 182 210
0.2763 0.1542 1.0684 146 188 213
0.2827 0.1542 1.0684 153 190 219
0.2892 0.1542 1.0684 155 194 223
0.2956 0.1542 1.0684 157 194 221
0.3020 0.1542 1.0684 154 194 220
0.3084 0.1542 1.0684 148 188 214
0.3149 0.1542 1.0684 153 192 223
0.3087 0.1482 1.0266 143 187 212
0.3084 0.1451 1.0055 130 109 82
0.3143 0.1451 1.0051 150 107 62
0.3204 0.1451 1.0051 154 110 63
0.3264 0.1451 1.0051 146 97 54
0.3325 0.1451 1.0052 139 90 47
0.3385 0.1451 1.0051 151 104 58
0.3446 0.1451 1.0051 151 107 62
0.3506 0.1451 1.0051 146 102 57
0.3566 0.1451 1.0051 148 104 59
0.3627 0.1451 1.0051 139 96 53
0.3687 0.1451 1.0050 149 104 62
0.3747 0.1451 1.0050 149 105 60
0.3808 0.1451 1.0050 140 97 52
0.3868 0.1451 1.0050 146 104 56
0.3929 0.1451 1.0050 146 98 52
0.3989 0.1451 1.0050 145 101 56
0.4049 0.1451 1.0050 151 107 62
0.4110 0.1451 1.0049 152 105 61
0.4170 0.1450 1.0049 143 96 52
0.4231 0.1450 1.0049 149 105 58
0.4291 0.1450 1.0049 147 105 55
0.4351 0.1450 1.0049 151 108 65
0.4412 0.1450 1.0048 152 109 64
0.4472 0.1450 1.0048 156 114 66
0.4532 0.1450 1.0048 150 106 61
0.4593 0.1450 1.0048 144 100 55
0.4653 0.1450 1.0048 150 108 60
0.4713 0.1450 1.0047 147 104 61
0.4774 0.1450 1.0048 149 104 62
0.4832 0.1450 1.0044 139 95 48
0.4959 0.1469 1.0181 127 114 97
0.5269 0.1542 1.0684 153 195 220
0.5333 0.1542 1.0684 149 188 217
0.5398 0.1542 1.0684 144 185 215
0.5462 0.1542 1.0684 151 193 218
0.5526 0.1542 1.0684 140 181 211
0.5590 0.1542 1.0684 144 185 213
0.5655 0.1542 1.0684 156 193 222
0.5719 0.1542 1.0684 146 185 214
0.5783 0.1542 1.0684 143 184 212
0.5847 0.1542 1.0684 146 190 217
0.5912 0.1542 1.0684 144 185 213
0.5976 0.1542 1.0684 152 194 219
0.6040 0.1542 1.0684 146 187 217
0.6104 0.1542 1.0684 147 188 216
-0.6169 0.1478 1.0684 149 185 217
-0.6104 0.1478 1.0684 149 188 217
-0.6040 0.1478 1.0684 149 188 217
-0.5976 0.1478 1.0684 146 185 214
-0.5912 0.1478 1.0684 142 181 212
-0.5847 0.1478 1.0684 147 188 216
-0.5783 0.1478 1.0684 147 186 215
-0.5719 0.1478 1.0684 150 189 218
-0.5655 0.1478 1.0684 152 194 219
-0.5590 0.1478 1.0684 148 189 217
-0.5526 0.1478 1.0684 144 185 213
-0.5462 0.1478 1.0684 144 185 213
-0.5398 0.1478 1.0684 150 194 219
-0.5333 0.1478 1.0684 144 188 213
-0.5307 0.1489 1.0762 154 194 220
-0.4911 0.1394 1.0081 137 110 83
-0.4835 0.1390 1.0049 146 99 55
-0.4774 0.1390 1.0049 142 98 51
-0.4714 0.1390 1.0049 153 109 62
-0.4654 0.1390 1.0049 148 101 59
-0.4593 0.1390 1.0049 148 101 55
-0.4533 0.1390 1.0049 148 101 57
-0.4472 0.1390 1.0049 143 96 54
-0.4412 0.1390 1.0049 155 110 68
-0.4351 0.1390 1.0049 150 106 61
-0.4291 0.1390 1.0049 148 104 57
-0.4230 0.1390 1.0049 148 104 57
-0.4170 0.1390 1.0049 157 110 66
-0.4109 0.1390 1.0049 141 94 48
-0.4049 0.1390 1.0049 156 109 63
-0.3989 0.1390 1.0049 153 108 66
-0.3928 0.1390 1.0049 154 110 65
-0.3868 0.1390 1.0049 150 108 60
-0.3807 0.1390 1.0049 157 115 67
-0.3747 0.1390 1.0049 150 106 61
-0.3686 0.1390 1.0048 142 97 55
-0.3626 0.1390 1.0048 145 102 57
-0.3566 0.1390 1.0049 149 105 58
-0.3505 0.1390 1.0048 151 107 62
-0.3444 0.1390 1.0048 152 108 63
-0.3384 0.1390 1.0048 145 101 56
-0.3324 0.1390 1.0048 150 101 58
-0.3263 0.1390 1.0048 151 107 62
-0.3203 0.1390 1.0048 147 103 58
-0.3142 0.1390 1.0047 151 108 63
-0.3090 0.1394 1.0074 124 108 92
-0.3213 0.1478 1.0684 145 186 216
-0.3149 0.1478 1.0684 149 186 212
-0.3082 0.1477 1.0677 144 188 217
-0.3042 0.1489 1.0762 147 187 212
-0.2976 0.1488 1.0757 162 175 183
-0.2756 0.1408 1.0182 172 183 179
-0.2683 0.1402 1.0138 166 177 173
-0.2639 0.1412 1.0206 172 182 181
-0.2771 0.1517 1.0969 184 189 195
-0.2760 0.1548 1.1194 171 174 179
-0.2573 0.1480 1.0697 155 189 216
-0.2505 0.1477 1.0678 147 187 213
-0.2449 0.1482 1.0715 146 183 210
-0.2557 0.1589 1.1490 148 187 216
-0.2273 0.1452 1.0497 163 180 188
-0.2136 0.1403 1.0146 170 175 178
-0.2064 0.1396 1.0095 181 186 189
-0.2006 0.1398 1.0106 174 179 182
-0.1985 0.1427 1.0317 170 180 179
-0.2204 0.1636 1.1824 176 178 177
-0.1932 0.1481 1.0708 142 183 205
-0.1863 0.1478 1.0684 145 184 213
-0.1798 0.1477 1.0680 144 188 217
-0.1740 0.1482 1.0713 144 186 210
-0.1760 0.1557 1.1253 165 183 185
-0.1592 0.1465 1.0589 167 178 174
-0.1477 0.1415 1.0232 171 182 178
-0.1430 0.1430 1.0336 174 184 175
-0.1642 0.1717 1.2413 180 193 184
-0.1364 0.1494 1.0800 169 178 175
-0.1285 0.1478 1.0684 153 188 210
-0.1221 0.1478 1.0684 148 190 215
-0.1156 0.1478 1.0683 154 195 223
-0.1094 0.1480 1.0698 146 186 212
-0.1097 0.1576 1.1397 166 183 190
-0.0966 0.1482 1.0712 176 182 182
-0.0868 0.1426 1.0312 177 178 180
-0.0810 0.1434 1.0366 174 180 180
-0.0808 0.1548 1.1195 166 181 176
-0.0740 0.1548 1.1193 172 177 180
-0.0646 0.1486 1.0740 148 180 205
-0.0578 0.1477 1.0678 144 182 205
-0.0514 0.1478 1.0684 150 189 222
-0.0462 0.1518 1.0976 147 186 215
-0.0406 0.1558 1.1260 170 185 192
-0.0309 0.1422 1.0282 161 165 166
-0.0244 0.1406 1.0162 181 186 182
-0.0183 0.1406 1.0164 172 176 179
-0.0125 0.1435 1.0376 173 177 178
-0.0072 0.1658 1.1988 177 183 183
0.0000 0.1489 1.0768 144 181 207
0.0064 0.1478 1.0684 141 180 213
0.0128 0.1477 1.0675 140 177 206
0.0195 0.1492 1.0788 143 182 211
0.0273 0.1570 1.1353 165 178 184
0.0316 0.1455 1.0520 178 186 188
0.0369 0.1414 1.0220 174 180 180
0.0433 0.1423 1.0286 172 181 180
0.0546 0.1570 1.1348 174 183 180
0.0591 0.1510 1.0916 177 186 181
0.0643 0.1478 1.0684 149 189 215
0.0707 0.1478 1.0684 145 186 218
0.0771 0.1477 1.0680 155 195 220
0.0839 0.1484 1.0727 151 187 213
0.0952 0.1564 1.1305 184 193 198
0.0945 0.1449 1.0474 174 178 177
0.0985 0.1415 1.0232 177 179 178
0.1048 0.1418 1.0252 173 183 182
0.1141 0.1459 1.0544 175 178 183
0.1325 0.1604 1.1598 171 179 181
0.1327 0.1526 1.1030 149 185 211
0.1370 0.1501 1.0850 145 186 214
0.1443 0.1508 1.0903 149 190 218
0.1579 0.1579 1.1417 141 180 209
0.1532 0.1468 1.0616 167 180 189
0.1535 0.1412 1.0209 175 180 183
0.1585 0.1403 1.0140 181 190 189
0.1647 0.1403 1.0142 174 178 177
0.1736 0.1426 1.0307 170 178 180
0.2185 0.1733 1.2529 178 184 184
0.1942 0.1489 1.0766 145 183 206
0.1992 0.1478 1.0684 144 188 215
0.2055 0.1477 1.0677 148 187 216
0.2137 0.1489 1.0766 149 194 223
0.2304 0.1559 1.1268 164 177 183
0.2305 0.1515 1.0950 171 177 175
0.2222 0.1420 1.0262 175 184 183
0.2280 0.1417 1.0244 172 178 174
0.2452 0.1484 1.0730 175 181 181
0.2693 0.1588 1.1482 175 181 179
0.2578 0.1483 1.0718 148 184 206
0.2634 0.1477 1.0681 153 193 219
0.2695 0.1476 1.0670 145 185 210
0.2805 0.1500 1.0846 151 191 217
0.2931 0.1532 1.1075 165 182 189
0.2788 0.1425 1.0301 168 177 174
0.2812 0.1406 1.0166 177 186 183
0.2875 0.1407 1.0171 168 177 176
0.2959 0.1418 1.0250 174 180 178
0.3007 0.1411 1.0202 173 182 179
0.3029 0.1393 1.0074 147 185 208
0.3084 0.1391 1.0053 143 113 89
0.3143 0.1390 1.0052 142 99 54
0.3204 0.1390 1.0051 158 114 67
0.3264 0.1390 1.0051 149 102 56
0.3325 0.1390 1.0051 147 100 56
0.3385 0.1390 1.0051 152 105 59
0.3446 0.1390 1.0051 148 105 62
0.3506 0.1390 1.0051 152 109 66
0.3566 0.1390 1.0051 152 105 61
0.3627 0.1390 1.0051 152 108 63
0.3687 0.1390 1.0051 146 102 57
0.3748 0.1390 1.0050 151 110 64
0.3808 0.1390 1.0050 148 104 59
0.3868 0.1390 1.0050 150 103 57
0.3929 0.1390 1.0050 154 110 65
0.3989 0.1390 1.0050 146 99 55
0.4049 0.1390 1.0050 156 109 65
0.4110 0.1390 1.0049 147 103 56
0.4170 0.1390 1.0049 149 105 58
0.4231 0.1390 1.0049 154 107 63
0.4291 0.1390 1.0049 146 101 59
0.4351 0.1390 1.0049 144 101 56
0.4412 0.1390 1.0049 153 109 62
0.4472 0.1390 1.0048 152 106 57
0.4532 0.1390 1.0048 151 109 61
0.4593 0.1390 1.0048 144 99 58
0.4653 0.1390 1.0048 150 105 63
0.4713 0.1390 1.0048 157 113 68
0.4774 0.1390 1.0048 149 105 60
0.4833 0.1389 1.0044 147 103 54
0.4961 0.1409 1.0185 127 111 95
0.5269 0.1478 1.0684 149 189 215
0.5333 0.1478 1.0684 144 181 210
0.5398 0.1478 1.0684 149 188 219
0.5462 0.1478 1.0684 151 191 217
0.5526 0.1478 1.0684 145 186 216
0.5590 0.1478 1.0684 144 183 212
0.5655 0.1478 1.0684 149 190 218
0.5719 0.1478 1.0684 141 187 213
0.5783 0.1478 1.0684 157 194 223
0.5847 0.1478 1.0684 150 190 216
0.5912 0.1478 1.0684 154 193 222
0.5976 0.1478 1.0684 148 189 217
0.6040 0.1478 1.0684 147 186 219
0.6104 0.1478 1.0684 145 186 216
-0.6169 0.1414 1.0684 145 186 216
-0.6104 0.1414 1.0684 152 193 221
-0.6040 0.1414 1.0684 142 181 210
-0.5976 0.1414 1.0684 142 183 211
-0.5912 0.1414 1.0684 136 175 204
-0.5847 0.1414 1.0684 144 185 213
-0.5783 0.1414 1.0684 142 183 211
-0.5719 0.1414 1.0684 140 177 204
-0.5655 0.1414 1.0684 153 192 221
-0.5590 0.1414 1.0684 141 182 212
-0.5526 0.1414 1.0684 150 189 220
-0.5462 0.1414 1.0684 155 194 225
-0.5398 0.1414 1.0684 147 184 213
-0.5333 0.1414 1.0684 154 191 220
-0.5339 0.1433 1.0827 144 185 213
-0.4912 0.1334 1.0084 133 112 83
-0.4835 0.1330 1.0049 151 106 64
-0.4774 0.1330 1.0049 149 105 58
-0.4714 0.1330 1.0049 148 106 58
-0.4654 0.1330 1.0049 151 106 64
-0.4593 0.1330 1.0049 150 103 59
-0.4533 0.1330 1.0049 148 101 57
-0.4472 0.1330 1.0049 151 104 60
-0.4412 0.1330 1.0049 154 107 63
-0.4351 0.1330 1.0048 153 105 59
-0.4291 0.1329 1.0048 146 102 55
-0.4230 0.1329 1.0048 142 99 54
-0.4170 0.1329 1.0048 150 102 56
-0.4109 0.1330 1.0048 148 104 57
-0.4049 0.1330 1.0048 155 109 59
-0.3989 0.1330 1.0049 144 100 51
-0.3928 0.1330 1.0049 154 112 64
-0.3868 0.1330 1.0049 152 108 63
-0.3807 0.1330 1.0049 152 108 63
-0.3747 0.1330 1.0049 149 105 60
-0.3686 0.1330 1.0048 144 100 55
-0.3626 0.1330 1.0048 149 104 62
-0.3566 0.1330 1.0049 150 106 61
-0.3505 0.1330 1.0048 152 105 61
-0.3445 0.1329 1.0048 151 104 60
-0.3384 0.1329 1.0048 149 105 60
-0.3324 0.1329 1.0048 148 101 57
-0.3263 0.1329 1.0048 151 107 62
-0.3203 0.1329 1.0048 150 103 59
-0.3142 0.1329 1.0046 151 108 65
-0.3094 0.1335 1.0087 122 109 92
-0.3213 0.1414 1.0684 142 183 213
-0.3148 0.1413 1.0683 149 186 213
-0.3196 0.1465 1.1073 149 188 217
-0.2868 0.1343 1.0147 151 193 218
-0.2781 0.1330 1.0052 146 119 89
-0.2721 0.1330 1.0055 163 120 69
-0.2660 0.1330 1.0054 165 122 77
-0.2600 0.1330 1.0052 166 124 66
-0.2539 0.1330 1.0052 173 130 77
-0.2482 0.1332 1.0064 158 117 61
-0.2436 0.1340 1.0124 157 184 203
-0.2394 0.1350 1.0205 155 196 224
-0.2313 0.1339 1.0122 147 189 214
-0.2239 0.1331 1.0063 139 180 208
-0.2177 0.1331 1.0056 150 125 94
-0.2117 0.1330 1.0055 169 121 73
-0.2056 0.1330 1.0055 166 118 69
-0.1995 0.1330 1.0054 163 117 68
-0.1935 0.1330 1.0053 167 124 71
-0.1877 0.1332 1.0065 160 116 67
-0.1832 0.1343 1.0151 157 184 201
-0.1817 0.1378 1.0417 137 178 206
-0.1746 0.1372 1.0371 148 187 220
-0.1645 0.1341 1.0133 152 197 220
-0.1574 0.1332 1.0065 146 123 92
-0.1512 0.1330 1.0055 172 131 79
-0.1451 0.1330 1.0055 161 117 68
-0.1391 0.1330 1.0053 169 123 74
-0.1330 0.1330 1.0055 164 123 69
-0.1274 0.1335 1.0088 172 123 80
-0.1245 0.1370 1.0351 153 184 202
-0.1253 0.1450 1.0962 144 188 215
-0.1161 0.1418 1.0721 151 187 219
-0.1037 0.1342 1.0146 142 177 209
-0.0968 0.1332 1.0064 149 128 99
-0.0908 0.1331 1.0060 165 122 69
-0.0847 0.1331 1.0059 167 121 69
-0.0786 0.1331 1.0058 166 120 70
-0.0726 0.1331 1.0057 163 112 69
-0.0666 0.1332 1.0068 168 121 69
-0.0608 0.1338 1.0112 148 176 197
-0.0552 0.1350 1.0207 151 191 217
-0.0489 0.1345 1.0165 143 185 209
-0.0424 0.1334 1.0081 146 186 212
-0.0363 0.1332 1.0064 163 141 104
-0.0303 0.1331 1.0061 165 124 68
-0.0242 0.1331 1.0060 169 124 69
-0.0181 0.1331 1.0059 167 121 71
-0.0121 0.1331 1.0058 162 117 62
-0.0061 0.1332 1.0065 165 118 66
0.0000 0.1337 1.0105 157 184 205
0.0061 0.1351 1.0213 146 187 215
0.0123 0.1350 1.0205 145 186 214
0.0182 0.1337 1.0102 151 190 221
0.0242 0.1332 1.0066 152 127 96
0.0302 0.1331 1.0059 164 118 66
0.0363 0.1331 1.0058 169 128 76
0.0423 0.1331 1.0057 169 123 73
0.0484 0.1331 1.0057 166 125 73
0.0546 0.1334 1.0081 169 121 72
0.0618 0.1360 1.0276 156 190 202
0.0727 0.1454 1.0990 152 191 224
0.0773 0.1417 1.0707 150 194 221
0.0794 0.1344 1.0156 150 189 222
0.0847 0.1332 1.0064 150 125 94
0.0907 0.1331 1.0059 164 121 70
0.0968 0.1331 1.0058 173 126 74
0.1028 0.1331 1.0058 154 117 64
0.1089 0.1331 1.0057 163 122 68
0.1150 0.1331 1.0061 166 120 71
0.1212 0.1333 1.0077 157 185 206
0.1276 0.1336 1.0101 149 185 217
0.1336 0.1336 1.0094 148 184 216
0.1393 0.1332 1.0069 142 186 215
0.1452 0.1331 1.0061 144 118 91
0.1512 0.1331 1.0059 161 117 68
0.1573 0.1331 1.0058 165 123 73
0.1633 0.1331 1.0057 169 119 70
0.1693 0.1331 1.0057 163 117 67
0.1755 0.1331 1.0062 173 127 77
0.1822 0.1336 1.0100 154 183 199
0.1905 0.1352 1.0219 134 178 207
0.1966 0.1352 1.0218 139 185 209
0.2006 0.1337 1.0105 151 196 219
0.2059 0.1332 1.0068 145 125 90
0.2117 0.1331 1.0060 160 114 62
0.2178 0.1331 1.0058 173 122 75
0.2238 0.1331 1.0058 165 121 72
0.2298 0.1331 1.0056 162 116 67
0.2360 0.1331 1.0063 164 119 62
0.2433 0.1338 1.0115 153 184 202
0.2532 0.1358 1.0267 142 184 208
0.2590 0.1357 1.0256 153 194 216
0.2612 0.1337 1.0102 146 186 212
0.2663 0.1331 1.0063 147 122 91
0.2722 0.1331 1.0059 174 127 75
0.2783 0.1331 1.0059 156 108 59
0.2843 0.1331 1.0056 168 122 73
0.2902 0.1330 1.0054 161 119 71
0.2963 0.1330 1.0055 173 119 72
0.3024 0.1330 1.0056 154 187 202
0.3084 0.1330 1.0055 140 114 89
0.3144 0.1330 1.0053 153 109 62
0.3204 0.1330 1.0051 151 100 55
0.3264 0.1330 1.0052 145 101 54
0.3325 0.1330 1.0052 154 111 66
0.3385 0.1330 1.0051 149 105 58
0.3446 0.1330 1.0051 147 102 61
0.3506 0.1330 1.0051 146 101 60
0.3566 0.1330 1.0051 145 98 54
0.3627 0.1330 1.0051 147 100 58
0.3687 0.1330 1.0051 155 110 68
0.3748 0.1330 1.0050 147 106 62
0.3808 0.1330 1.0050 151 106 64
0.3868 0.1330 1.0050 152 101 58
0.3929 0.1330 1.0050 151 108 63
0.3989 0.1330 1.0050 146 99 55
0.4049 0.1330 1.0050 149 102 58
0.4110 0.1330 1.0049 149 106 61
0.4170 0.1330 1.0049 148 104 59
0.4230 0.1330 1.0049 150 103 59
0.4291 0.1330 1.0049 152 105 61
0.4351 0.1330 1.0049 148 105 62
0.4412 0.1330 1.0049 148 101 59
0.4472 0.1330 1.0048 148 99 56
0.4532 0.1329 1.0048 150 106 61
0.4593 0.1329 1.0048 147 104 61
0.4653 0.1329 1.0048 155 113 63
0.4713 0.1329 1.0048 148 107 61
0.4774 0.1329 1.0048 148 105 63
0.4833 0.1329 1.0045 145 105 56
0.4951 0.1345 1.0164 116 104 88
0.5269 0.1414 1.0684 143 187 212
0.5333 0.1414 1.0684 150 189 218
0.5398 0.1414 1.0684 144 185 213
0.5462 0.1414 1.0684 144 185 215
0.5526 0.1414 1.0684 144 185 215
0.5590 0.1414 1.0684 137 178 206
0.5655 0.1414 1.0684 151 188 217
0.5719 0.1414 1.0684 144 188 215
0.5783 0.1414 1.0684 145 182 211
0.5847 0.1414 1.0684 148 189 217
0.5912 0.1414 1.0684 146 187 215
0.5976 0.1414 1.0684 140 179 208
0.6040 0.1414 1.0684 143 179 213
0.6104 0.1414 1.0684 149 188 219
-0.6169 0.1349 1.0684 146 187 217
-0.6104 0.1349 1.0684 140 179 208
-0.6040 0.1349 1.0684 146 186 212
-0.5976 0.1349 1.0684 150 190 216
-0.5912 0.1349 1.0684 152 191 220
-0.5847 0.1349 1.0684 155 192 219
-0.5783 0.1349 1.0684 143 180 207
-0.5719 0.1349 1.0684 154 194 220
-0.5655 0.1349 1.0684 143 182 213
-0.5590 0.1349 1.0684 150 189 218
-0.5526 0.1349 1.0684 145 184 213
-0.5462 0.1349 1.0684 143 184 212
-0.5398 0.1349 1.0684 142 186 213
-0.5333 0.1349 1.0684 138 182 209
-0.5371 0.1376 1.0892 147 186 215
-0.4914 0.1274 1.0088 140 110 86
-0.4835 0.1269 1.0049 151 102 59
-0.4774 0.1269 1.0049 149 105 60
-0.4714 0.1269 1.0049 150 107 62
-0.4654 0.1269 1.0049 148 104 59
-0.4593 0.1269 1.0049 149 104 62
-0.4533 0.1269 1.0049 151 104 62
-0.4472 0.1269 1.0049 147 100 58
-0.4412 0.1269 1.0048 148 101 57
-0.4351 0.1269 1.0048 152 105 59
-0.4291 0.1269 1.0048 152 105 61
-0.4230 0.1269 1.0048 144 100 55
-0.4170 0.1269 1.0048 138 95 50
-0.4109 0.1269 1.0048 151 107 62
-0.4049 0.1269 1.0048 144 98 49
-0.3988 0.1269 1.0048 144 97 51
-0.3928 0.1269 1.0048 153 109 64
-0.3868 0.1269 1.0048 146 99 55
-0.3807 0.1269 1.0048 148 104 59
-0.3747 0.1269 1.0049 152 109 64
-0.3686 0.1269 1.0049 149 102 58
-0.3626 0.1269 1.0049 150 106 61
-0.3566 0.1269 1.0049 144 100 55
-0.3505 0.1269 1.0049 149 102 58
-0.3445 0.1269 1.0049 149 102 60
-0.3384 0.1269 1.0049 146 102 57
-0.3324 0.1269 1.0048 153 106 62
-0.3263 0.1269 1.0048 148 104 59
-0.3203 0.1269 1.0048 148 104 59
-0.3142 0.1269 1.0048 147 106 60
-0.3100 0.1277 1.0108 129 116 99
-0.3218 0.1352 1.0703 140 181 211
-0.3156 0.1352 1.0708 156 191 221
-0.3100 0.1356 1.0737 139 182 214
-0.2850 0.1273 1.0081 151 188 217
-0.2781 0.1270 1.0052 152 128 94
-0.2721 0.1270 1.0055 161 113 65
-0.2661 0.1270 1.0054 162 121 65
-0.2600 0.1270 1.0054 168 116 76
-0.2540 0.1270 1.0055 163 119 70
-0.2480 0.1270 1.0058 169 128 74
-0.2421 0.1271 1.0065 153 178 198
-0.2362 0.1272 1.0071 151 191 217
-0.2300 0.1271 1.0064 143 182 211
-0.2238 0.1270 1.0059 150 187 216
-0.2177 0.1270 1.0057 151 126 96
-0.2117 0.1270 1.0056 168 119 76
-0.2056 0.1270 1.0055 164 113 66
-0.1996 0.1270 1.0055 167 119 73
-0.1935 0.1270 1.0056 170 122 73
-0.1875 0.1270 1.0060 160 117 64
-0.1817 0.1272 1.0069 159 188 206
-0.1763 0.1277 1.0111 146 183 212
-0.1701 0.1276 1.0102 135 180 203
-0.1634 0.1271 1.0065 142 181 214
-0.1573 0.1270 1.0059 142 122 89
-0.1512 0.1270 1.0057 166 124 66
-0.1452 0.1270 1.0057 159 113 64
-0.1391 0.1270 1.0056 164 121 70
-0.1331 0.1270 1.0058 160 114 64
-0.1270 0.1270 1.0058 169 122 70
-0.1215 0.1275 1.0099 155 183 205
-0.1169 0.1292 1.0234 145 181 213
-0.1100 0.1283 1.0162 152 191 220
-0.1029 0.1272 1.0069 149 188 217
-0.0968 0.1271 1.0062 141 117 89
-0.0908 0.1271 1.0061 168 121 75
-0.0847 0.1271 1.0062 163 116 70
-0.0787 0.1271 1.0062 171 123 77
-0.0726 0.1271 1.0061 172 125 73
-0.0666 0.1271 1.0063 170 118 71
-0.0605 0.1271 1.0066 159 186 203
-0.0545 0.1272 1.0075 150 185 213
-0.0485 0.1272 1.0071 141 185 212
-0.0424 0.1271 1.0065 140 181 209
-0.0363 0.1271 1.0063 143 120 88
-0.0303 0.1271 1.0062 162 119 68
-0.0242 0.1271 1.0061 164 114 65
-0.0182 0.1271 1.0061 173 127 75
-0.0121 0.1271 1.0062 169 123 74
-0.0061 0.1271 1.0064 169 122 70
0.0000 0.1271 1.0068 150 176 199
0.0061 0.1274 1.0087 148 187 216
0.0121 0.1274 1.0086 145 189 216
0.0182 0.1271 1.0067 144 183 212
0.0242 0.1271 1.0063 144 123 94
0.0303 0.1271 1.0060 170 127 74
0.0363 0.1271 1.0060 164 122 72
0.0424 0.1271 1.0060 169 121 75
0.0484 0.1271 1.0061 162 116 67
0.0545 0.1271 1.0061 165 117 68
0.0608 0.1276 1.0105 150 181 199
0.0682 0.1302 1.0306 145 186 214
0.0741 0.1297 1.0268 141 180 211
0.0788 0.1273 1.0083 155 196 224
0.0847 0.1271 1.0061 149 126 92
0.0908 0.1271 1.0060 160 114 62
0.0968 0.1271 1.0060 162 116 64
0.1029 0.1271 1.0061 158 121 66
0.1089 0.1271 1.0061 163 119 74
0.1150 0.1271 1.0063 171 125 76
0.1211 0.1271 1.0065 155 186 206
0.1272 0.1272 1.0072 142 181 210
0.1333 0.1272 1.0072 151 190 219
0.1392 0.1271 1.0064 153 194 222
0.1452 0.1271 1.0062 151 126 96
0.1513 0.1271 1.0060 164 120 71
0.1573 0.1270 1.0060 159 115 66
0.1633 0.1270 1.0059 174 128 78
0.1694 0.1271 1.0060 165 119 67
0.1755 0.1271 1.0062 164 121 66
0.1816 0.1271 1.0065 151 183 204
0.1880 0.1273 1.0081 148 183 213
0.1940 0.1273 1.0081 143 182 211
0.1998 0.1271 1.0066 138 177 210
0.2058 0.1271 1.0063 145 122 90
0.2118 0.1271 1.0061 170 122 73
0.2178 0.1271 1.0060 162 116 64
0.2239 0.1271 1.0060 169 121 72
0.2299 0.1270 1.0060 162 116 67
0.2360 0.1271 1.0061 171 124 70
0.2421 0.1271 1.0066 154 186 201
0.2494 0.1277 1.0113 143 185 210
0.2558 0.1279 1.0127 147 187 213
0.2605 0.1272 1.0071 143 185 210
0.2662 0.1271 1.0060 148 127 98
0.2722 0.1270 1.0059 155 113 65
0.2783 0.1270 1.0059 161 119 71
0.2843 0.1270 1.0059 160 118 70
0.2904 0.1270 1.0058 163 116 70
0.2964 0.1270 1.0057 164 123 71
0.3024 0.1270 1.0055 161 187 204
0.3084 0.1270 1.0055 133 101 76
0.3144 0.1270 1.0053 149 107 59
0.3204 0.1269 1.0052 153 105 59
0.3264 0.1270 1.0052 156 112 65
0.3325 0.1269 1.0052 148 103 61
0.3385 0.1269 1.0051 151 107 62
0.3446 0.1269 1.0051 153 110 65
0.3506 0.1269 1.0051 146 104 56
0.3566 0.1269 1.0051 155 111 66
0.3627 0.1269 1.0051 149 105 58
0.3687 0.1269 1.0051 156 109 63
0.3748 0.1269 1.0050 152 110 62
0.3808 0.1269 1.0050 155 113 65
0.3868 0.1269 1.0050 145 101 56
0.3929 0.1269 1.0050 153 106 62
0.3989 0.1269 1.0050 149 106 61
0.4049 0.1269 1.0050 152 109 64
0.4110 0.1269 1.0049 151 106 64
0.4170 0.1269 1.0049 157 113 68
0.4230 0.1269 1.0049 151 107 60
0.4291 0.1269 1.0049 157 114 69
0.4351 0.1269 1.0049 153 111 63
0.4412 0.1269 1.0049 145 101 54
0.4472 0.1269 1.0049 138 94 49
0.4532 0.1269 1.0049 149 104 62
0.4593 0.1269 1.0048 152 107 65
0.4653 0.1269 1.0048 148 106 58
0.4714 0.1269 1.0048 145 102 57
0.4774 0.1269 1.0048 154 111 69
0.4833 0.1269 1.0046 148 104 57
0.4941 0.1281 1.0144 128 115 99
0.5269 0.1349 1.0684 140 182 207
0.5333 0.1349 1.0684 143 182 211
0.5398 0.1349 1.0684 152 194 219
0.5462 0.1349 1.0684 144 185 217
0.5526 0.1349 1.0684 146 187 215
0.5590 0.1349 1.0684 144 183 212
0.5655 0.1349 1.0684 148 187 216
0.5719 0.1349 1.0684 159 199 225
0.5783 0.1349 1.0684 155 192 221
0.5847 0.1349 1.0684 141 186 215
0.5912 0.1349 1.0684 145 184 213
0.5976 0.1349 1.0684 149 189 215
0.6040 0.1349 1.0684 150 186 218
0.6104 0.1349 1.0684 147 186 217
-0.6169 0.1285 1.0684 145 184 217
-0.6104 0.1285 1.0684 148 189 219
-0.6040 0.1285 1.0684 141 180 211
-0.5976 0.1285 1.0684 142 181 212
-0.5912 0.1285 1.0684 148 183 211
-0.5847 0.1285 1.0684 147 191 218
-0.5783 0.1285 1.0684 134 178 207
-0.5719 0.1285 1.0684 144 179 211
-0.5655 0.1285 1.0684 147 191 216
-0.5590 0.1285 1.0684 151 188 217
-0.5526 0.1285 1.0684 151 191 216
-0.5462 0.1285 1.0684 145 190 213
-0.5398 0.1285 1.0684 149 186 215
-0.5333 0.1285 1.0684 152 186 214
-0.5163 0.1259 1.0469 148 187 220
-0.4905 0.1211 1.0068 128 108 83
-0.4835 0.1209 1.0049 151 107 60
-0.4774 0.1209 1.0048 137 93 48
-0.4714 0.1209 1.0048 150 106 61
-0.4653 0.1209 1.0049 152 108 63
-0.4593 0.1209 1.0049 149 105 60
-0.4533 0.1209 1.0049 149 105 60
-0.4472 0.1209 1.0048 151 104 60
-0.4411 0.1209 1.0048 155 108 64
-0.4351 0.1209 1.0048 154 109 67
-0.4291 0.1209 1.0048 145 96 55
-0.4230 0.1209 1.0048 144 99 58
-0.4170 0.1209 1.0048 149 106 63
-0.4109 0.1209 1.0048 152 105 59
-0.4049 0.1209 1.0048 144 100 55
-0.3988 0.1209 1.0048 163 120 75
-0.3928 0.1209 1.0048 149 105 60
-0.3868 0.1209 1.0048 149 102 58
-0.3807 0.1209 1.0048 152 105 59
-0.3747 0.1209 1.0049 144 97 53
-0.3686 0.1209 1.0049 153 106 64
-0.3626 0.1209 1.0049 150 106 61
-0.3566 0.1209 1.0049 148 101 55
-0.3505 0.1209 1.0049 148 104 57
-0.3445 0.1209 1.0049 152 108 61
-0.3384 0.1209 1.0049 148 100 54
-0.3324 0.1209 1.0049 154 105 64
-0.3263 0.1209 1.0049 157 113 68
-0.3203 0.1209 1.0049 152 109 64
-0.3143 0.1209 1.0049 149 100 59
-0.3095 0.1214 1.0091 123 110 93
-0.3085 0.1234 1.0259 147 186 215
-0.3085 0.1259 1.0470 149 190 220
-0.2983 0.1243 1.0334 143 185 210
-0.2847 0.1212 1.0072 146 191 214
-0.2781 0.1209 1.0053 146 121 91
-0.2721 0.1209 1.0055 166 120 70
-0.2661 0.1209 1.0054 167 120 68
-0.2600 0.1209 1.0054 171 119 69
-0.2540 0.1209 1.0055 167 125 77
-0.2480 0.1210 1.0057 160 119 65
-0.2421 0.1210 1.0063 158 185 204
-0.2361 0.1211 1.0068 149 186 215
-0.2300 0.1211 1.0064 142 181 212
-0.2238 0.1210 1.0058 144 183 214
-0.2177 0.1210 1.0057 143 120 89
-0.2117 0.1210 1.0057 161 118 65
-0.2056 0.1210 1.0056 165 121 72
-0.1996 0.1210 1.0056 160 117 64
-0.1936 0.1210 1.0057 162 115 71
-0.1876 0.1210 1.0060 161 117 68
-0.1817 0.1211 1.0069 152 180 192
-0.1760 0.1214 1.0093 141 177 211
-0.1699 0.1213 1.0088 148 184 216
-0.1635 0.1211 1.0066 141 180 209
-0.1573 0.1210 1.0059 145 120 89
-0.1512 0.1210 1.0058 164 118 69
-0.1452 0.1210 1.0058 170 125 70
-0.1391 0.1210 1.0057 161 118 67
-0.1331 0.1210 1.0059 162 121 69
-0.1270 0.1210 1.0059 172 121 76
-0.1213 0.1213 1.0081 154 182 203
-0.1157 0.1218 1.0126 144 181 210
-0.1094 0.1216 1.0106 144 183 212
-0.1029 0.1211 1.0067 147 188 216
-0.0968 0.1210 1.0062 144 123 92
-0.0908 0.1210 1.0062 162 116 64
-0.0847 0.1210 1.0062 163 121 71
-0.0787 0.1210 1.0062 160 119 67
-0.0726 0.1210 1.0062 167 126 70
-0.0666 0.1210 1.0063 166 120 71
-0.0605 0.1211 1.0065 149 177 199
-0.0545 0.1211 1.0071 150 179 213
-0.0484 0.1211 1.0070 147 184 211
-0.0424 0.1211 1.0064 145 184 213
-0.0363 0.1210 1.0063 150 128 91
-0.0303 0.1210 1.0062 164 122 72
-0.0242 0.1210 1.0062 169 119 70
-0.0182 0.1210 1.0062 166 123 70
-0.0121 0.1210 1.0062 165 121 72
-0.0061 0.1211 1.0064 165 119 67
0.0000 0.1211 1.0070 152 181 199
0.0061 0.1214 1.0092 145 181 213
0.0121 0.1214 1.0092 152 189 216
0.0182 0.1211 1.0072 149 189 215
0.0242 0.1210 1.0063 141 120 89
0.0303 0.1210 1.0061 167 121 71
0.0363 0.1210 1.0061 157 116 64
0.0424 0.1210 1.0060 157 115 65
0.0484 0.1210 1.0061 167 120 74
0.0545 0.1210 1.0061 164 125 70
0.0608 0.1215 1.0102 156 181 201
0.0672 0.1222 1.0161 149 195 219
0.0733 0.1222 1.0164 144 181 208
0.0789 0.1213 1.0086 150 185 217
0.0847 0.1210 1.0061 149 124 93
0.0908 0.1210 1.0061 170 119 74
0.0968 0.1210 1.0061 171 118 68
0.1029 0.1210 1.0061 159 112 60
0.1089 0.1210 1.0061 160 121 80
0.1150 0.1210 1.0062 169 122 66
0.1211 0.1211 1.0067 150 181 199
0.1273 0.1212 1.0077 143 182 213
0.1333 0.1211 1.0072 143 181 217
0.1392 0.1211 1.0066 146 183 212
0.1452 0.1210 1.0062 144 119 89
0.1513 0.1210 1.0061 167 121 72
0.1573 0.1210 1.0060 173 125 77
0.1634 0.1210 1.0060 161 118 67
0.1694 0.1210 1.0060 167 119 71
0.1755 0.1210 1.0061 161 119 69
0.1816 0.1211 1.0065 150 177 198
0.1879 0.1212 1.0080 150 196 219
0.1940 0.1213 1.0083 141 180 209
0.1998 0.1211 1.0069 151 186 216
0.2057 0.1210 1.0061 151 124 94
0.2118 0.1210 1.0060 170 125 70
0.2178 0.1210 1.0059 170 122 74
0.2238 0.1210 1.0059 164 117 65
0.2299 0.1210 1.0059 163 116 74
0.2360 0.1210 1.0060 165 125 73
0.2421 0.1211 1.0064 149 181 196
0.2492 0.1216 1.0106 142 184 209
0.2555 0.1217 1.0117 143 184 212
0.2605 0.1211 1.0072 147 188 216
0.2662 0.1210 1.0059 143 117 92
0.2722 0.1210 1.0058 168 122 72
0.2783 0.1210 1.0058 167 121 72
0.2843 0.1210 1.0058 170 124 75
0.2903 0.1210 1.0057 166 123 70
0.2963 0.1209 1.0056 161 120 76
0.3024 0.1209 1.0055 156 186 197
0.3084 0.1209 1.0054 134 113 84
0.3144 0.1209 1.0053 156 107 67
0.3204 0.1209 1.0052 150 103 59
0.3264 0.1209 1.0052 146 104 56
0.3325 0.1209 1.0052 152 109 66
0.3385 0.1209 1.0051 157 115 67
0.3446 0.1209 1.0051 152 108 63
0.3506 0.1209 1.0051 143 100 55
0.3566 0.1209 1.0051 156 111 69
0.3627 0.1209 1.0051 151 104 62
0.3687 0.1209 1.0051 154 110 65
0.3748 0.1209 1.0050 155 107 67
0.3808 0.1209 1.0050 153 113 64
0.3868 0.1209 1.0050 153 108 66
0.3929 0.1209 1.0050 151 107 62
0.3989 0.1209 1.0050 158 114 69
0.4049 0.1209 1.0049 153 111 63
0.4110 0.1209 1.0049 147 103 54
0.4170 0.1209 1.0049 146 99 53
0.4230 0.1209 1.0049 151 107 62
0.4291 0.1209 1.0049 150 106 61
0.4351 0.1209 1.0049 147 100 54
0.4412 0.1209 1.0049 145 103 55
0.4472 0.1209 1.0049 153 111 63
0.4532 0.1209 1.0048 158 116 66
0.4593 0.1209 1.0048 151 108 65
0.4653 0.1209 1.0048 151 107 62
0.4713 0.1209 1.0048 149 105 60
0.4774 0.1209 1.0048 148 104 57
0.4833 0.1208 1.0046 151 108 63
0.4910 0.1212 1.0079 132 109 93
0.5501 0.1342 1.1156 150 191 221
0.5318 0.1281 1.0654 142 183 211
0.5398 0.1285 1.0684 157 190 221
0.5462 0.1285 1.0684 146 182 218
0.5526 0.1285 1.0684 143 183 209
0.5590 0.1285 1.0684 151 188 215
0.5655 0.1285 1.0684 137 174 203
0.5719 0.1285 1.0684 142 179 208
0.5783 0.1285 1.0684 150 187 216
0.5847 0.1285 1.0684 149 185 217
0.5912 0.1285 1.0684 141 182 210
0.5976 0.1285 1.0684 140 181 209
0.6040 0.1285 1.0684 147 188 216
0.6104 0.1285 1.0684 143 184 212
-0.6169 0.1221 1.0684 154 189 219
-0.6104 0.1221 1.0684 151 188 215
-0.6040 0.1221 1.0684 144 181 208
-0.5976 0.1221 1.0684 147 182 212
-0.5912 0.1221 1.0684 142 188 211
-0.5847 0.1221 1.0684 149 184 212
-0.5783 0.1221 1.0684 147 184 213
-0.5719 0.1221 1.0684 145 187 212
-0.5655 0.1221 1.0684 147 186 217
-0.5590 0.1221 1.0684 148 184 218
-0.5526 0.1221 1.0684 136 127 112
-0.5905 0.1320 1.1551 151 125 98
-0.5342 0.1208 1.0575 157 128 98
-0.5050 0.1156 1.0117 153 123 95
-0.4960 0.1149 1.0058 144 120 86
-0.4895 0.1148 1.0049 130 92 47
-0.4835 0.1148 1.0049 152 107 65
-0.4774 0.1148 1.0049 155 106 65
-0.4714 0.1148 1.0048 149 104 62
-0.4653 0.1148 1.0048 152 105 61
-0.4593 0.1148 1.0048 147 103 58
-0.4532 0.1148 1.0048 150 103 61
-0.4472 0.1148 1.0048 144 97 55
-0.4411 0.1148 1.0048 145 98 56
-0.4351 0.1148 1.0048 152 103 62
-0.4290 0.1148 1.0048 152 112 63
-0.4230 0.1148 1.0048 145 98 54
-0.4170 0.1148 1.0048 146 99 55
-0.4109 0.1148 1.0048 146 104 56
-0.4049 0.1148 1.0048 146 101 59
-0.3988 0.1148 1.0048 153 109 62
-0.3928 0.1148 1.0048 160 113 67
-0.3868 0.1148 1.0048 152 105 61
-0.3807 0.1148 1.0048 142 98 51
-0.3747 0.1148 1.0048 150 106 59
-0.3686 0.1148 1.0049 156 112 67
-0.3626 0.1148 1.0049 154 105 62
-0.3566 0.1148 1.0049 151 102 59
-0.3505 0.1148 1.0049 145 101 56
-0.3445 0.1148 1.0049 143 96 52
-0.3384 0.1148 1.0049 152 105 59
-0.3324 0.1148 1.0049 145 102 59
-0.3264 0.1148 1.0049 150 109 63
-0.3203 0.1148 1.0050 139 98 52
-0.3143 0.1148 1.0050 146 103 60
-0.3083 0.1149 1.0052 150 107 73
-0.3026 0.1150 1.0064 154 127 97
-0.2969 0.1151 1.0074 152 120 97
-0.2906 0.1150 1.0066 148 123 93
-0.2842 0.1149 1.0055 146 121 90
-0.2781 0.1149 1.0054 162 124 75
-0.2721 0.1149 1.0054 171 125 75
-0.2660 0.1149 1.0054 167 123 74
-0.2600 0.1149 1.0054 169 123 71
-0.2540 0.1149 1.0055 163 122 70
-0.2479 0.1149 1.0055 166 125 69
-0.2419 0.1149 1.0057 151 124 95
-0.2359 0.1149 1.0058 146 121 90
-0.2298 0.1149 1.0058 151 128 97
-0.2238 0.1149 1.0057 149 124 94
-0.2177 0.1149 1.0057 158 120 73
-0.2117 0.1149 1.0056 163 117 68
-0.2056 0.1149 1.0057 168 125 72
-0.1996 0.1149 1.0057 168 121 75
-0.1936 0.1149 1.0058 163 125 76
-0.1875 0.1149 1.0058 164 114 63
-0.1815 0.1150 1.0060 148 127 98
-0.1755 0.1150 1.0063 152 125 98
-0.1694 0.1150 1.0063 151 123 99
-0.1634 0.1150 1.0060 153 126 99
-0.1573 0.1149 1.0058 132 93 52
-0.1512 0.1149 1.0058 162 113 70
-0.1452 0.1149 1.0058 163 120 77
-0.1391 0.1149 1.0058 168 125 70
-0.1331 0.1149 1.0059 173 127 78
-0.1270 0.1149 1.0059 167 119 73
-0.1210 0.1150 1.0060 148 124 90
-0.1150 0.1150 1.0063 151 128 96
-0.1089 0.1150 1.0062 155 130 99
-0.1029 0.1150 1.0061 142 117 87
-0.0968 0.1150 1.0061 159 118 72
-0.0908 0.1150 1.0061 170 125 70
-0.0847 0.1150 1.0061 164 118 68
-0.0787 0.1150 1.0061 168 122 73
-0.0726 0.1150 1.0061 167 122 65
-0.0666 0.1150 1.0061 170 124 74
-0.0605 0.1150 1.0061 156 130 103
-0.0545 0.1150 1.0063 145 118 88
-0.0484 0.1150 1.0063 151 127 99
-0.0424 0.1150 1.0062 157 126 95
-0.0363 0.1150 1.0062 160 119 73
-0.0303 0.1150 1.0061 167 121 71
-0.0242 0.1150 1.0061 169 124 69
-0.0182 0.1150 1.0062 163 121 71
-0.0121 0.1150 1.0062 161 124 69
-0.0061 0.1150 1.0061 171 120 65
0.0000 0.1150 1.0063 149 123 90
0.0061 0.1150 1.0065 155 131 103
0.0121 0.1150 1.0065 150 125 95
0.0182 0.1150 1.0063 145 120 90
0.0242 0.1150 1.0061 162 119 76
0.0303 0.1150 1.0061 171 128 77
0.0363 0.1150 1.0061 165 119 69
0.0424 0.1150 1.0061 164 118 68
0.0484 0.1150 1.0061 161 120 66
0.0545 0.1150 1.0060 162 114 66
0.0605 0.1150 1.0064 154 130 102
0.0666 0.1151 1.0073 147 123 97
0.0727 0.1151 1.0072 157 126 97
0.0787 0.1150 1.0062 147 127 94
0.0847 0.1150 1.0061 160 117 74
0.0908 0.1150 1.0060 172 121 74
0.0968 0.1150 1.0060 169 118 73
0.1029 0.1150 1.0060 162 119 74
0.1089 0.1150 1.0060 164 116 67
0.1150 0.1150 1.0060 165 121 74
0.1210 0.1150 1.0062 151 122 90
0.1271 0.1150 1.0065 149 124 94
0.1332 0.1150 1.0064 152 127 96
0.1392 0.1150 1.0062 143 118 88
0.1452 0.1150 1.0061 159 118 74
0.1513 0.1150 1.0060 168 122 73
0.1573 0.1150 1.0060 165 119 70
0.1634 0.1150 1.0060 166 120 71
0.1694 0.1150 1.0060 170 129 73
0.1755 0.1150 1.0060 143 94 53
0.1815 0.1150 1.0060 138 117 86
0.1876 0.1150 1.0063 151 125 102
0.1937 0.1150 1.0063 149 126 95
0.1997 0.1150 1.0062 148 123 92
0.2057 0.1149 1.0060 160 122 73
0.2117 0.1149 1.0059 161 117 68
0.2178 0.1149 1.0058 163 121 71
0.2238 0.1149 1.0058 165 119 69
0.2299 0.1149 1.0058 170 123 77
0.2359 0.1149 1.0058 181 136 81
0.2419 0.1149 1.0057 152 128 94
0.2481 0.1150 1.0060 154 127 97
0.2541 0.1150 1.0061 156 131 101
0.2601 0.1149 1.0058 147 123 95
0.2661 0.1149 1.0057 159 117 75
0.2722 0.1149 1.0057 155 112 59
0.2782 0.1149 1.0057 157 114 63
0.2843 0.1149 1.0056 167 121 72
0.2903 0.1149 1.0055 168 122 72
0.2963 0.1149 1.0055 164 117 63
0.3023 0.1149 1.0054 148 124 86
0.3083 0.1149 1.0053 142 103 60
0.3144 0.1149 1.0052 146 103 58
0.3204 0.1149 1.0052 152 109 64
0.3264 0.1149 1.0052 154 111 69
0.3325 0.1149 1.0052 150 103 57
0.3385 0.1149 1.0051 143 99 54
0.3446 0.1149 1.0051 149 102 60
0.3506 0.1149 1.0051 140 96 51
0.3566 0.1148 1.0051 147 103 58
0.3627 0.1148 1.0051 151 107 60
0.3687 0.1148 1.0051 152 105 61
0.3747 0.1148 1.0050 148 107 61
0.3808 0.1148 1.0050 153 105 59
0.3868 0.1148 1.0050 159 112 68
0.3929 0.1148 1.0050 154 107 63
0.3989 0.1148 1.0050 149 105 60
0.4049 0.1148 1.0049 153 109 64
0.4110 0.1148 1.0049 142 100 52
0.4170 0.1148 1.0049 149 105 60
0.4230 0.1148 1.0049 149 108 62
0.4291 0.1148 1.0049 148 106 58
0.4351 0.1148 1.0049 148 104 59
0.4412 0.1148 1.0049 144 99 57
0.4472 0.1148 1.0049 152 105 63
0.4532 0.1148 1.0048 156 107 64
0.4593 0.1148 1.0048 148 101 59
0.4653 0.1148 1.0048 152 108 61
0.4714 0.1148 1.0048 148 105 60
0.4774 0.1148 1.0048 147 100 54
0.4835 0.1148 1.0048 148 101 57
0.4895 0.1148 1.0048 143 110 69
0.4960 0.1149 1.0057 156 129 102
0.5040 0.1154 1.0097 152 129 88
0.5218 0.1180 1.0329 130 100 72
0.5803 0.1297 1.1352 146 119 90
0.5507 0.1217 1.0648 129 129 131
0.5590 0.1221 1.0684 140 184 211
0.5655 0.1221 1.0684 141 180 211
0.5719 0.1221 1.0684 142 178 210
0.5783 0.1221 1.0684 149 188 217
0.5847 0.1221 1.0684 145 184 213
0.5912 0.1221 1.0684 136 172 204
0.5976 0.1221 1.0684 142 179 208
0.6040 0.1221 1.0684 154 191 220
0.6104 0.1221 1.0684 145 184 215
-0.6169 0.1157 1.0684 148 187 218
-0.6104 0.1157 1.0684 141 180 209
-0.6040 0.1157 1.0684 148 185 212
-0.5976 0.1157 1.0684 151 187 219
-0.5912 0.1157 1.0684 149 186 215
-0.5847 0.1157 1.0684 141 180 209
-0.5783 0.1157 1.0684 155 194 223
-0.5719 0.1157 1.0684 143 184 212
-0.5655 0.1157 1.0684 145 186 218
-0.5685 0.1176 1.0866 147 181 209
-0.5285 0.1106 1.0218 148 123 93
-0.5140 0.1088 1.0054 160 116 71
-0.5076 0.1088 1.0047 172 128 79
-0.5015 0.1088 1.0047 173 124 66
-0.4956 0.1088 1.0049 166 125 69
-0.4895 0.1088 1.0049 129 91 46
-0.4835 0.1088 1.0049 151 106 64
-0.4774 0.1088 1.0049 153 106 64
-0.4714 0.1088 1.0048 150 106 61
-0.4653 0.1088 1.0048 145 102 57
-0.4593 0.1088 1.0048 154 110 63
-0.4532 0.1088 1.0048 147 103 56
-0.4472 0.1088 1.0048 151 107 60
-0.4411 0.1088 1.0048 152 108 63
-0.4351 0.1088 1.0048 155 111 66
-0.4290 0.1088 1.0048 150 106 59
-0.4230 0.1088 1.0048 148 105 62
-0.4170 0.1088 1.0048 151 108 63
-0.4109 0.1088 1.0048 148 107 61
-0.4049 0.1088 1.0048 152 107 65
-0.3988 0.1088 1.0048 150 102 56
-0.3928 0.1088 1.0048 149 102 56
-0.3868 0.1088 1.0048 142 100 52
-0.3807 0.1088 1.0048 151 109 61
-0.3747 0.1088 1.0048 152 108 59
-0.3686 0.1088 1.0049 155 111 66
-0.3626 0.1088 1.0049 155 107 61
-0.3566 0.1088 1.0049 154 107 61
-0.3505 0.1088 1.0049 153 112 66
-0.3445 0.1088 1.0049 152 108 61
-0.3385 0.1088 1.0049 154 110 65
-0.3324 0.1088 1.0049 148 104 59
-0.3264 0.1088 1.0050 157 112 70
-0.3203 0.1088 1.0050 142 97 55
-0.3143 0.1088 1.0051 148 106 58
-0.3083 0.1088 1.0051 150 103 57
-0.3023 0.1088 1.0052 164 123 67
-0.2962 0.1088 1.0052 167 116 69
-0.2902 0.1088 1.0053 167 124 73
-0.2842 0.1088 1.0053 167 124 81
-0.2781 0.1088 1.0053 167 123 74
-0.2721 0.1088 1.0053 172 127 72
-0.2660 0.1088 1.0053 166 118 72
-0.2600 0.1088 1.0054 168 123 68
-0.2540 0.1088 1.0054 162 119 64
-0.2479 0.1088 1.0054 161 125 73
-0.2419 0.1088 1.0055 165 121 74
-0.2358 0.1089 1.0055 158 116 68
-0.2298 0.1089 1.0056 163 120 67
-0.2238 0.1089 1.0056 164 120 71
-0.2177 0.1089 1.0056 159 117 69
-0.2117 0.1089 1.0056 163 116 64
-0.2056 0.1089 1.0056 167 120 74
-0.1996 0.1089 1.0057 165 119 69
-0.1935 0.1089 1.0057 160 118 70
-0.1875 0.1089 1.0057 172 125 71
-0.1814 0.1089 1.0057 160 113 67
-0.1754 0.1089 1.0057 162 121 67
-0.1694 0.1089 1.0057 158 114 67
-0.1633 0.1089 1.0057 168 125 74
-0.1573 0.1089 1.0058 140 98 50
-0.1512 0.1089 1.0058 163 115 67
-0.1452 0.1089 1.0058 164 118 69
-0.1391 0.1089 1.0058 172 122 71
-0.1331 0.1089 1.0059 159 115 68
-0.1270 0.1089 1.0059 169 129 78
-0.1210 0.1089 1.0059 163 119 70
-0.1149 0.1089 1.0059 154 113 61
-0.1089 0.1089 1.0060 170 124 74
-0.1029 0.1089 1.0060 163 117 67
-0.0968 0.1089 1.0060 169 123 73
-0.0908 0.1089 1.0060 158 119 62
-0.0847 0.1089 1.0060 164 119 64
-0.0787 0.1089 1.0060 166 119 73
-0.0726 0.1089 1.0060 157 115 67
-0.0666 0.1089 1.0060 166 118 69
-0.0605 0.1089 1.0060 169 118 71
-0.0545 0.1089 1.0060 170 129 73
-0.0484 0.1089 1.0061 168 122 73
-0.0424 0.1089 1.0061 172 122 71
-0.0363 0.1089 1.0061 160 114 64
-0.0303 0.1089 1.0060 168 120 72
-0.0242 0.1089 1.0060 165 122 69
-0.0182 0.1089 1.0060 172 121 76
-0.0121 0.1089 1.0061 152 109 58
-0.0061 0.1089 1.0060 165 118 74
0.0000 0.1089 1.0060 174 128 76
0.0061 0.1089 1.0060 173 131 81
0.0121 0.1089 1.0060 170 124 74
0.0182 0.1089 1.0060 164 117 65
0.0242 0.1089 1.0060 174 124 75
0.0303 0.1089 1.0060 162 121 69
0.0363 0.1089 1.0060 166 120 70
0.0424 0.1089 1.0060 172 125 73
0.0484 0.1089 1.0060 160 119 63
0.0545 0.1089 1.0060 168 117 72
0.0605 0.1089 1.0060 159 115 66
0.0665 0.1089 1.0060 174 126 77
0.0726 0.1089 1.0060 156 112 65
0.0787 0.1089 1.0060 170 127 76
0.0847 0.1089 1.0060 170 123 77
0.0907 0.1089 1.0060 171 123 77
0.0968 0.1089 1.0059 162 120 72
0.1028 0.1089 1.0059 166 120 68
0.1089 0.1089 1.0060 168 121 69
0.1149 0.1089 1.0060 161 123 74
0.1210 0.1089 1.0060 171 123 75
0.1270 0.1089 1.0059 164 121 68
0.1331 0.1089 1.0060 157 115 57
0.1391 0.1089 1.0060 162 119 68
0.1452 0.1089 1.0060 154 110 61
0.1512 0.1089 1.0059 167 123 74
0.1573 0.1089 1.0059 170 124 75
0.1633 0.1089 1.0059 167 121 72
0.1694 0.1089 1.0059 160 117 66
0.1754 0.1089 1.0059 133 95 46
0.1815 0.1089 1.0059 173 122 75
0.1875 0.1089 1.0058 153 112 60
0.1936 0.1089 1.0058 164 118 68
0.1996 0.1089 1.0058 170 128 78
0.2057 0.1089 1.0058 167 124 73
0.2117 0.1089 1.0058 172 126 76
0.2178 0.1089 1.0058 166 123 72
0.2238 0.1089 1.0057 156 109 57
0.2298 0.1089 1.0057 167 124 73
0.2359 0.1089 1.0057 161 120 66
0.2419 0.1089 1.0057 167 122 67
0.2480 0.1089 1.0057 162 115 61
0.2540 0.1089 1.0057 163 117 65
0.2601 0.1089 1.0056 154 111 60
0.2661 0.1089 1.0056 166 120 70
0.2722 0.1089 1.0056 165 119 70
0.2782 0.1089 1.0056 162 118 71
0.2842 0.1089 1.0055 168 122 73
0.2903 0.1088 1.0055 163 120 67
0.2963 0.1088 1.0054 167 121 69
0.3023 0.1088 1.0054 156 112 63
0.3083 0.1088 1.0053 153 106 60
0.3144 0.1088 1.0053 153 106 60
0.3204 0.1088 1.0052 150 107 62
0.3265 0.1088 1.0052 144 99 57
0.3325 0.1088 1.0052 151 104 62
0.3385 0.1088 1.0052 144 101 56
0.3446 0.1088 1.0051 153 106 64
0.3506 0.1088 1.0051 152 108 63
0.3566 0.1088 1.0051 147 103 56
0.3627 0.1088 1.0051 150 103 57
0.3687 0.1088 1.0050 151 108 65
0.3747 0.1088 1.0050 152 109 64
0.3808 0.1088 1.0050 148 103 62
0.3868 0.1088 1.0050 151 104 58
0.3929 0.1088 1.0050 144 97 53
0.3989 0.1088 1.0050 157 110 66
0.4049 0.1088 1.0049 152 105 61
0.4110 0.1088 1.0049 153 109 64
0.4170 0.1088 1.0049 154 110 65
0.4230 0.1088 1.0049 144 100 55
0.4291 0.1088 1.0049 158 114 69
0.4351 0.1088 1.0049 148 105 62
0.4412 0.1088 1.0049 157 108 67
0.4472 0.1088 1.0049 144 99 58
0.4532 0.1088 1.0049 151 108 66
0.4593 0.1088 1.0049 147 98 55
0.4653 0.1088 1.0048 149 105 60
0.4714 0.1088 1.0049 148 105 60
0.4774 0.1088 1.0049 154 107 61
0.4835 0.1088 1.0048 149 99 50
0.4895 0.1088 1.0048 140 97 52
0.4955 0.1088 1.0048 168 122 73
0.5016 0.1088 1.0048 161 122 65
0.5075 0.1087 1.0046 137 96 44
0.5140 0.1088 1.0055 165 128 75
0.5303 0.1110 1.0252 144 122 108
0.5660 0.1171 1.0817 148 189 219
0.5655 0.1157 1.0684 144 185 213
0.5719 0.1157 1.0684 149 186 215
0.5783 0.1157 1.0684 146 185 216
0.5847 0.1157 1.0684 146 185 214
0.5912 0.1157 1.0684 149 186 215
0.5976 0.1157 1.0684 149 186 215
0.6040 0.1157 1.0684 134 175 203
0.6104 0.1157 1.0684 139 180 210
-0.6169 0.1092 1.0684 149 190 222
-0.6104 0.1092 1.0684 147 186 215
-0.6040 0.1092 1.0684 144 181 208
-0.5976 0.1092 1.0684 146 186 212
-0.5912 0.1092 1.0684 142 177 209
-0.5847 0.1092 1.0684 129 170 200
-0.5783 0.1092 1.0684 149 193 220
-0.5719 0.1092 1.0684 146 183 210
-0.5655 0.1092 1.0684 141 181 207
-0.6386 0.1248 1.2206 149 188 217
-0.5204 0.1029 1.0062 146 125 94
-0.5137 0.1027 1.0048 164 123 71
-0.5077 0.1027 1.0049 160 120 69
-0.5016 0.1027 1.0049 164 117 65
-0.4956 0.1027 1.0049 155 110 68
-0.4895 0.1027 1.0049 136 98 51
-0.4835 0.1027 1.0049 149 105 58
-0.4774 0.1027 1.0048 156 108 62
-0.4713 0.1027 1.0048 148 104 59
-0.4653 0.1027 1.0048 143 99 54
-0.4593 0.1027 1.0048 156 109 65
-0.4532 0.1027 1.0048 150 106 59
-0.4472 0.1027 1.0048 151 107 62
-0.4411 0.1027 1.0048 138 94 49
-0.4351 0.1027 1.0048 154 105 62
-0.4290 0.1027 1.0048 146 106 57
-0.4230 0.1027 1.0048 141 96 54
-0.4169 0.1027 1.0048 138 91 49
-0.4109 0.1027 1.0048 146 103 58
-0.4049 0.1027 1.0048 145 100 58
-0.3988 0.1027 1.0048 146 102 57
-0.3928 0.1027 1.0048 153 106 60
-0.3867 0.1027 1.0048 152 109 64
-0.3807 0.1027 1.0048 149 107 59
-0.3747 0.1027 1.0048 146 102 55
-0.3686 0.1027 1.0048 148 104 59
-0.3626 0.1027 1.0049 150 106 61
-0.3566 0.1027 1.0049 149 105 60
-0.3505 0.1027 1.0049 153 110 67
-0.3445 0.1027 1.0049 145 103 55
-0.3385 0.1027 1.0049 140 96 51
-0.3324 0.1027 1.0050 152 108 61
-0.3264 0.1028 1.0050 148 101 59
-0.3204 0.1028 1.0050 150 105 63
-0.3143 0.1028 1.0051 152 105 63
-0.3083 0.1028 1.0051 148 106 58
-0.3023 0.1028 1.0052 166 120 71
-0.2962 0.1028 1.0052 162 118 71
-0.2902 0.1028 1.0053 162 122 70
-0.2842 0.1028 1.0053 165 126 71
-0.2781 0.1028 1.0053 162 121 69
-0.2721 0.1028 1.0053 165 121 74
-0.2660 0.1028 1.0053 165 117 68
-0.2600 0.1028 1.0054 161 115 66
-0.2540 0.1028 1.0054 168 120 72
-0.2479 0.1028 1.0054 163 124 67
-0.2419 0.1028 1.0055 166 124 74
-0.2358 0.1028 1.0055 164 120 71
-0.2298 0.1028 1.0055 167 123 74
-0.2238 0.1028 1.0055 168 124 75
-0.2177 0.1028 1.0055 162 120 70
-0.2117 0.1028 1.0056 165 117 71
-0.2056 0.1028 1.0056 171 125 73
-0.1996 0.1028 1.0056 169 125 78
-0.1935 0.1028 1.0056 164 118 66
-0.1875 0.1028 1.0057 159 112 58
-0.1814 0.1028 1.0057 169 121 75
-0.1754 0.1028 1.0057 154 111 60
-0.1694 0.1028 1.0057 164 123 69
-0.1633 0.1028 1.0057 161 114 68
-0.1573 0.1028 1.0057 133 89 42
-0.1512 0.1028 1.0057 165 119 67
-0.1452 0.1028 1.0058 163 116 64
-0.1391 0.1028 1.0058 165 118 72
-0.1331 0.1028 1.0058 160 120 68
-0.1270 0.1028 1.0059 168 122 73
-0.1210 0.1028 1.0059 169 122 78
-0.1149 0.1028 1.0059 170 126 79
-0.1089 0.1028 1.0059 164 118 68
-0.1028 0.1028 1.0059 165 119 69
-0.0968 0.1028 1.0059 157 116 62
-0.0907 0.1028 1.0059 167 124 73
-0.0847 0.1028 1.0059 165 122 69
-0.0786 0.1028 1.0060 159 115 66
-0.0726 0.1028 1.0060 162 115 69
-0.0666 0.1029 1.0060 165 113 65
-0.0605 0.1029 1.0060 165 119 69
-0.0545 0.1029 1.0060 165 119 70
-0.0484 0.1029 1.0060 167 128 73
-0.0424 0.1029 1.0060 162 125 73
-0.0363 0.1028 1.0060 169 132 77
-0.0302 0.1028 1.0060 160 123 70
-0.0242 0.1028 1.0060 161 115 66
-0.0181 0.1028 1.0060 167 120 74
-0.0121 0.1028 1.0060 170 124 72
-0.0061 0.1029 1.0060 168 124 77
0.0000 0.1029 1.0060 164 121 70
0.0061 0.1029 1.0060 164 123 71
0.0121 0.1029 1.0060 167 121 71
0.0182 0.1029 1.0060 168 121 69
0.0242 0.1028 1.0060 161 117 68
0.0302 0.1028 1.0060 172 126 77
0.0363 0.1028 1.0060 162 121 69
0.0423 0.1028 1.0060 167 124 71
0.0484 0.1028 1.0060 169 121 73
0.0544 0.1028 1.0060 165 121 72
0.0605 0.1029 1.0060 164 121 68
0.0666 0.1029 1.0060 169 122 70
0.0726 0.1028 1.0060 165 128 75
0.0786 0.1028 1.0059 172 120 70
0.0847 0.1028 1.0059 164 114 63
0.0907 0.1028 1.0059 166 122 75
0.0968 0.1028 1.0059 165 121 72
0.1028 0.1028 1.0059 164 121 66
0.1089 0.1028 1.0059 171 127 80
0.1149 0.1028 1.0059 158 121 69
0.1210 0.1028 1.0059 172 126 76
0.1270 0.1028 1.0059 166 122 73
0.1331 0.1028 1.0059 164 120 73
0.1391 0.1028 1.0059 177 131 79
0.1452 0.1028 1.0059 160 117 64
0.1512 0.1028 1.0059 165 121 72
0.1573 0.1028 1.0059 168 122 73
0.1633 0.1028 1.0058 169 125 76
0.1694 0.1028 1.0058 162 114 66
0.1754 0.1028 1.0058 144 98 48
0.1815 0.1028 1.0058 169 123 74
0.1875 0.1028 1.0058 159 116 61
0.1936 0.1028 1.0058 165 121 72
0.1996 0.1028 1.0058 173 123 74
0.2057 0.1028 1.0057 163 116 64
0.2117 0.1028 1.0057 161 115 65
0.2177 0.1028 1.0057 170 120 69
0.2238 0.1028 1.0057 160 119 65
0.2298 0.1028 1.0057 165 117 69
0.2359 0.1028 1.0057 161 124 71
0.2419 0.1028 1.0057 162 116 66
0.2480 0.1028 1.0056 160 114 64
0.2540 0.1028 1.0056 165 124 72
0.2601 0.1028 1.0056 159 116 65
0.2661 0.1028 1.0056 173 127 75
0.2721 0.1028 1.0055 157 111 62
0.2782 0.1028 1.0055 155 111 62
0.2842 0.1028 1.0055 163 117 67
0.2902 0.1028 1.0054 164 119 64
0.2963 0.1028 1.0054 159 119 70
0.3023 0.1028 1.0054 174 128 76
0.3083 0.1028 1.0053 139 95 50
0.3144 0.1028 1.0053 150 101 58
0.3204 0.1028 1.0052 153 106 64
0.3265 0.1028 1.0052 151 108 65
0.3325 0.1028 1.0052 150 110 59
0.3385 0.1028 1.0052 148 105 62
0.3446 0.1028 1.0051 144 97 53
0.3506 0.1028 1.0051 151 104 58
0.3566 0.1028 1.0051 152 108 63
0.3627 0.1028 1.0051 152 104 64
0.3687 0.1028 1.0050 152 108 61
0.3747 0.1028 1.0050 154 106 66
0.3808 0.1028 1.0050 150 107 62
0.3868 0.1027 1.0050 161 114 68
0.3929 0.1027 1.0050 141 94 50
0.3989 0.1027 1.0050 153 106 62
0.4049 0.1027 1.0049 149 102 58
0.4110 0.1027 1.0049 152 105 61
0.4170 0.1027 1.0049 141 98 53
0.4230 0.1027 1.0049 151 104 60
0.4291 0.1027 1.0049 147 100 58
0.4351 0.1027 1.0049 149 106 61
0.4412 0.1027 1.0049 149 98 55
0.4472 0.1027 1.0049 147 104 59
0.4532 0.1027 1.0049 141 103 56
0.4593 0.1027 1.0048 152 108 61
0.4653 0.1027 1.0048 154 109 67
0.4714 0.1027 1.0049 151 104 58
0.4774 0.1027 1.0049 153 109 62
0.4835 0.1027 1.0049 150 99 56
0.4895 0.1027 1.0049 151 105 56
0.4955 0.1027 1.0048 159 117 67
0.5016 0.1027 1.0048 162 120 70
0.5076 0.1027 1.0048 141 98 53
0.5137 0.1027 1.0049 166 118 72
0.5220 0.1032 1.0093 142 131 101
0.5809 0.1135 1.1102 149 184 214
0.5655 0.1092 1.0684 136 173 200
0.5719 0.1092 1.0684 147 184 213
0.5783 0.1092 1.0684 146 182 214
0.5847 0.1092 1.0684 146 185 214
0.5912 0.1092 1.0684 146 183 210
0.5976 0.1092 1.0684 142 184 208
0.6040 0.1092 1.0684 142 186 211
0.6104 0.1092 1.0684 144 185 215
-0.6169 0.1028 1.0684 133 178 207
-0.6104 0.1028 1.0684 139 180 208
-0.6040 0.1028 1.0684 144 179 207
-0.5976 0.1028 1.0684 152 187 217
-0.5912 0.1028 1.0684 134 173 202
-0.5847 0.1028 1.0684 140 176 208
-0.5783 0.1028 1.0684 139 175 207
-0.5719 0.1028 1.0684 146 186 212
-0.5655 0.1028 1.0684 145 182 211
-0.6590 0.1212 1.2595 145 186 214
-0.5201 0.0968 1.0056 141 116 85
-0.5136 0.0967 1.0047 167 119 70
-0.5076 0.0967 1.0048 154 110 61
-0.5016 0.0967 1.0048 173 127 78
-0.4955 0.0967 1.0049 168 122 73
-0.4895 0.0967 1.0049 136 89 43
-0.4835 0.0967 1.0049 151 104 58
-0.4774 0.0967 1.0048 147 100 56
-0.4714 0.0967 1.0048 143 99 54
-0.4653 0.0967 1.0048 148 101 55
-0.4593 0.0967 1.0048 150 101 58
-0.4532 0.0967 1.0048 152 103 60
-0.4472 0.0967 1.0048 141 94 48
-0.4411 0.0967 1.0048 150 104 55
-0.4351 0.0967 1.0048 149 102 58
-0.4290 0.0967 1.0048 148 103 61
-0.4230 0.0967 1.0048 158 114 69
-0.4169 0.0967 1.0048 155 108 62
-0.4109 0.0967 1.0048 145 101 56
-0.4049 0.0967 1.0048 148 105 60
-0.3988 0.0967 1.0048 148 101 57
-0.3928 0.0967 1.0048 153 106 64
-0.3867 0.0967 1.0048 155 108 64
-0.3807 0.0967 1.0048 158 114 67
-0.3747 0.0967 1.0048 152 106 57
-0.3686 0.0967 1.0048 154 106 60
-0.3626 0.0967 1.0049 146 101 59
-0.3566 0.0967 1.0049 150 103 61
-0.3505 0.0967 1.0049 154 107 65
-0.3445 0.0967 1.0049 151 104 60
-0.3385 0.0967 1.0050 154 112 64
-0.3324 0.0967 1.0050 153 109 62
-0.3264 0.0967 1.0050 146 102 57
-0.3204 0.0967 1.0050 146 103 58
-0.3143 0.0967 1.0051 149 106 61
-0.3083 0.0967 1.0051 145 101 54
-0.3023 0.0967 1.0052 170 124 75
-0.2962 0.0967 1.0052 166 116 67
-0.2902 0.0967 1.0052 158 112 62
-0.2841 0.0967 1.0053 162 118 71
-0.2781 0.0967 1.0053 165 121 74
-0.2721 0.0967 1.0053 161 118 67
-0.2660 0.0967 1.0053 163 116 70
-0.2600 0.0967 1.0053 167 124 73
-0.2539 0.0967 1.0054 165 113 66
-0.2479 0.0967 1.0054 157 117 65
-0.2419 0.0967 1.0054 160 117 74
-0.2358 0.0967 1.0055 157 114 63
-0.2298 0.0968 1.0055 159 113 64
-0.2237 0.0968 1.0055 162 116 66
-0.2177 0.0968 1.0055 165 123 75
-0.2117 0.0968 1.0055 166 122 73
-0.2056 0.0968 1.0055 165 121 72
-0.1996 0.0968 1.0056 162 116 67
-0.1935 0.0968 1.0056 156 116 67
-0.1875 0.0968 1.0056 162 117 75
-0.1814 0.0968 1.0057 157 108 67
-0.1754 0.0968 1.0057 160 111 70
-0.1694 0.0968 1.0057 162 114 66
-0.1633 0.0968 1.0057 165 118 66
-0.1573 0.0968 1.0057 140 93 51
-0.1512 0.0968 1.0057 162 116 66
-0.1452 0.0968 1.0057 164 122 72
-0.1391 0.0968 1.0058 169 123 73
-0.1331 0.0968 1.0058 164 116 67
-0.1270 0.0968 1.0058 165 117 69
-0.1210 0.0968 1.0058 164 118 68
-0.1149 0.0968 1.0058 170 124 74
-0.1089 0.0968 1.0058 165 119 69
-0.1028 0.0968 1.0058 168 120 74
-0.0968 0.0968 1.0059 164 114 65
-0.0907 0.0968 1.0059 168 120 71
-0.0847 0.0968 1.0059 167 124 73
-0.0786 0.0968 1.0059 167 123 76
-0.0726 0.0968 1.0059 165 121 72
-0.0665 0.0968 1.0059 162 118 69
-0.0605 0.0968 1.0059 165 122 69
-0.0544 0.0968 1.0059 164 121 70
-0.0484 0.0968 1.0059 165 115 64
-0.0423 0.0968 1.0059 169 121 72
-0.0363 0.0968 1.0059 170 124 74
-0.0302 0.0968 1.0059 165 118 66
-0.0242 0.0968 1.0059 165 115 66
-0.0181 0.0968 1.0059 160 117 66
-0.0121 0.0968 1.0059 170 129 77
-0.0060 0.0968 1.0059 156 113 62
0.0000 0.0968 1.0059 166 123 70
0.0060 0.0968 1.0059 162 118 69
0.0121 0.0968 1.0059 158 114 67
0.0181 0.0968 1.0059 164 120 73
0.0242 0.0968 1.0059 170 126 77
0.0302 0.0968 1.0059 163 115 67
0.0363 0.0968 1.0059 163 117 68
0.0423 0.0968 1.0059 165 122 71
0.0484 0.0968 1.0059 157 114 63
0.0544 0.0968 1.0059 166 120 71
0.0605 0.0968 1.0059 163 121 73
0.0665 0.0968 1.0059 166 120 71
0.0726 0.0968 1.0059 166 115 70
0.0786 0.0968 1.0059 159 109 60
0.0847 0.0968 1.0058 167 119 71
0.0907 0.0968 1.0058 160 116 67
0.0968 0.0968 1.0058 163 120 67
0.1028 0.0968 1.0058 157 114 69
0.1089 0.0968 1.0058 161 120 66
0.1149 0.0968 1.0059 171 128 75
0.1210 0.0968 1.0059 165 118 72
0.1270 0.0968 1.0059 172 131 77
0.1331 0.0968 1.0059 166 125 73
0.1391 0.0968 1.0058 164 118 68
0.1452 0.0968 1.0058 159 116 65
0.1512 0.0968 1.0058 163 119 70
0.1573 0.0968 1.0058 162 116 67
0.1633 0.0968 1.0058 170 124 74
0.1694 0.0968 1.0058 170 124 74
0.1754 0.0968 1.0058 135 97 48
0.1815 0.0968 1.0058 169 128 76
0.1875 0.0968 1.0057 159 116 65
0.1936 0.0968 1.0057 166 122 73
0.1996 0.0968 1.0057 166 118 70
0.2056 0.0968 1.0057 168 125 74
0.2117 0.0968 1.0056 161 117 70
0.2177 0.0968 1.0056 161 121 69
0.2238 0.0968 1.0056 158 114 65
0.2298 0.0968 1.0056 173 123 74
0.2359 0.0968 1.0056 171 128 75
0.2419 0.0968 1.0056 162 116 66
0.2480 0.0968 1.0056 169 123 71
0.2540 0.0968 1.0056 168 126 76
0.2600 0.0968 1.0056 161 115 65
0.2661 0.0968 1.0055 159 112 60
0.2721 0.0968 1.0055 171 130 76
0.2782 0.0968 1.0055 171 128 75
0.2842 0.0967 1.0054 168 122 70
0.2902 0.0967 1.0054 158 117 65
0.2963 0.0967 1.0054 159 118 66
0.3023 0.0967 1.0053 164 123 71
0.3083 0.0967 1.0053 148 105 62
0.3144 0.0967 1.0053 151 104 60
0.3204 0.0967 1.0052 137 94 49
0.3265 0.0967 1.0052 144 102 54
0.3325 0.0967 1.0052 148 104 57
0.3385 0.0967 1.0052 145 104 58
0.3446 0.0967 1.0051 149 102 60
0.3506 0.0967 1.0051 149 107 59
0.3566 0.0967 1.0051 151 104 60
0.3627 0.0967 1.0051 145 102 59
0.3687 0.0967 1.0050 151 107 60
0.3747 0.0967 1.0050 154 107 65
0.3808 0.0967 1.0050 149 102 56
0.3868 0.0967 1.0050 145 100 58
0.3929 0.0967 1.0050 141 94 52
0.3989 0.0967 1.0050 146 101 59
0.4049 0.0967 1.0049 155 111 66
0.4110 0.0967 1.0049 146 103 58
0.4170 0.0967 1.0049 152 107 65
0.4230 0.0967 1.0049 155 112 67
0.4291 0.0967 1.0049 137 93 48
0.4351 0.0967 1.0049 147 102 60
0.4412 0.0967 1.0049 149 102 58
0.4472 0.0967 1.0049 150 103 57
0.4532 0.0967 1.0048 147 103 58
0.4593 0.0967 1.0048 150 107 62
0.4653 0.0967 1.0049 149 104 62
0.4714 0.0967 1.0049 147 100 58
0.4774 0.0967 1.0049 147 102 60
0.4835 0.0967 1.0049 156 113 70
0.4895 0.0967 1.0049 150 104 55
0.4955 0.0967 1.0048 170 119 72
0.5016 0.0967 1.0048 162 116 66
0.5076 0.0967 1.0048 141 94 50
0.5136 0.0967 1.0048 176 125 78
0.5221 0.0971 1.0094 137 126 106
0.5806 0.1068 1.1097 147 182 212
0.5655 0.1028 1.0684 139 178 211
0.5719 0.1028 1.0684 145 181 213
0.5783 0.1028 1.0684 148 185 214
0.5847 0.1028 1.0684 147 188 218
0.5912 0.1028 1.0684 145 182 211
0.5976 0.1028 1.0684 148 187 216
0.6040 0.1028 1.0684 143 182 211
0.6104 0.1028 1.0684 141 180 209
-0.6169 0.0964 1.0684 146 185 216
-0.6104 0.0964 1.0684 141 178 207
-0.6040 0.0964 1.0684 151 188 217
-0.5976 0.0964 1.0684 146 185 218
-0.5912 0.0964 1.0684 139 178 207
-0.5847 0.0964 1.0684 134 173 202
-0.5783 0.0964 1.0684 148 185 214
-0.5719 0.0964 1.0684 150 187 214
-0.5655 0.0964 1.0684 147 183 209
-0.6523 0.1125 1.2466 143 180 209
-0.5202 0.0907 1.0058 149 125 97
-0.5136 0.0906 1.0047 155 112 59
-0.5076 0.0906 1.0048 166 125 73
-0.5016 0.0906 1.0048 163 117 65
-0.4956 0.0906 1.0049 165 121 72
-0.4895 0.0906 1.0049 138 95 50
-0.4835 0.0906 1.0048 147 104 59
-0.4774 0.0906 1.0048 154 110 65
-0.4714 0.0906 1.0048 141 94 50
-0.4653 0.0906 1.0048 150 106 61
-0.4593 0.0906 1.0048 147 100 56
-0.4532 0.0906 1.0048 151 104 62
-0.4472 0.0906 1.0048 150 106 61
-0.4411 0.0906 1.0048 147 103 56
-0.4351 0.0906 1.0048 150 102 56
-0.4290 0.0906 1.0048 155 108 64
-0.4230 0.0906 1.0047 150 108 60
-0.4169 0.0906 1.0047 155 112 69
-0.4109 0.0906 1.0047 149 108 62
-0.4049 0.0906 1.0048 155 110 68
-0.3988 0.0906 1.0048 150 102 62
-0.3928 0.0906 1.0048 147 100 58
-0.3867 0.0906 1.0048 154 107 65
-0.3807 0.0906 1.0048 144 101 56
-0.3747 0.0906 1.0048 150 106 61
-0.3686 0.0906 1.0048 147 100 56
-0.3626 0.0906 1.0048 157 110 66
-0.3566 0.0907 1.0049 151 107 62
-0.3505 0.0907 1.0049 148 104 59
-0.3445 0.0907 1.0049 147 103 58
-0.3385 0.0907 1.0049 151 109 61
-0.3324 0.0907 1.0050 149 106 61
-0.3264 0.0907 1.0050 147 106 62
-0.3203 0.0907 1.0050 147 104 61
-0.3143 0.0907 1.0051 152 109 64
-0.3083 0.0907 1.0051 153 110 59
-0.3022 0.0907 1.0051 162 116 67
-0.2962 0.0907 1.0052 159 113 61
-0.2902 0.0907 1.0052 162 119 68
-0.2841 0.0907 1.0052 159 115 66
-0.2781 0.0907 1.0052 169 125 78
-0.2721 0.0907 1.0052 165 121 72
-0.2660 0.0907 1.0053 170 122 76
-0.2600 0.0907 1.0053 160 121 66
-0.2539 0.0907 1.0053 164 116 70
-0.2479 0.0907 1.0054 164 124 73
-0.2419 0.0907 1.0054 161 117 72
-0.2358 0.0907 1.0054 167 124 71
-0.2298 0.0907 1.0054 166 123 72
-0.2237 0.0907 1.0054 169 126 71
-0.2177 0.0907 1.0055 153 111 61
-0.2116 0.0907 1.0055 162 120 72
-0.2056 0.0907 1.0055 164 122 72
-0.1996 0.0907 1.0055 164 122 72
-0.1935 0.0907 1.0056 161 120 68
-0.1875 0.0907 1.0056 170 122 74
-0.1814 0.0907 1.0056 167 116 71
-0.1754 0.0907 1.0056 168 122 73
-0.1693 0.0907 1.0056 166 122 73
-0.1633 0.0907 1.0056 171 128 75
-0.1573 0.0907 1.0057 135 94 50
-0.1512 0.0907 1.0057 161 121 69
-0.1452 0.0907 1.0057 164 123 71
-0.1391 0.0907 1.0057 174 124 73
-0.1331 0.0907 1.0057 165 121 72
-0.1270 0.0907 1.0057 169 128 76
-0.1210 0.0907 1.0058 163 116 70
-0.1149 0.0907 1.0058 166 122 75
-0.1089 0.0907 1.0058 164 122 72
-0.1028 0.0907 1.0058 163 117 68
-0.0968 0.0907 1.0058 167 116 69
-0.0907 0.0907 1.0058 153 109 60
-0.0847 0.0907 1.0058 160 116 67
-0.0786 0.0907 1.0058 161 117 72
-0.0726 0.0907 1.0058 163 119 70
-0.0665 0.0907 1.0058 166 119 67
-0.0605 0.0907 1.0058 168 121 69
-0.0544 0.0907 1.0058 163 120 67
-0.0484 0.0907 1.0058 161 115 66
-0.0423 0.0907 1.0058 162 118 71
-0.0363 0.0907 1.0058 162 120 72
-0.0302 0.0907 1.0058 163 119 74
-0.0242 0.0907 1.0058 172 130 80
-0.0181 0.0907 1.0058 168 125 74
-0.0121 0.0907 1.0058 168 122 73
-0.0060 0.0907 1.0058 166 118 70
0.0000 0.0907 1.0058 167 122 67
0.0060 0.0907 1.0058 168 122 70
0.0121 0.0907 1.0058 169 123 74
0.0181 0.0907 1.0059 168 122 72
0.0242 0.0907 1.0059 168 122 73
0.0302 0.0907 1.0058 166 118 72
0.0363 0.0907 1.0058 168 121 75
0.0423 0.0907 1.0058 166 119 73
0.0484 0.0907 1.0058 168 122 73
0.0544 0.0907 1.0058 160 116 67
0.0605 0.0907 1.0058 160 116 69
0.0665 0.0907 1.0058 164 120 71
0.0726 0.0907 1.0058 163 122 68
0.0786 0.0907 1.0058 160 117 64
0.0847 0.0907 1.0058 167 123 74
0.0907 0.0907 1.0058 158 116 68
0.0968 0.0907 1.0058 157 117 68
0.1028 0.0907 1.0058 161 118 67
0.1089 0.0907 1.0058 157 113 66
0.1149 0.0907 1.0058 159 115 66
0.1210 0.0907 1.0058 166 118 70
0.1270 0.0907 1.0058 164 118 66
0.1331 0.0907 1.0058 167 123 74
0.1391 0.0907 1.0058 166 120 71
0.1452 0.0907 1.0058 161 117 68
0.1512 0.0907 1.0057 168 122 73
0.1573 0.0907 1.0057 168 120 71
0.1633 0.0907 1.0057 171 128 77
0.1694 0.0907 1.0057 167 123 74
0.1754 0.0907 1.0057 139 96 51
0.1814 0.0907 1.0057 166 120 71
0.1875 0.0907 1.0057 168 120 72
0.1935 0.0907 1.0056 165 119 69
0.1996 0.0907 1.0056 163 115 66
0.2056 0.0907 1.0056 169 123 73
0.2117 0.0907 1.0056 164 118 69
0.2177 0.0907 1.0056 163 119 70
0.2238 0.0907 1.0056 171 127 82
0.2298 0.0907 1.0055 167 116 71
0.2358 0.0907 1.0055 169 123 74
0.2419 0.0907 1.0055 167 125 75
0.2479 0.0907 1.0055 171 125 75
0.2540 0.0907 1.0055 167 123 78
0.2600 0.0907 1.0055 166 118 72
0.2661 0.0907 1.0055 169 123 73
0.2721 0.0907 1.0054 161 113 64
0.2781 0.0907 1.0054 164 120 73
0.2842 0.0907 1.0054 161 119 69
0.2902 0.0907 1.0054 167 124 71
0.2963 0.0907 1.0053 167 120 68
0.3023 0.0907 1.0053 163 114 71
0.3083 0.0907 1.0053 150 100 63
0.3144 0.0907 1.0052 153 109 64
0.3204 0.0907 1.0052 150 107 62
0.3264 0.0907 1.0052 146 102 57
0.3325 0.0907 1.0052 145 101 56
0.3385 0.0907 1.0052 143 105 58
0.3446 0.0907 1.0051 152 103 62
0.3506 0.0907 1.0051 145 102 57
0.3566 0.0907 1.0051 150 103 61
0.3627 0.0907 1.0051 152 107 65
0.3687 0.0907 1.0050 155 111 66
0.3747 0.0907 1.0050 151 102 59
0.3808 0.0907 1.0050 151 102 59
0.3868 0.0907 1.0050 150 103 59
0.3929 0.0907 1.0050 157 113 66
0.3989 0.0907 1.0050 152 107 66
0.4049 0.0907 1.0049 144 99 60
0.4110 0.0907 1.0049 153 110 67
0.4170 0.0907 1.0049 148 101 59
0.4231 0.0907 1.0049 150 107 64
0.4291 0.0907 1.0049 143 100 58
0.4351 0.0907 1.0049 151 98 58
0.4412 0.0907 1.0049 145 101 56
0.4472 0.0906 1.0049 154 112 64
0.4532 0.0906 1.0048 156 107 64
0.4593 0.0906 1.0048 155 111 66
0.4653 0.0906 1.0049 155 112 67
0.4714 0.0907 1.0049 145 103 55
0.4774 0.0906 1.0049 148 104 57
0.4835 0.0906 1.0048 139 96 51
0.4895 0.0906 1.0048 156 108 62
0.4955 0.0906 1.0048 161 113 65
0.5016 0.0906 1.0048 175 131 84
0.5076 0.0906 1.0048 146 101 59
0.5136 0.0906 1.0048 177 130 84
0.5231 0.0912 1.0114 129 118 98
0.5764 0.0994 1.1017 155 190 218
0.5655 0.0964 1.0684 144 179 209
0.5719 0.0964 1.0684 146 185 214
0.5783 0.0964 1.0684 147 187 213
0.5847 0.0964 1.0684 133 173 199
0.5912 0.0964 1.0684 142 179 208
0.5976 0.0964 1.0684 145 186 214
0.6040 0.0964 1.0684 141 182 210
0.6104 0.0964 1.0684 146 187 215
-0.6169 0.0900 1.0684 151 182 211
-0.6104 0.0900 1.0684 143 177 205
-0.6040 0.0900 1.0684 141 181 207
-0.5976 0.0900 1.0684 143 185 210
-0.5912 0.0900 1.0684 148 187 216
-0.5847 0.0900 1.0684 143 183 209
-0.5783 0.0900 1.0684 150 187 214
-0.5719 0.0900 1.0684 143 178 208
-0.5655 0.0900 1.0684 142 184 209
-0.6530 0.1051 1.2480 146 185 214
-0.5202 0.0847 1.0058 127 103 75
-0.5136 0.0846 1.0047 141 98 47
-0.5076 0.0846 1.0048 143 101 53
-0.5016 0.0846 1.0048 142 96 47
-0.4956 0.0846 1.0049 136 92 47
-0.4895 0.0846 1.0048 136 93 50
-0.4835 0.0846 1.0048 131 90 44
-0.4774 0.0846 1.0048 138 94 49
-0.4714 0.0846 1.0048 138 91 47
-0.4653 0.0846 1.0048 140 96 51
-0.4593 0.0846 1.0048 145 102 57
-0.4532 0.0846 1.0048 146 102 57
-0.4472 0.0846 1.0048 151 106 64
-0.4411 0.0846 1.0048 136 93 50
-0.4351 0.0846 1.0048 134 91 48
-0.4290 0.0846 1.0047 140 97 54
-0.4230 0.0846 1.0047 140 96 49
-0.4169 0.0846 1.0047 147 103 56
-0.4109 0.0846 1.0047 133 93 44
-0.4049 0.0846 1.0047 132 87 45
-0.3988 0.0846 1.0048 149 101 61
-0.3928 0.0846 1.0048 131 84 40
-0.3867 0.0846 1.0048 139 94 52
-0.3807 0.0846 1.0048 141 100 56
-0.3747 0.0846 1.0048 144 99 57
-0.3686 0.0846 1.0048 132 87 45
-0.3626 0.0846 1.0048 137 90 46
-0.3566 0.0846 1.0049 137 93 48
-0.3505 0.0846 1.0049 135 92 47
-0.3445 0.0846 1.0049 137 94 49
-0.3384 0.0846 1.0049 141 97 50
-0.3324 0.0846 1.0050 138 95 52
-0.3264 0.0846 1.0050 135 94 50
-0.3203 0.0846 1.0050 132 89 46
-0.3143 0.0846 1.0050 136 91 50
-0.3083 0.0846 1.0051 140 96 51
-0.3022 0.0846 1.0051 136 92 47
-0.2962 0.0846 1.0051 141 97 52
-0.2902 0.0846 1.0052 135 91 44
-0.2841 0.0846 1.0052 141 97 52
-0.2781 0.0846 1.0052 144 97 53
-0.2720 0.0846 1.0052 143 99 54
-0.2660 0.0846 1.0052 144 100 53
-0.2600 0.0846 1.0053 142 102 53
-0.2539 0.0846 1.0053 141 98 53
-0.2479 0.0846 1.0053 141 97 50
-0.2418 0.0846 1.0053 132 87 45
-0.2358 0.0846 1.0054 135 94 40
-0.2298 0.0847 1.0054 135 91 44
-0.2237 0.0847 1.0054 140 97 46
-0.2177 0.0847 1.0054 129 86 41
-0.2116 0.0847 1.0055 138 95 50
-0.2056 0.0847 1.0055 132 90 42
-0.1996 0.0847 1.0055 141 99 51
-0.1935 0.0847 1.0055 137 94 51
-0.1875 0.0847 1.0055 139 96 53
-0.1814 0.0847 1.0056 140 97 54
-0.1754 0.0847 1.0056 131 84 42
-0.1693 0.0847 1.0056 140 100 51
-0.1633 0.0847 1.0056 131 94 39
-0.1572 0.0847 1.0056 139 94 52
-0.1512 0.0847 1.0056 137 93 44
-0.1452 0.0847 1.0057 138 91 45
-0.1391 0.0847 1.0057 141 97 48
-0.1331 0.0847 1.0057 137 93 48
-0.1270 0.0847 1.0057 134 90 45
-0.1210 0.0847 1.0057 146 104 54
-0.1149 0.0847 1.0057 137 95 45
-0.1089 0.0847 1.0057 138 96 48
-0.1028 0.0847 1.0058 145 101 54
-0.0968 0.0847 1.0058 137 93 44
-0.0907 0.0847 1.0058 135 94 42
-0.0847 0.0847 1.0058 137 94 43
-0.0786 0.0847 1.0058 137 90 44
-0.0726 0.0847 1.0058 134 90 43
-0.0665 0.0847 1.0058 144 100 53
-0.0605 0.0847 1.0058 143 99 52
-0.0544 0.0847 1.0058 137 93 46
-0.0484 0.0847 1.0058 134 90 45
-0.0423 0.0847 1.0058 132 89 46
-0.0363 0.0847 1.0058 135 94 50
-0.0302 0.0847 1.0058 149 104 62
-0.0242 0.0847 1.0058 140 97 52
-0.0181 0.0847 1.0058 141 98 47
-0.0121 0.0847 1.0058 137 89 41
-0.0060 0.0847 1.0058 138 94 47
0.0000 0.0847 1.0058 131 87 38
0.0060 0.0847 1.0058 135 92 49
0.0121 0.0847 1.0058 139 96 54
0.0181 0.0847 1.0058 142 98 53
0.0242 0.0847 1.0058 132 90 40
0.0302 0.0847 1.0058 134 90 43
0.0363 0.0847 1.0058 145 101 56
0.0423 0.0847 1.0058 143 99 52
0.0484 0.0847 1.0058 136 92 45
0.0544 0.0847 1.0058 136 92 45
0.0605 0.0847 1.0058 140 96 49
0.0665 0.0847 1.0058 130 88 40
0.0726 0.0847 1.0058 142 102 50
0.0786 0.0847 1.0057 137 95 45
0.0847 0.0847 1.0057 136 93 48
0.0907 0.0847 1.0057 145 100 58
0.0968 0.0847 1.0057 136 94 44
0.1028 0.0847 1.0057 144 97 55
0.1089 0.0847 1.0057 135 91 46
0.1149 0.0847 1.0057 143 99 54
0.1210 0.0847 1.0057 146 100 51
0.1270 0.0847 1.0057 134 88 39
0.1331 0.0847 1.0057 143 99 50
0.1391 0.0847 1.0057 134 92 44
0.1452 0.0847 1.0057 139 96 51
0.1512 0.0847 1.0057 136 89 45
0.1573 0.0847 1.0057 144 97 51
0.1633 0.0847 1.0057 135 93 45
0.1693 0.0847 1.0057 135 93 43
0.1754 0.0847 1.0056 132 91 45
0.1814 0.0847 1.0056 144 100 53
0.1875 0.0847 1.0056 143 97 48
0.1935 0.0847 1.0056 127 85 35
0.1996 0.0847 1.0056 133 89 40
0.2056 0.0847 1.0055 141 97 50
0.2117 0.0847 1.0055 141 99 51
0.2177 0.0847 1.0055 142 94 48
0.2237 0.0847 1.0055 137 93 48
0.2298 0.0847 1.0055 144 95 52
0.2358 0.0847 1.0055 133 89 42
0.2419 0.0847 1.0055 136 94 46
0.2479 0.0847 1.0055 137 91 42
0.2540 0.0847 1.0055 136 89 45
0.2600 0.0847 1.0054 142 95 53
0.2661 0.0847 1.0054 142 91 44
0.2721 0.0847 1.0054 136 92 43
0.2781 0.0847 1.0054 128 84 37
0.2842 0.0846 1.0054 134 90 41
0.2902 0.0846 1.0054 129 89 40
0.2963 0.0846 1.0053 137 93 46
0.3023 0.0846 1.0053 142 99 54
0.3083 0.0846 1.0053 136 91 50
0.3144 0.0846 1.0052 144 101 56
0.3204 0.0846 1.0052 138 95 50
0.3264 0.0846 1.0052 141 94 52
0.3325 0.0846 1.0052 135 90 48
0.3385 0.0846 1.0051 129 88 42
0.3446 0.0846 1.0051 139 92 50
0.3506 0.0846 1.0051 138 93 51
0.3566 0.0846 1.0051 140 95 53
0.3627 0.0846 1.0051 139 94 52
0.3687 0.0846 1.0050 138 94 49
0.3747 0.0846 1.0050 139 96 51
0.3808 0.0846 1.0050 137 92 50
0.3868 0.0846 1.0050 137 93 48
0.3929 0.0846 1.0050 135 91 46
0.3989 0.0846 1.0050 132 87 45
0.4049 0.0846 1.0049 135 92 50
0.4110 0.0846 1.0049 139 95 50
0.4170 0.0846 1.0049 140 93 51
0.4231 0.0846 1.0049 137 94 52
0.4291 0.0846 1.0049 138 95 53
0.4351 0.0846 1.0049 135 90 51
0.4412 0.0846 1.0049 135 92 50
0.4472 0.0846 1.0049 144 97 53
0.4532 0.0846 1.0048 140 95 54
0.4593 0.0846 1.0048 133 90 48
0.4653 0.0846 1.0049 135 92 49
0.4714 0.0846 1.0049 138 97 53
0.4774 0.0846 1.0049 139 94 52
0.4835 0.0846 1.0048 137 94 52
0.4895 0.0846 1.0048 140 96 51
0.4955 0.0846 1.0048 135 92 47
0.5016 0.0846 1.0048 138 97 51
0.5076 0.0846 1.0048 142 99 57
0.5137 0.0846 1.0049 139 95 46
0.5237 0.0853 1.0126 113 102 80
0.5745 0.0924 1.0980 151 186 214
0.5655 0.0900 1.0684 148 183 213
0.5719 0.0900 1.0684 143 183 209
0.5783 0.0900 1.0684 145 186 214
0.5847 0.0900 1.0684 146 185 214
0.5912 0.0900 1.0684 140 175 203
0.5976 0.0900 1.0684 143 183 209
0.6040 0.0900 1.0684 141 178 207
0.6104 0.0900 1.0684 146 183 212
-0.6169 0.0835 1.0684 140 175 205
-0.6104 0.0835 1.0684 145 184 213
-0.6040 0.0835 1.0684 138 179 207
-0.5976 0.0835 1.0684 133 173 198
-0.5912 0.0835 1.0684 141 181 207
-0.5847 0.0835 1.0684 143 179 211
-0.5783 0.0835 1.0684 144 178 213
-0.5719 0.0835 1.0684 143 180 209
-0.5655 0.0835 1.0684 137 181 206
-0.6554 0.0979 1.2526 145 182 211
-0.5202 0.0786 1.0057 155 130 99
-0.5136 0.0786 1.0048 162 116 66
-0.5076 0.0786 1.0048 162 120 70
-0.5016 0.0786 1.0048 159 113 63
-0.4956 0.0786 1.0049 167 123 76
-0.4895 0.0786 1.0049 137 94 49
-0.4835 0.0786 1.0048 147 100 56
-0.4774 0.0786 1.0048 151 107 60
-0.4714 0.0786 1.0048 144 102 54
-0.4653 0.0786 1.0048 148 104 59
-0.4593 0.0786 1.0048 147 104 59
-0.4532 0.0786 1.0048 152 108 63
-0.4472 0.0786 1.0048 148 104 57
-0.4411 0.0786 1.0048 144 101 56
-0.4351 0.0786 1.0047 146 103 60
-0.4290 0.0786 1.0047 151 106 64
-0.4230 0.0786 1.0047 151 104 58
-0.4169 0.0786 1.0047 151 107 60
-0.4109 0.0786 1.0047 150 107 64
-0.4049 0.0786 1.0047 147 103 58
-0.3988 0.0786 1.0047 149 102 56
-0.3928 0.0786 1.0048 152 108 63
-0.3867 0.0786 1.0048 155 108 64
-0.3807 0.0786 1.0048 149 106 63
-0.3747 0.0786 1.0048 151 106 64
-0.3686 0.0786 1.0048 155 108 64
-0.3626 0.0786 1.0048 150 103 59
-0.3566 0.0786 1.0048 142 98 53
-0.3505 0.0786 1.0049 147 104 59
-0.3445 0.0786 1.0049 150 106 59
-0.3384 0.0786 1.0049 153 106 60
-0.3324 0.0786 1.0049 140 93 49
-0.3264 0.0786 1.0050 157 112 70
-0.3203 0.0786 1.0050 150 107 64
-0.3143 0.0786 1.0050 144 100 55
-0.3083 0.0786 1.0050 159 116 65
-0.3022 0.0786 1.0051 163 120 67
-0.2962 0.0786 1.0051 173 127 75
-0.2902 0.0786 1.0051 169 125 76
-0.2841 0.0786 1.0052 162 115 69
-0.2781 0.0786 1.0052 160 113 67
-0.2720 0.0786 1.0052 163 119 70
-0.2660 0.0786 1.0052 168 127 75
-0.2600 0.0786 1.0053 159 115 66
-0.2539 0.0786 1.0053 170 124 75
-0.2479 0.0786 1.0053 163 119 70
-0.2418 0.0786 1.0053 161 116 74
-0.2358 0.0786 1.0054 166 123 72
-0.2298 0.0786 1.0054 158 111 67
-0.2237 0.0786 1.0054 164 118 69
-0.2177 0.0786 1.0054 167 124 73
-0.2116 0.0786 1.0054 161 118 65
-0.2056 0.0786 1.0055 165 119 69
-0.1996 0.0786 1.0055 166 120 70
-0.1935 0.0786 1.0055 159 113 63
-0.1875 0.0786 1.0055 155 114 62
-0.1814 0.0786 1.0055 164 124 72
-0.1754 0.0786 1.0056 165 122 71
-0.1693 0.0786 1.0056 167 123 74
-0.1633 0.0786 1.0056 163 118 63
-0.1572 0.0786 1.0056 130 86 39
-0.1512 0.0786 1.0056 162 122 70
-0.1451 0.0786 1.0056 168 122 73
-0.1391 0.0786 1.0056 161 121 69
-0.1331 0.0786 1.0057 164 117 73
-0.1270 0.0786 1.0057 155 108 64
-0.1210 0.0786 1.0057 172 129 78
-0.1149 0.0786 1.0057 169 126 75
-0.1089 0.0786 1.0057 165 119 70
-0.1028 0.0786 1.0057 163 117 68
-0.0968 0.0786 1.0057 160 116 67
-0.0907 0.0786 1.0057 161 118 67
-0.0847 0.0786 1.0057 170 127 76
-0.0786 0.0786 1.0057 162 118 69
-0.0726 0.0786 1.0057 161 115 66
-0.0665 0.0786 1.0057 170 126 77
-0.0605 0.0786 1.0057 170 126 79
-0.0544 0.0786 1.0057 167 119 71
-0.0484 0.0786 1.0057 162 114 65
-0.0423 0.0786 1.0057 162 116 66
-0.0363 0.0786 1.0057 163 122 68
-0.0302 0.0786 1.0057 165 122 69
-0.0242 0.0786 1.0057 160 113 67
-0.0181 0.0786 1.0057 168 122 73
-0.0121 0.0786 1.0057 169 125 76
-0.0060 0.0786 1.0057 162 118 69
0.0000 0.0786 1.0057 166 123 70
0.0060 0.0786 1.0057 157 114 63
0.0121 0.0786 1.0057 166 122 73
0.0181 0.0786 1.0057 157 111 59
0.0242 0.0786 1.0057 166 120 70
0.0302 0.0786 1.0057 165 119 70
0.0363 0.0786 1.0057 159 117 69
0.0423 0.0786 1.0057 161 117 68
0.0484 0.0786 1.0057 158 114 65
0.0544 0.0786 1.0057 168 122 73
0.0605 0.0786 1.0057 176 130 81
0.0665 0.0786 1.0057 160 118 70
0.0726 0.0786 1.0057 164 116 68
0.0786 0.0786 1.0057 171 120 73
0.0847 0.0786 1.0057 169 121 75
0.0907 0.0786 1.0057 167 118 75
0.0968 0.0786 1.0057 168 122 72
0.1028 0.0786 1.0057 159 113 64
0.1089 0.0786 1.0057 167 124 73
0.1149 0.0786 1.0057 162 119 66
0.1210 0.0786 1.0057 167 124 71
0.1270 0.0786 1.0057 163 119 70
0.1331 0.0786 1.0057 165 119 69
0.1391 0.0786 1.0057 156 110 60
0.1452 0.0786 1.0057 167 120 74
0.1512 0.0786 1.0057 157 113 66
0.1572 0.0786 1.0056 162 118 69
0.1633 0.0786 1.0056 163 117 68
0.1693 0.0786 1.0056 169 125 76
0.1754 0.0786 1.0056 138 96 48
0.1814 0.0786 1.0056 167 121 72
0.1875 0.0786 1.0056 163 117 68
0.1935 0.0786 1.0055 160 120 69
0.1996 0.0786 1.0055 160 116 67
0.2056 0.0786 1.0055 165 121 72
0.2116 0.0786 1.0055 165 125 74
0.2177 0.0786 1.0055 156 110 61
0.2237 0.0786 1.0055 163 115 69
0.2298 0.0786 1.0055 163 122 70
0.2358 0.0786 1.0055 159 119 67
0.2419 0.0786 1.0054 165 123 73
0.2479 0.0786 1.0054 172 124 75
0.2540 0.0786 1.0054 163 117 68
0.2600 0.0786 1.0054 165 121 74
0.2660 0.0786 1.0054 169 123 71
0.2721 0.0786 1.0054 173 123 72
0.2781 0.0786 1.0054 167 124 73
0.2842 0.0786 1.0054 160 117 64
0.2902 0.0786 1.0053 167 121 72
0.2963 0.0786 1.0053 170 122 74
0.3023 0.0786 1.0053 171 123 77
0.3083 0.0786 1.0053 150 101 58
0.3144 0.0786 1.0052 160 113 69
0.3204 0.0786 1.0052 150 107 62
0.3264 0.0786 1.0052 160 117 74
0.3325 0.0786 1.0052 149 104 62
0.3385 0.0786 1.0051 149 105 58
0.3446 0.0786 1.0051 144 106 61
0.3506 0.0786 1.0051 157 112 70
0.3566 0.0786 1.0051 146 103 60
0.3627 0.0786 1.0051 142 95 49
0.3687 0.0786 1.0050 150 103 59
0.3747 0.0786 1.0050 152 109 66
0.3808 0.0786 1.0050 147 107 58
0.3868 0.0786 1.0050 156 111 70
0.3929 0.0786 1.0050 148 101 57
0.3989 0.0786 1.0050 151 104 60
0.4049 0.0786 1.0050 147 103 58
0.4110 0.0786 1.0049 148 100 60
0.4170 0.0786 1.0049 148 103 62
0.4231 0.0786 1.0049 143 100 57
0.4291 0.0786 1.0049 148 105 60
0.4351 0.0786 1.0049 159 110 69
0.4412 0.0786 1.0049 147 104 61
0.4472 0.0786 1.0049 149 106 61
0.4532 0.0786 1.0049 155 108 66
0.4593 0.0786 1.0049 153 110 67
0.4653 0.0786 1.0049 154 110 65
0.4714 0.0786 1.0049 147 100 56
0.4774 0.0786 1.0049 144 99 57
0.4835 0.0786 1.0049 144 103 59
0.4895 0.0786 1.0049 152 110 62
0.4955 0.0786 1.0048 168 126 78
0.5016 0.0786 1.0048 164 122 74
0.5076 0.0786 1.0048 139 92 50
0.5137 0.0786 1.0049 155 109 59
0.5236 0.0791 1.0123 142 131 109
0.5750 0.0859 1.0989 154 191 218
0.5655 0.0835 1.0684 136 175 204
0.5719 0.0835 1.0684 148 185 214
0.5783 0.0835 1.0684 146 185 214
0.5847 0.0835 1.0684 146 186 212
0.5912 0.0835 1.0684 145 185 211
0.5976 0.0835 1.0684 138 178 204
0.6040 0.0835 1.0684 140 175 205
0.6104 0.0835 1.0684 148 185 214
-0.6169 0.0771 1.0684 142 183 213
-0.6104 0.0771 1.0684 144 185 215
-0.6040 0.0771 1.0684 142 183 213
-0.5976 0.0771 1.0684 139 180 208
-0.5912 0.0771 1.0684 146 182 214
-0.5847 0.0771 1.0684 147 187 213
-0.5783 0.0771 1.0684 139 179 205
-0.5719 0.0771 1.0684 152 189 215
-0.5655 0.0771 1.0684 142 181 210
-0.6604 0.0911 1.2621 148 185 212
-0.5201 0.0726 1.0056 147 124 92
-0.5136 0.0725 1.0048 171 127 80
-0.5076 0.0725 1.0048 165 123 73
-0.5016 0.0725 1.0048 161 115 65
-0.4956 0.0725 1.0049 166 118 72
-0.4895 0.0725 1.0049 139 95 46
-0.4835 0.0725 1.0048 144 101 56
-0.4774 0.0725 1.0048 152 109 64
-0.4714 0.0725 1.0048 149 105 58
-0.4653 0.0725 1.0048 153 105 59
-0.4593 0.0725 1.0048 152 109 66
-0.4532 0.0725 1.0048 152 109 66
-0.4472 0.0725 1.0048 145 101 56
-0.4411 0.0725 1.0047 142 99 56
-0.4351 0.0725 1.0047 147 102 60
-0.4290 0.0725 1.0047 152 106 57
-0.4230 0.0725 1.0047 158 113 71
-0.4169 0.0725 1.0047 142 99 57
-0.4109 0.0725 1.0047 148 101 59
-0.4048 0.0725 1.0047 148 103 61
-0.3988 0.0725 1.0047 152 105 61
-0.3928 0.0725 1.0047 148 101 57
-0.3867 0.0725 1.0048 145 100 58
-0.3807 0.0725 1.0048 162 118 71
-0.3747 0.0725 1.0048 157 113 68
-0.3686 0.0725 1.0048 150 107 64
-0.3626 0.0725 1.0048 147 103 58
-0.3565 0.0725 1.0048 148 99 56
-0.3505 0.0725 1.0049 149 107 59
-0.3445 0.0725 1.0049 151 102 59
-0.3384 0.0725 1.0049 148 105 60
-0.3324 0.0725 1.0049 153 109 62
-0.3264 0.0725 1.0050 150 103 57
-0.3203 0.0725 1.0050 153 106 62
-0.3143 0.0725 1.0050 158 113 72
-0.3083 0.0725 1.0050 143 96 52
-0.3022 0.0725 1.0051 168 120 71
-0.2962 0.0725 1.0051 171 120 73
-0.2902 0.0725 1.0051 169 123 71
-0.2841 0.0725 1.0052 165 122 71
-0.2781 0.0725 1.0052 165 119 70
-0.2720 0.0725 1.0052 165 121 72
-0.2660 0.0725 1.0052 158 115 64
-0.2600 0.0725 1.0052 174 130 83
-0.2539 0.0725 1.0053 166 123 72
-0.2479 0.0726 1.0053 169 126 71
-0.2418 0.0726 1.0053 168 122 73
-0.2358 0.0726 1.0053 169 126 75
-0.2298 0.0726 1.0054 163 119 72
-0.2237 0.0726 1.0054 169 125 78
-0.2177 0.0726 1.0054 166 118 69
-0.2116 0.0726 1.0054 170 127 74
-0.2056 0.0726 1.0054 166 122 75
-0.1995 0.0726 1.0055 164 118 69
-0.1935 0.0726 1.0055 163 117 65
-0.1875 0.0726 1.0055 172 125 71
-0.1814 0.0726 1.0055 165 120 65
-0.1754 0.0726 1.0055 163 122 66
-0.1693 0.0726 1.0056 159 118 66
-0.1633 0.0726 1.0056 171 128 77
-0.1572 0.0726 1.0056 136 90 41
-0.1512 0.0726 1.0056 163 122 68
-0.1451 0.0726 1.0056 159 116 63
-0.1391 0.0726 1.0056 170 127 72
-0.1331 0.0726 1.0056 164 120 71
-0.1270 0.0726 1.0056 165 121 74
-0.1210 0.0726 1.0057 166 123 72
-0.1149 0.0726 1.0057 165 119 70
-0.1089 0.0726 1.0057 168 120 72
-0.1028 0.0726 1.0057 169 123 74
-0.0968 0.0726 1.0057 168 124 77
-0.0907 0.0726 1.0057 171 129 81
-0.0847 0.0726 1.0057 165 119 70
-0.0786 0.0726 1.0057 160 116 69
-0.0726 0.0726 1.0057 161 117 68
-0.0665 0.0726 1.0057 172 128 79
-0.0605 0.0726 1.0057 162 118 71
-0.0544 0.0726 1.0057 165 117 68
-0.0484 0.0726 1.0057 167 117 68
-0.0423 0.0726 1.0057 161 118 67
-0.0363 0.0726 1.0057 160 118 68
-0.0302 0.0726 1.0057 160 117 66
-0.0242 0.0726 1.0057 163 119 72
-0.0181 0.0726 1.0057 167 123 76
-0.0121 0.0726 1.0057 155 111 64
-0.0060 0.0726 1.0057 167 121 72
0.0000 0.0726 1.0057 167 119 70
0.0060 0.0726 1.0057 171 125 76
0.0121 0.0726 1.0057 159 115 68
0.0181 0.0726 1.0057 169 123 73
0.0242 0.0726 1.0057 167 120 74
0.0302 0.0726 1.0057 174 122 75
0.0363 0.0726 1.0057 167 120 68
0.0423 0.0726 1.0057 166 118 69
0.0484 0.0726 1.0057 161 118 65
0.0544 0.0726 1.0057 170 127 74
0.0605 0.0726 1.0057 166 123 70
0.0665 0.0726 1.0057 167 124 71
0.0726 0.0726 1.0057 164 120 71
0.0786 0.0726 1.0057 165 119 70
0.0847 0.0726 1.0057 170 123 77
0.0907 0.0726 1.0057 163 119 72
0.0968 0.0726 1.0057 168 122 72
0.1028 0.0726 1.0057 161 117 68
0.1089 0.0726 1.0057 168 124 75
0.1149 0.0726 1.0057 167 124 73
0.1210 0.0726 1.0057 159 119 68
0.1270 0.0726 1.0057 173 122 75
0.1331 0.0726 1.0056 170 124 72
0.1391 0.0726 1.0056 169 126 75
0.1451 0.0726 1.0056 161 117 70
0.1512 0.0726 1.0056 164 120 73
0.1572 0.0726 1.0056 165 119 70
0.1633 0.0726 1.0056 166 120 71
0.1693 0.0726 1.0056 168 117 70
0.1754 0.0726 1.0056 137 95 47
0.1814 0.0726 1.0056 167 121 72
0.1875 0.0726 1.0055 166 118 70
0.1935 0.0726 1.0055 164 122 72
0.1996 0.0726 1.0055 159 115 66
0.2056 0.0726 1.0055 169 121 72
0.2116 0.0726 1.0055 167 121 71
0.2177 0.0726 1.0055 163 121 73
0.2237 0.0726 1.0054 167 120 74
0.2298 0.0726 1.0054 163 119 70
0.2358 0.0726 1.0054 170 124 75
0.2419 0.0726 1.0054 171 125 76
0.2479 0.0726 1.0054 171 125 75
0.2540 0.0726 1.0054 157 117 66
0.2600 0.0726 1.0054 158 116 66
0.2660 0.0726 1.0054 167 124 73
0.2721 0.0726 1.0054 163 122 70
0.2781 0.0726 1.0054 167 121 72
0.2842 0.0726 1.0053 158 110 61
0.2902 0.0726 1.0053 163 115 66
0.2963 0.0726 1.0053 172 126 76
0.3023 0.0725 1.0053 161 115 66
0.3083 0.0725 1.0052 153 110 65
0.3144 0.0725 1.0052 146 105 61
0.3204 0.0725 1.0052 147 106 60
0.3264 0.0725 1.0052 146 108 59
0.3325 0.0725 1.0052 151 104 58
0.3385 0.0725 1.0051 147 102 60
0.3446 0.0725 1.0051 142 99 57
0.3506 0.0725 1.0051 143 95 55
0.3566 0.0725 1.0051 150 105 64
0.3627 0.0725 1.0051 151 107 60
0.3687 0.0725 1.0050 150 109 57
0.3747 0.0725 1.0050 149 105 56
0.3808 0.0725 1.0050 156 109 65
0.3868 0.0725 1.0050 148 103 61
0.3929 0.0725 1.0050 144 100 55
0.3989 0.0725 1.0050 149 102 56
0.4049 0.0725 1.0050 147 103 58
0.4110 0.0725 1.0049 150 105 63
0.4170 0.0725 1.0049 157 115 67
0.4231 0.0725 1.0049 145 103 61
0.4291 0.0725 1.0049 152 108 63
0.4351 0.0725 1.0049 152 108 63
0.4412 0.0725 1.0049 154 106 60
0.4472 0.0725 1.0049 151 107 62
0.4532 0.0725 1.0049 144 100 55
0.4593 0.0725 1.0049 150 105 63
0.4653 0.0725 1.0049 145 102 57
0.4714 0.0725 1.0049 146 105 59
0.4774 0.0725 1.0049 148 107 61
0.4835 0.0725 1.0049 139 97 49
0.4895 0.0725 1.0049 150 104 55
0.4955 0.0725 1.0048 167 124 71
0.5016 0.0725 1.0048 167 124 71
0.5076 0.0725 1.0049 137 94 49
0.5137 0.0725 1.0049 166 122 73
0.5233 0.0730 1.0118 142 127 104
0.5756 0.0794 1.1001 143 178 208
0.5655 0.0771 1.0684 143 180 207
0.5719 0.0771 1.0684 147 184 213
0.5783 0.0771 1.0684 141 181 206
0.5847 0.0771 1.0684 143 180 206
0.5912 0.0771 1.0684 134 175 203
0.5976 0.0771 1.0684 147 186 217
0.6040 0.0771 1.0684 143 184 212
0.6104 0.0771 1.0684 151 186 214
-0.6169 0.0707 1.0684 149 184 214
-0.6104 0.0707 1.0684 147 182 210
-0.6040 0.0707 1.0684 144 179 211
-0.5976 0.0707 1.0684 142 179 208
-0.5912 0.0707 1.0684 144 178 213
-0.5847 0.0707 1.0684 147 182 212
-0.5783 0.0707 1.0684 145 182 209
-0.5719 0.0707 1.0684 145 179 207
-0.5654 0.0707 1.0683 145 182 211
-0.6817 0.0862 1.3030 145 182 208
-0.5200 0.0665 1.0054 148 123 92
-0.5137 0.0665 1.0048 171 125 75
-0.5076 0.0665 1.0048 166 116 63
-0.5016 0.0665 1.0048 170 117 65
-0.4956 0.0665 1.0049 168 120 71
-0.4895 0.0665 1.0049 136 92 47
-0.4835 0.0665 1.0048 154 107 63
-0.4774 0.0665 1.0048 152 104 58
-0.4714 0.0665 1.0048 152 105 59
-0.4653 0.0665 1.0048 151 107 62
-0.4593 0.0665 1.0048 149 105 60
-0.4532 0.0665 1.0048 156 112 65
-0.4472 0.0665 1.0048 148 101 55
-0.4411 0.0665 1.0047 149 105 60
-0.4351 0.0665 1.0047 154 107 65
-0.4290 0.0665 1.0047 148 101 55
-0.4230 0.0665 1.0047 152 105 59
-0.4169 0.0665 1.0047 155 108 64
-0.4109 0.0665 1.0047 151 107 60
-0.4048 0.0665 1.0047 150 109 63
-0.3988 0.0665 1.0047 149 106 61
-0.3928 0.0665 1.0047 156 112 65
-0.3867 0.0665 1.0047 153 106 60
-0.3807 0.0665 1.0048 160 114 65
-0.3747 0.0665 1.0048 148 101 57
-0.3686 0.0665 1.0048 153 106 60
-0.3626 0.0665 1.0048 147 103 56
-0.3565 0.0665 1.0048 142 104 57
-0.3505 0.0665 1.0049 145 102 57
-0.3445 0.0665 1.0049 158 120 73
-0.3384 0.0665 1.0049 149 105 60
-0.3324 0.0665 1.0049 150 106 57
-0.3264 0.0665 1.0050 153 108 66
-0.3203 0.0665 1.0050 151 106 64
-0.3143 0.0665 1.0050 152 107 65
-0.3083 0.0665 1.0050 151 106 64
-0.3022 0.0665 1.0051 170 124 74
-0.2962 0.0665 1.0051 160 112 64
-0.2902 0.0665 1.0051 163 115 66
-0.2841 0.0665 1.0052 167 121 71
-0.2781 0.0665 1.0052 163 115 66
-0.2720 0.0665 1.0052 175 128 76
-0.2660 0.0665 1.0052 162 119 64
-0.2600 0.0665 1.0052 162 119 68
-0.2539 0.0665 1.0053 169 126 75
-0.2479 0.0665 1.0053 161 118 67
-0.2418 0.0665 1.0053 157 113 66
-0.2358 0.0665 1.0053 169 128 76
-0.2298 0.0665 1.0054 158 117 65
-0.2237 0.0665 1.0054 164 118 69
-0.2177 0.0665 1.0054 160 112 64
-0.2116 0.0665 1.0054 167 124 71
-0.2056 0.0665 1.0054 166 125 73
-0.1995 0.0665 1.0054 161 118 67
-0.1935 0.0665 1.0055 160 112 64
-0.1875 0.0665 1.0055 168 117 70
-0.1814 0.0665 1.0055 177 131 81
-0.1754 0.0665 1.0055 161 118 67
-0.1693 0.0665 1.0055 159 116 65
-0.1633 0.0665 1.0055 162 118 69
-0.1572 0.0665 1.0056 133 89 42
-0.1512 0.0665 1.0056 161 120 66
-0.1451 0.0665 1.0056 164 118 68
-0.1391 0.0665 1.0056 167 124 73
-0.1331 0.0665 1.0056 166 123 72
-0.1270 0.0665 1.0056 169 123 73
-0.1210 0.0665 1.0056 173 127 75
-0.1149 0.0665 1.0056 160 114 62
-0.1089 0.0665 1.0056 170 120 69
-0.1028 0.0665 1.0057 167 119 70
-0.0968 0.0665 1.0057 166 122 75
-0.0907 0.0665 1.0057 162 118 69
-0.0847 0.0665 1.0057 163 115 66
-0.0786 0.0665 1.0057 165 121 72
-0.0726 0.0665 1.0057 166 127 72
-0.0665 0.0665 1.0057 168 122 70
-0.0605 0.0665 1.0057 167 115 67
-0.0544 0.0665 1.0057 171 125 73
-0.0484 0.0665 1.0057 162 116 66
-0.0423 0.0665 1.0057 169 123 74
-0.0363 0.0665 1.0057 169 123 74
-0.0302 0.0665 1.0056 168 122 72
-0.0242 0.0665 1.0057 166 119 73
-0.0181 0.0665 1.0057 166 119 73
-0.0121 0.0665 1.0057 168 122 73
-0.0060 0.0665 1.0057 170 124 74
0.0000 0.0665 1.0057 166 119 67
0.0060 0.0665 1.0057 162 116 64
0.0121 0.0665 1.0057 170 127 76
0.0181 0.0665 1.0057 166 120 70
0.0242 0.0665 1.0057 171 121 72
0.0302 0.0665 1.0057 162 119 68
0.0363 0.0665 1.0057 166 118 69
0.0423 0.0665 1.0057 166 123 72
0.0484 0.0665 1.0057 172 122 73
0.0544 0.0665 1.0057 165 117 71
0.0605 0.0665 1.0057 165 119 69
0.0665 0.0665 1.0057 170 120 71
0.0726 0.0665 1.0057 168 126 76
0.0786 0.0665 1.0056 166 120 71
0.0847 0.0665 1.0056 164 118 69
0.0907 0.0665 1.0056 154 110 61
0.0968 0.0665 1.0056 174 128 78
0.1028 0.0665 1.0056 162 114 65
0.1089 0.0665 1.0056 164 118 69
0.1149 0.0665 1.0056 156 110 60
0.1210 0.0665 1.0056 163 117 67
0.1270 0.0665 1.0056 160 114 65
0.1331 0.0665 1.0056 165 118 66
0.1391 0.0665 1.0056 169 123 71
0.1451 0.0665 1.0056 164 118 68
0.1512 0.0665 1.0056 169 123 73
0.1572 0.0665 1.0056 172 124 75
0.1633 0.0665 1.0056 165 117 68
0.1693 0.0665 1.0055 162 119 68
0.1754 0.0665 1.0055 136 89 43
0.1814 0.0665 1.0055 161 118 67
0.1875 0.0665 1.0055 147 106 52
0.1935 0.0665 1.0055 165 117 69
0.1996 0.0665 1.0055 167 123 76
0.2056 0.0665 1.0055 167 126 74
0.2116 0.0665 1.0054 164 118 69
0.2177 0.0665 1.0054 161 115 66
0.2237 0.0665 1.0054 162 116 67
0.2298 0.0665 1.0054 165 119 69
0.2358 0.0665 1.0054 168 122 72
0.2419 0.0665 1.0054 163 120 69
0.2479 0.0665 1.0054 167 120 68
0.2540 0.0665 1.0054 166 120 71
0.2600 0.0665 1.0054 169 127 77
0.2660 0.0665 1.0054 163 115 66
0.2721 0.0665 1.0053 168 118 67
0.2781 0.0665 1.0053 170 122 73
0.2842 0.0665 1.0053 159 116 65
0.2902 0.0665 1.0053 162 121 67
0.2962 0.0665 1.0053 174 129 74
0.3023 0.0665 1.0053 180 133 81
0.3083 0.0665 1.0052 155 104 59
0.3144 0.0665 1.0052 148 99 58
0.3204 0.0665 1.0052 151 104 62
0.3264 0.0665 1.0052 142 98 53
0.3325 0.0665 1.0052 147 106 60
0.3385 0.0665 1.0051 143 102 56
0.3446 0.0665 1.0051 153 110 65
0.3506 0.0665 1.0051 145 101 54
0.3566 0.0665 1.0051 153 110 65
0.3627 0.0665 1.0051 149 105 58
0.3687 0.0665 1.0050 145 103 55
0.3747 0.0665 1.0050 154 107 63
0.3808 0.0665 1.0050 153 106 64
0.3868 0.0665 1.0050 152 108 59
0.3929 0.0665 1.0050 154 110 61
0.3989 0.0665 1.0050 155 111 66
0.4049 0.0665 1.0050 153 108 67
0.4110 0.0665 1.0049 150 103 61
0.4170 0.0665 1.0049 146 102 53
0.4231 0.0665 1.0049 153 112 66
0.4291 0.0665 1.0049 147 105 55
0.4351 0.0665 1.0049 148 104 57
0.4412 0.0665 1.0049 154 106 58
0.4472 0.0665 1.0049 149 104 62
0.4533 0.0665 1.0049 156 111 69
0.4593 0.0665 1.0049 149 108 62
0.4653 0.0665 1.0049 155 115 66
0.4714 0.0665 1.0049 139 97 49
0.4774 0.0665 1.0049 147 103 56
0.4835 0.0665 1.0049 152 109 64
0.4895 0.0665 1.0049 149 105 58
0.4956 0.0665 1.0049 163 117 67
0.5016 0.0665 1.0048 161 115 63
0.5076 0.0665 1.0049 133 91 43
0.5137 0.0665 1.0050 166 120 70
0.5233 0.0669 1.0117 141 129 103
0.5758 0.0728 1.1005 138 178 203
0.5655 0.0707 1.0684 144 181 208
0.5719 0.0707 1.0684 136 172 206
0.5783 0.0707 1.0684 146 185 216
0.5847 0.0707 1.0684 144 178 213
0.5912 0.0707 1.0684 143 182 213
0.5976 0.0707 1.0684 143 184 212
0.6040 0.0707 1.0684 146 183 212
0.6104 0.0707 1.0684 149 186 213
-0.6169 0.0643 1.0684 143 180 209
-0.6104 0.0643 1.0684 144 181 208
-0.6040 0.0643 1.0684 148 183 215
-0.5976 0.0643 1.0684 151 188 217
-0.5912 0.0643 1.0684 138 174 206
-0.5847 0.0643 1.0684 142 179 208
-0.5783 0.0643 1.0684 149 186 215
-0.5719 0.0643 1.0684 146 183 212
-0.5665 0.0644 1.0703 138 174 206
-0.5834 0.0671 1.1150 142 179 208
-0.5199 0.0605 1.0053 150 127 96
-0.5137 0.0604 1.0048 165 121 74
-0.5076 0.0604 1.0048 159 117 69
-0.5016 0.0604 1.0048 160 114 65
-0.4956 0.0604 1.0049 165 117 69
-0.4895 0.0604 1.0049 141 92 51
-0.4835 0.0604 1.0048 149 105 60
-0.4774 0.0604 1.0048 145 101 54
-0.4714 0.0604 1.0048 152 109 64
-0.4653 0.0604 1.0048 152 109 66
-0.4593 0.0604 1.0048 151 104 58
-0.4532 0.0604 1.0048 155 106 65
-0.4472 0.0604 1.0047 149 100 60
-0.4411 0.0604 1.0047 153 109 64
-0.4351 0.0604 1.0047 151 108 66
-0.4290 0.0604 1.0047 145 102 60
-0.4230 0.0604 1.0047 147 105 57
-0.4169 0.0604 1.0047 146 99 53
-0.4109 0.0604 1.0047 155 110 69
-0.4048 0.0604 1.0047 151 108 66
-0.3988 0.0604 1.0047 150 103 61
-0.3928 0.0604 1.0047 148 101 57
-0.3867 0.0604 1.0047 146 101 62
-0.3807 0.0604 1.0047 152 110 62
-0.3746 0.0604 1.0048 151 107 58
-0.3686 0.0604 1.0048 156 111 69
-0.3626 0.0604 1.0048 152 108 61
-0.3565 0.0604 1.0048 149 99 50
-0.3505 0.0604 1.0048 147 106 54
-0.3445 0.0604 1.0049 159 113 64
-0.3384 0.0604 1.0049 145 101 56
-0.3324 0.0604 1.0049 148 104 59
-0.3264 0.0604 1.0049 149 105 58
-0.3203 0.0604 1.0050 144 101 56
-0.3143 0.0604 1.0050 150 106 61
-0.3083 0.0604 1.0050 147 103 56
-0.3022 0.0604 1.0050 169 125 76
-0.2962 0.0604 1.0051 168 122 73
-0.2901 0.0604 1.0051 162 115 69
-0.2841 0.0604 1.0051 164 120 73
-0.2781 0.0605 1.0051 169 125 76
-0.2720 0.0605 1.0052 170 124 74
-0.2660 0.0605 1.0052 165 124 72
-0.2600 0.0605 1.0052 169 125 78
-0.2539 0.0605 1.0052 165 122 71
-0.2479 0.0605 1.0053 167 121 71
-0.2418 0.0605 1.0053 160 116 71
-0.2358 0.0605 1.0053 167 125 75
-0.2298 0.0605 1.0053 166 122 73
-0.2237 0.0605 1.0053 177 130 84
-0.2177 0.0605 1.0054 159 110 67
-0.2116 0.0605 1.0054 166 119 75
-0.2056 0.0605 1.0054 169 125 76
-0.1995 0.0605 1.0054 165 121 72
-0.1935 0.0605 1.0054 160 119 67
-0.1875 0.0605 1.0055 168 122 70
-0.1814 0.0605 1.0055 165 119 67
-0.1754 0.0605 1.0055 161 118 65
-0.1693 0.0605 1.0055 166 123 70
-0.1633 0.0605 1.0055 161 119 69
-0.1572 0.0605 1.0055 137 95 47
-0.1512 0.0605 1.0055 158 115 64
-0.1451 0.0605 1.0055 165 121 72
-0.1391 0.0605 1.0056 160 118 70
-0.1330 0.0605 1.0056 168 122 72
-0.1270 0.0605 1.0056 166 120 70
-0.1210 0.0605 1.0056 169 123 74
-0.1149 0.0605 1.0056 159 113 64
-0.1089 0.0605 1.0056 175 129 80
-0.1028 0.0605 1.0056 162 116 67
-0.0968 0.0605 1.0056 168 121 75
-0.0907 0.0605 1.0056 168 124 75
-0.0847 0.0605 1.0056 165 117 69
-0.0786 0.0605 1.0056 166 120 71
-0.0726 0.0605 1.0056 160 117 66
-0.0665 0.0605 1.0056 169 126 75
-0.0605 0.0605 1.0056 158 114 65
-0.0544 0.0605 1.0056 168 122 73
-0.0484 0.0605 1.0056 160 118 70
-0.0423 0.0605 1.0056 162 120 72
-0.0363 0.0605 1.0056 168 124 77
-0.0302 0.0605 1.0056 170 126 77
-0.0242 0.0605 1.0056 161 119 71
-0.0181 0.0605 1.0056 161 119 71
-0.0121 0.0605 1.0056 162 118 69
-0.0060 0.0605 1.0056 157 115 65
0.0000 0.0605 1.0056 164 118 68
0.0060 0.0605 1.0056 169 126 75
0.0121 0.0605 1.0056 167 123 76
0.0181 0.0605 1.0056 162 118 71
0.0242 0.0605 1.0056 163 120 69
0.0302 0.0605 1.0056 164 117 71
0.0363 0.0605 1.0056 164 126 79
0.0423 0.0605 1.0056 169 121 75
0.0484 0.0605 1.0056 172 126 76
0.0544 0.0605 1.0056 163 116 72
0.0605 0.0605 1.0056 167 121 72
0.0665 0.0605 1.0056 171 123 75
0.0726 0.0605 1.0056 161 119 69
0.0786 0.0605 1.0056 167 124 73
0.0847 0.0605 1.0056 169 125 76
0.0907 0.0605 1.0056 167 125 77
0.0968 0.0605 1.0056 166 119 73
0.1028 0.0605 1.0056 161 114 68
0.1089 0.0605 1.0056 160 116 69
0.1149 0.0605 1.0056 165 121 74
0.1210 0.0605 1.0056 169 123 74
0.1270 0.0605 1.0056 163 122 76
0.1330 0.0605 1.0056 152 108 59
0.1391 0.0605 1.0055 168 124 75
0.1451 0.0605 1.0055 173 130 79
0.1512 0.0605 1.0055 157 114 63
0.1572 0.0605 1.0055 161 118 67
0.1633 0.0605 1.0055 158 115 64
0.1693 0.0605 1.0055 165 121 74
0.1754 0.0605 1.0055 138 95 52
0.1814 0.0605 1.0055 163 116 70
0.1875 0.0605 1.0055 163 119 70
0.1935 0.0605 1.0054 163 122 70
0.1995 0.0605 1.0054 164 120 71
0.2056 0.0605 1.0054 170 122 73
0.2116 0.0605 1.0054 169 125 76
0.2177 0.0605 1.0054 163 121 71
0.2237 0.0605 1.0054 164 120 71
0.2298 0.0605 1.0054 165 122 71
0.2358 0.0605 1.0054 160 118 68
0.2419 0.0605 1.0054 168 120 71
0.2479 0.0605 1.0054 168 122 72
0.2539 0.0605 1.0053 159 119 67
0.2600 0.0605 1.0053 157 115 65
0.2660 0.0605 1.0053 158 115 64
0.2721 0.0605 1.0053 166 125 73
0.2781 0.0605 1.0053 161 118 67
0.2842 0.0605 1.0053 170 124 75
0.2902 0.0605 1.0053 158 114 65
0.2962 0.0605 1.0052 161 118 67
0.3023 0.0605 1.0052 161 117 68
0.3083 0.0605 1.0052 155 111 66
0.3144 0.0605 1.0052 152 109 66
0.3204 0.0605 1.0052 146 101 59
0.3264 0.0605 1.0052 151 99 59
0.3325 0.0604 1.0051 157 113 68
0.3385 0.0604 1.0051 147 104 59
0.3445 0.0604 1.0051 156 112 67
0.3506 0.0604 1.0051 149 105 60
0.3566 0.0604 1.0051 147 102 60
0.3627 0.0604 1.0050 157 110 64
0.3687 0.0604 1.0050 144 100 53
0.3747 0.0604 1.0050 143 99 52
0.3808 0.0604 1.0050 148 104 59
0.3868 0.0604 1.0050 156 112 67
0.3929 0.0604 1.0050 152 108 63
0.3989 0.0604 1.0050 155 111 66
0.4049 0.0604 1.0050 152 107 65
0.4110 0.0604 1.0049 150 105 63
0.4170 0.0604 1.0049 153 111 63
0.4231 0.0604 1.0049 150 107 65
0.4291 0.0604 1.0049 145 101 54
0.4351 0.0604 1.0049 154 107 65
0.4412 0.0604 1.0049 150 106 61
0.4472 0.0604 1.0049 157 110 66
0.4533 0.0604 1.0049 149 102 56
0.4593 0.0604 1.0049 154 107 65
0.4653 0.0604 1.0049 162 113 70
0.4714 0.0604 1.0049 146 99 57
0.4774 0.0604 1.0049 151 104 62
0.4835 0.0604 1.0049 157 116 70
0.4895 0.0604 1.0049 153 110 65
0.4956 0.0604 1.0049 162 116 66
0.5016 0.0604 1.0049 155 107 58
0.5077 0.0604 1.0049 134 93 47
0.5137 0.0604 1.0050 165 121 74
0.5232 0.0608 1.0115 147 135 111
0.5761 0.0662 1.1011 146 183 212
0.5655 0.0643 1.0684 132 168 200
0.5719 0.0643 1.0684 145 182 211
0.5783 0.0643 1.0684 138 173 201
0.5847 0.0643 1.0684 143 183 209
0.5912 0.0643 1.0684 152 187 217
0.5976 0.0643 1.0684 145 187 212
0.6040 0.0643 1.0684 149 183 211
0.6104 0.0643 1.0684 148 187 216
-0.6169 0.0578 1.0684 137 181 210
-0.6104 0.0578 1.0684 147 184 213
-0.6040 0.0578 1.0684 139 174 206
-0.5976 0.0578 1.0684 141 178 207
-0.5912 0.0578 1.0684 141 180 211
-0.5847 0.0578 1.0684 147 184 213
-0.5783 0.0578 1.0684 137 173 205
-0.5719 0.0578 1.0684 143 179 211
-0.5675 0.0580 1.0724 143 180 209
-0.5602 0.0580 1.0707 145 182 209
-0.5199 0.0544 1.0052 152 128 100
-0.5137 0.0544 1.0048 162 119 74
-0.5076 0.0544 1.0048 165 121 74
-0.5016 0.0544 1.0048 165 117 71
-0.4955 0.0544 1.0049 172 128 81
-0.4895 0.0544 1.0048 134 91 46
-0.4834 0.0544 1.0048 141 96 54
-0.4774 0.0544 1.0048 158 115 72
-0.4713 0.0544 1.0048 146 103 60
-0.4653 0.0544 1.0048 147 102 60
-0.4592 0.0544 1.0048 148 106 58
-0.4532 0.0544 1.0048 146 103 58
-0.4471 0.0544 1.0047 149 106 63
-0.4411 0.0544 1.0047 150 109 63
-0.4350 0.0544 1.0047 142 99 54
-0.4290 0.0544 1.0047 151 108 66
-0.4230 0.0544 1.0047 144 101 56
-0.4169 0.0544 1.0047 147 100 58
-0.4109 0.0544 1.0047 152 109 67
-0.4048 0.0544 1.0047 154 113 69
-0.3988 0.0544 1.0047 145 102 57
-0.3928 0.0544 1.0047 148 107 61
-0.3867 0.0544 1.0047 147 104 59
-0.3807 0.0544 1.0047 145 101 56
-0.3746 0.0544 1.0047 149 105 66
-0.3686 0.0544 1.0048 144 101 58
-0.3626 0.0544 1.0048 149 104 62
-0.3565 0.0544 1.0048 140 97 54
-0.3505 0.0544 1.0048 147 102 60
-0.3445 0.0544 1.0048 141 104 60
-0.3384 0.0544 1.0049 147 103 58
-0.3324 0.0544 1.0049 155 109 60
-0.3264 0.0544 1.0049 149 102 60
-0.3203 0.0544 1.0049 151 106 67
-0.3143 0.0544 1.0050 154 107 61
-0.3082 0.0544 1.0050 152 106 57
-0.3022 0.0544 1.0050 157 113 66
-0.2962 0.0544 1.0050 165 117 69
-0.2901 0.0544 1.0051 167 121 72
-0.2841 0.0544 1.0051 169 127 77
-0.2781 0.0544 1.0051 159 117 67
-0.2720 0.0544 1.0051 170 122 76
-0.2660 0.0544 1.0052 162 118 69
-0.2599 0.0544 1.0052 163 119 72
-0.2539 0.0544 1.0052 167 121 71
-0.2479 0.0544 1.0052 167 123 74
-0.2418 0.0544 1.0053 166 121 79
-0.2358 0.0544 1.0053 175 129 80
-0.2297 0.0544 1.0053 165 119 69
-0.2237 0.0544 1.0053 169 123 74
-0.2177 0.0544 1.0053 168 122 72
-0.2116 0.0544 1.0054 158 114 69
-0.2056 0.0544 1.0054 167 123 76
-0.1995 0.0544 1.0054 170 124 74
-0.1935 0.0544 1.0054 159 117 67
-0.1874 0.0544 1.0054 162 118 71
-0.1814 0.0544 1.0054 157 113 66
-0.1754 0.0544 1.0055 163 116 70
-0.1693 0.0544 1.0055 168 122 72
-0.1633 0.0544 1.0055 157 115 65
-0.1572 0.0544 1.0055 131 89 41
-0.1512 0.0544 1.0055 162 119 68
-0.1451 0.0544 1.0055 166 118 69
-0.1391 0.0544 1.0055 166 120 71
-0.1330 0.0544 1.0055 166 119 73
-0.1270 0.0544 1.0055 164 117 71
-0.1209 0.0544 1.0055 158 114 67
-0.1149 0.0544 1.0056 169 122 76
-0.1089 0.0544 1.0056 159 112 66
-0.1028 0.0544 1.0056 168 121 75
-0.0968 0.0544 1.0056 175 127 79
-0.0907 0.0544 1.0056 170 127 76
-0.0847 0.0544 1.0056 152 106 57
-0.0786 0.0544 1.0056 164 120 73
-0.0726 0.0544 1.0056 161 117 70
-0.0665 0.0544 1.0056 165 121 72
-0.0605 0.0544 1.0056 159 115 66
-0.0544 0.0544 1.0056 165 121 74
-0.0484 0.0544 1.0056 165 123 73
-0.0423 0.0544 1.0056 163 123 72
-0.0363 0.0544 1.0056 157 115 67
-0.0302 0.0544 1.0056 163 116 70
-0.0242 0.0544 1.0056 163 119 70
-0.0181 0.0544 1.0056 172 128 79
-0.0121 0.0544 1.0056 163 119 70
-0.0060 0.0544 1.0056 156 115 63
0.0000 0.0544 1.0056 168 126 76
0.0060 0.0544 1.0056 169 127 77
0.0121 0.0544 1.0056 170 126 77
0.0181 0.0544 1.0056 164 120 71
0.0242 0.0544 1.0056 163 116 70
0.0302 0.0544 1.0056 164 124 73
0.0363 0.0544 1.0056 162 116 67
0.0423 0.0544 1.0056 164 122 72
0.0484 0.0544 1.0056 165 121 72
0.0544 0.0544 1.0056 163 119 72
0.0605 0.0544 1.0056 160 116 67
0.0665 0.0544 1.0056 167 123 74
0.0726 0.0544 1.0056 169 127 77
0.0786 0.0544 1.0056 166 120 68
0.0847 0.0544 1.0056 167 124 71
0.0907 0.0544 1.0056 164 122 74
0.0968 0.0544 1.0055 165 121 74
0.1028 0.0544 1.0055 161 117 70
0.1089 0.0544 1.0055 168 124 75
0.1149 0.0544 1.0055 168 122 73
0.1209 0.0544 1.0055 165 124 72
0.1270 0.0544 1.0055 164 116 70
0.1330 0.0544 1.0055 163 123 74
0.1391 0.0544 1.0055 164 121 70
0.1451 0.0544 1.0055 161 118 67
0.1512 0.0544 1.0055 167 126 74
0.1572 0.0544 1.0055 173 132 80
0.1633 0.0544 1.0055 164 121 70
0.1693 0.0544 1.0054 163 119 70
0.1754 0.0544 1.0054 133 90 45
0.1814 0.0544 1.0054 177 129 83
0.1874 0.0544 1.0054 164 118 69
0.1935 0.0544 1.0054 171 123 74
0.1995 0.0544 1.0054 166 123 72
0.2056 0.0544 1.0054 165 125 73
0.2116 0.0544 1.0054 158 114 65
0.2177 0.0544 1.0054 167 123 76
0.2237 0.0544 1.0053 165 122 71
0.2298 0.0544 1.0053 163 120 67
0.2358 0.0544 1.0053 160 118 68
0.2418 0.0544 1.0053 168 128 79
0.2479 0.0544 1.0053 169 126 75
0.2539 0.0544 1.0053 169 126 75
0.2600 0.0544 1.0053 168 128 77
0.2660 0.0544 1.0053 166 122 73
0.2721 0.0544 1.0053 166 120 71
0.2781 0.0544 1.0053 170 127 76
0.2841 0.0544 1.0053 168 128 76
0.2902 0.0544 1.0052 161 119 69
0.2962 0.0544 1.0052 164 121 70
0.3023 0.0544 1.0052 166 123 72
0.3083 0.0544 1.0052 150 108 60
0.3143 0.0544 1.0052 151 104 58
0.3204 0.0544 1.0052 151 100 57
0.3264 0.0544 1.0051 151 108 63
0.3325 0.0544 1.0051 157 113 68
0.3385 0.0544 1.0051 152 109 64
0.3445 0.0544 1.0051 154 110 65
0.3506 0.0544 1.0051 159 112 68
0.3566 0.0544 1.0050 154 109 67
0.3627 0.0544 1.0050 152 105 63
0.3687 0.0544 1.0050 143 100 58
0.3747 0.0544 1.0050 152 109 67
0.3808 0.0544 1.0050 145 102 60
0.3868 0.0544 1.0050 140 97 54
0.3929 0.0544 1.0050 153 108 66
0.3989 0.0544 1.0050 146 99 57
0.4049 0.0544 1.0050 150 106 61
0.4110 0.0544 1.0049 149 104 62
0.4170 0.0544 1.0049 145 103 55
0.4231 0.0544 1.0049 157 114 72
0.4291 0.0544 1.0049 143 99 52
0.4351 0.0544 1.0049 151 102 59
0.4412 0.0544 1.0049 148 106 56
0.4472 0.0544 1.0049 146 99 57
0.4533 0.0544 1.0049 150 103 61
0.4593 0.0544 1.0049 149 102 58
0.4654 0.0544 1.0049 152 103 60
0.4714 0.0544 1.0049 155 108 64
0.4774 0.0544 1.0049 143 99 54
0.4835 0.0544 1.0049 148 105 60
0.4895 0.0544 1.0049 147 103 58
0.4956 0.0544 1.0049 170 127 76
0.5016 0.0544 1.0049 170 124 72
0.5077 0.0544 1.0049 136 92 47
0.5137 0.0544 1.0050 169 125 80
0.5230 0.0547 1.0112 143 128 107
0.5767 0.0597 1.1022 137 174 203
0.5655 0.0578 1.0684 140 176 210
0.5719 0.0578 1.0684 151 186 216
0.5783 0.0578 1.0684 141 176 208
0.5847 0.0578 1.0684 138 177 208
0.5912 0.0578 1.0684 130 169 200
0.5976 0.0578 1.0684 142 177 207
0.6040 0.0578 1.0684 144 184 210
0.6104 0.0578 1.0684 140 176 208
-0.6169 0.0514 1.0684 140 177 204
-0.6104 0.0514 1.0684 137 174 203
-0.6040 0.0514 1.0684 144 180 212
-0.5976 0.0514 1.0684 139 175 207
-0.5912 0.0514 1.0684 146 181 211
-0.5847 0.0514 1.0684 143 182 211
-0.5783 0.0514 1.0684 135 171 203
-0.5719 0.0514 1.0684 143 180 209
-0.5681 0.0516 1.0735 138 174 206
-0.5537 0.0509 1.0582 139 172 203
-0.5198 0.0484 1.0051 150 127 96
-0.5137 0.0483 1.0048 166 119 73
-0.5076 0.0483 1.0048 158 117 63
-0.5016 0.0483 1.0048 172 126 76
-0.4955 0.0483 1.0049 169 121 73
-0.4895 0.0483 1.0048 135 93 45
-0.4834 0.0483 1.0048 155 112 61
-0.4774 0.0483 1.0048 151 107 58
-0.4713 0.0483 1.0048 149 101 55
-0.4653 0.0483 1.0048 154 105 62
-0.4592 0.0483 1.0048 148 104 55
-0.4532 0.0483 1.0047 150 106 57
-0.4471 0.0483 1.0047 155 111 64
-0.4411 0.0483 1.0047 155 111 64
-0.4350 0.0483 1.0047 156 109 67
-0.4290 0.0483 1.0047 156 109 65
-0.4230 0.0483 1.0047 148 103 61
-0.4169 0.0483 1.0047 153 107 58
-0.4109 0.0483 1.0047 147 104 61
-0.4048 0.0483 1.0047 149 106 63
-0.3988 0.0483 1.0047 155 108 66
-0.3928 0.0483 1.0047 151 104 60
-0.3867 0.0483 1.0047 157 110 64
-0.3807 0.0483 1.0047 155 107 67
-0.3746 0.0483 1.0047 156 109 65
-0.3686 0.0483 1.0048 149 105 56
-0.3626 0.0483 1.0048 154 109 67
-0.3565 0.0483 1.0048 152 110 62
-0.3505 0.0483 1.0048 146 102 53
-0.3445 0.0483 1.0048 154 106 58
-0.3384 0.0483 1.0049 157 110 66
-0.3324 0.0483 1.0049 151 106 64
-0.3264 0.0483 1.0049 155 110 68
-0.3203 0.0483 1.0049 153 108 66
-0.3143 0.0484 1.0050 145 100 59
-0.3082 0.0484 1.0050 155 110 68
-0.3022 0.0484 1.0050 164 120 75
-0.2962 0.0484 1.0050 165 121 72
-0.2901 0.0484 1.0051 167 119 70
-0.2841 0.0484 1.0051 162 116 66
-0.2781 0.0484 1.0051 172 126 76
-0.2720 0.0484 1.0051 173 127 77
-0.2660 0.0484 1.0051 162 118 69
-0.2599 0.0484 1.0052 166 122 73
-0.2539 0.0484 1.0052 161 118 65
-0.2479 0.0484 1.0052 165 123 73
-0.2418 0.0484 1.0052 162 121 75
-0.2358 0.0484 1.0053 172 126 77
-0.2297 0.0484 1.0053 158 112 63
-0.2237 0.0484 1.0053 163 117 67
-0.2177 0.0484 1.0053 165 121 72
-0.2116 0.0484 1.0053 166 123 72
-0.2056 0.0484 1.0054 160 117 64
-0.1995 0.0484 1.0054 166 123 72
-0.1935 0.0484 1.0054 163 120 69
-0.1874 0.0484 1.0054 176 130 80
-0.1814 0.0484 1.0054 174 128 79
-0.1754 0.0484 1.0054 161 117 70
-0.1693 0.0484 1.0055 162 118 69
-0.1633 0.0484 1.0055 166 122 75
-0.1572 0.0484 1.0055 144 100 53
-0.1512 0.0484 1.0055 159 115 66
-0.1451 0.0484 1.0055 166 118 69
-0.1391 0.0484 1.0055 166 118 69
-0.1330 0.0484 1.0055 174 128 78
-0.1270 0.0484 1.0055 165 122 71
-0.1209 0.0484 1.0055 165 119 69
-0.1149 0.0484 1.0055 161 115 66
-0.1089 0.0484 1.0055 158 115 64
-0.1028 0.0484 1.0055 165 119 69
-0.0968 0.0484 1.0055 171 123 75
-0.0907 0.0484 1.0056 160 114 65
-0.0847 0.0484 1.0056 164 118 69
-0.0786 0.0484 1.0056 161 115 66
-0.0726 0.0484 1.0056 158 118 67
-0.0665 0.0484 1.0056 170 124 74
-0.0605 0.0484 1.0056 162 119 68
-0.0544 0.0484 1.0055 167 119 70
-0.0484 0.0484 1.0055 164 119 64
-0.0423 0.0484 1.0055 160 113 67
-0.0363 0.0484 1.0055 164 120 73
-0.0302 0.0484 1.0055 176 128 79
-0.0242 0.0484 1.0055 166 118 69
-0.0181 0.0484 1.0055 158 115 64
-0.0121 0.0484 1.0055 161 118 67
-0.0060 0.0484 1.0056 171 125 75
0.0000 0.0484 1.0056 168 122 73
0.0060 0.0484 1.0056 165 119 70
0.0121 0.0484 1.0056 165 121 72
0.0181 0.0484 1.0056 165 122 71
0.0242 0.0484 1.0056 161 119 71
0.0302 0.0484 1.0056 163 117 68
0.0363 0.0484 1.0056 166 123 72
0.0423 0.0484 1.0056 162 116 67
0.0484 0.0484 1.0056 170 124 74
0.0544 0.0484 1.0056 168 122 72
0.0605 0.0484 1.0056 163 115 66
0.0665 0.0484 1.0055 164 116 67
0.0726 0.0484 1.0055 161 115 65
0.0786 0.0484 1.0055 165 122 71
0.0847 0.0484 1.0055 172 125 71
0.0907 0.0484 1.0055 170 123 81
0.0968 0.0484 1.0055 168 126 76
0.1028 0.0484 1.0055 164 123 71
0.1088 0.0484 1.0055 166 123 70
0.1149 0.0484 1.0055 165 117 71
0.1209 0.0484 1.0055 160 112 66
0.1270 0.0484 1.0055 159 113 64
0.1330 0.0484 1.0055 165 117 69
0.1391 0.0484 1.0055 162 116 67
0.1451 0.0484 1.0055 160 114 64
0.1512 0.0484 1.0055 168 124 75
0.1572 0.0484 1.0054 162 118 69
0.1633 0.0484 1.0054 162 121 69
0.1693 0.0484 1.0054 165 118 72
0.1754 0.0484 1.0054 137 93 44
0.1814 0.0484 1.0054 165 121 72
0.1874 0.0484 1.0054 161 115 66
0.1935 0.0484 1.0054 165 122 71
0.1995 0.0484 1.0054 170 124 74
0.2056 0.0484 1.0053 165 117 69
0.2116 0.0484 1.0053 162 115 69
0.2177 0.0484 1.0053 167 121 71
0.2237 0.0484 1.0053 166 120 68
0.2297 0.0484 1.0053 168 125 72
0.2358 0.0484 1.0053 173 127 75
0.2418 0.0484 1.0053 166 120 71
0.2479 0.0484 1.0053 161 118 67
0.2539 0.0484 1.0053 166 125 69
0.2600 0.0484 1.0053 166 119 73
0.2660 0.0484 1.0053 163 116 70
0.2721 0.0484 1.0053 164 120 73
0.2781 0.0484 1.0052 165 119 70
0.2841 0.0484 1.0052 168 122 73
0.2902 0.0484 1.0052 168 125 80
0.2962 0.0484 1.0052 164 120 73
0.3023 0.0484 1.0052 163 115 67
0.3083 0.0484 1.0052 153 109 62
0.3143 0.0484 1.0052 148 104 59
0.3204 0.0484 1.0051 153 110 65
0.3264 0.0484 1.0051 146 103 60
0.3325 0.0484 1.0051 144 100 53
0.3385 0.0484 1.0051 152 105 59
0.3445 0.0484 1.0051 151 104 60
0.3506 0.0484 1.0051 142 98 51
0.3566 0.0484 1.0050 148 104 59
0.3627 0.0484 1.0050 151 107 60
0.3687 0.0484 1.0050 154 112 64
0.3747 0.0484 1.0050 147 104 59
0.3808 0.0484 1.0050 149 106 61
0.3868 0.0484 1.0050 158 112 63
0.3929 0.0484 1.0050 156 114 66
0.3989 0.0484 1.0050 146 103 58
0.4049 0.0484 1.0050 145 98 54
0.4110 0.0484 1.0049 154 105 62
0.4170 0.0484 1.0049 154 110 61
0.4231 0.0483 1.0049 152 105 59
0.4291 0.0483 1.0049 154 110 65
0.4351 0.0483 1.0049 153 106 62
0.4412 0.0483 1.0049 155 113 65
0.4472 0.0483 1.0049 151 104 60
0.4533 0.0483 1.0049 148 101 59
0.4593 0.0483 1.0049 154 110 63
0.4654 0.0483 1.0049 151 104 58
0.4714 0.0483 1.0049 153 104 61
0.4775 0.0483 1.0049 144 97 53
0.4835 0.0484 1.0049 150 105 63
0.4895 0.0484 1.0049 151 104 60
0.4956 0.0483 1.0049 161 118 67
0.5016 0.0483 1.0049 169 125 76
0.5077 0.0484 1.0049 143 99 54
0.5138 0.0484 1.0050 162 114 66
0.5228 0.0486 1.0109 144 129 108
0.5773 0.0531 1.1033 143 182 211
0.5655 0.0514 1.0684 146 182 208
0.5719 0.0514 1.0684 143 180 209
0.5783 0.0514 1.0684 139 181 206
0.5847 0.0514 1.0684 144 183 212
0.5912 0.0514 1.0684 142 179 208
0.5976 0.0514 1.0684 136 175 204
0.6040 0.0514 1.0684 142 177 207
0.6104 0.0514 1.0684 135 170 202
-0.6169 0.0450 1.0684 146 177 206
-0.6104 0.0450 1.0684 141 174 207
-0.6040 0.0450 1.0684 144 177 208
-0.5976 0.0450 1.0684 139 174 204
-0.5912 0.0450 1.0684 147 180 211
-0.5847 0.0450 1.0684 148 185 214
-0.5783 0.0450 1.0684 141 178 207
-0.5719 0.0450 1.0684 138 175 202
-0.5685 0.0452 1.0742 136 173 200
-0.5509 0.0443 1.0529 145 182 208
-0.5198 0.0423 1.0051 146 123 91
-0.5137 0.0423 1.0048 161 117 68
-0.5076 0.0423 1.0048 171 125 73
-0.5016 0.0423 1.0048 167 121 71
-0.4955 0.0423 1.0048 164 123 71
-0.4895 0.0423 1.0048 130 86 41
-0.4834 0.0423 1.0048 152 107 65
-0.4774 0.0423 1.0048 153 108 67
-0.4713 0.0423 1.0048 139 96 53
-0.4653 0.0423 1.0048 156 112 67
-0.4592 0.0423 1.0047 151 107 60
-0.4532 0.0423 1.0047 151 107 62
-0.4471 0.0423 1.0047 144 99 57
-0.4411 0.0423 1.0047 149 105 60
-0.4350 0.0423 1.0047 149 105 58
-0.4290 0.0423 1.0047 145 102 60
-0.4230 0.0423 1.0047 152 108 61
-0.4169 0.0423 1.0047 152 105 61
-0.4109 0.0423 1.0047 148 105 60
-0.4048 0.0423 1.0047 148 103 61
-0.3988 0.0423 1.0047 156 107 66
-0.3927 0.0423 1.0047 153 104 61
-0.3867 0.0423 1.0047 148 101 57
-0.3807 0.0423 1.0047 149 102 58
-0.3746 0.0423 1.0047 150 106 61
-0.3686 0.0423 1.0047 153 106 60
-0.3626 0.0423 1.0048 151 99 59
-0.3565 0.0423 1.0048 149 105 60
-0.3505 0.0423 1.0048 149 105 60
-0.3445 0.0423 1.0048 147 103 58
-0.3384 0.0423 1.0049 152 108 63
-0.3324 0.0423 1.0049 154 110 65
-0.3264 0.0423 1.0049 146 102 55
-0.3203 0.0423 1.0049 153 111 63
-0.3143 0.0423 1.0049 142 98 53
-0.3082 0.0423 1.0050 150 102 56
-0.3022 0.0423 1.0050 169 125 76
-0.2962 0.0423 1.0050 158 112 60
-0.2901 0.0423 1.0051 166 120 70
-0.2841 0.0423 1.0051 166 120 70
-0.2781 0.0423 1.0051 167 121 72
-0.2720 0.0423 1.0051 165 122 71
-0.2660 0.0423 1.0051 163 119 70
-0.2599 0.0423 1.0052 161 118 67
-0.2539 0.0423 1.0052 165 122 71
-0.2479 0.0423 1.0052 168 122 73
-0.2418 0.0423 1.0052 160 118 70
-0.2358 0.0423 1.0053 173 127 78
-0.2297 0.0423 1.0053 169 123 74
-0.2237 0.0423 1.0053 165 119 69
-0.2177 0.0423 1.0053 172 128 79
-0.2116 0.0423 1.0053 160 117 66
-0.2056 0.0423 1.0053 160 116 67
-0.1995 0.0423 1.0054 167 121 71
-0.1935 0.0423 1.0054 158 115 62
-0.1874 0.0423 1.0054 162 119 66
-0.1814 0.0423 1.0054 167 121 69
-0.1754 0.0423 1.0054 164 121 70
-0.1693 0.0423 1.0054 165 122 69
-0.1633 0.0423 1.0054 161 118 67
-0.1572 0.0423 1.0055 138 94 45
-0.1512 0.0423 1.0055 169 123 74
-0.1451 0.0423 1.0055 160 114 62
-0.1391 0.0423 1.0055 168 124 75
-0.1330 0.0423 1.0055 161 118 65
-0.1270 0.0423 1.0055 165 122 71
-0.1209 0.0423 1.0055 163 122 70
-0.1149 0.0423 1.0055 165 117 69
-0.1088 0.0423 1.0055 163 117 65
-0.1028 0.0423 1.0055 164 121 68
-0.0968 0.0423 1.0055 167 124 73
-0.0907 0.0423 1.0055 168 125 74
-0.0847 0.0423 1.0055 164 118 69
-0.0786 0.0423 1.0055 169 121 75
-0.0726 0.0423 1.0055 167 127 75
-0.0665 0.0423 1.0055 171 125 75
-0.0605 0.0423 1.0055 169 128 76
-0.0544 0.0423 1.0055 169 122 70
-0.0484 0.0423 1.0055 163 117 67
-0.0423 0.0423 1.0055 170 124 75
-0.0363 0.0423 1.0055 162 119 66
-0.0302 0.0423 1.0055 165 121 72
-0.0242 0.0423 1.0055 168 122 73
-0.0181 0.0423 1.0055 164 116 67
-0.0121 0.0423 1.0055 177 127 78
-0.0060 0.0423 1.0055 161 113 64
0.0000 0.0423 1.0055 166 120 71
0.0060 0.0423 1.0055 159 112 66
0.0121 0.0423 1.0055 167 120 74
0.0181 0.0423 1.0055 169 122 76
0.0242 0.0423 1.0056 161 120 68
0.0302 0.0423 1.0056 170 123 71
0.0363 0.0423 1.0056 169 123 71
0.0423 0.0423 1.0056 172 126 74
0.0484 0.0423 1.0055 162 116 67
0.0544 0.0423 1.0055 171 125 76
0.0605 0.0423 1.0055 165 118 72
0.0665 0.0423 1.0055 171 124 78
0.0726 0.0423 1.0055 160 112 63
0.0786 0.0423 1.0055 163 117 68
0.0847 0.0423 1.0055 168 123 68
0.0907 0.0423 1.0055 168 121 77
0.0968 0.0423 1.0055 175 125 76
0.1028 0.0423 1.0055 173 125 77
0.1088 0.0423 1.0055 173 130 79
0.1149 0.0423 1.0055 157 116 62
0.1209 0.0423 1.0055 163 117 67
0.1270 0.0423 1.0055 169 122 68
0.1330 0.0423 1.0055 165 117 69
0.1391 0.0423 1.0055 167 120 74
0.1451 0.0423 1.0054 173 126 80
0.1512 0.0423 1.0054 164 120 73
0.1572 0.0423 1.0054 162 118 71
0.1633 0.0423 1.0054 166 124 74
0.1693 0.0423 1.0054 163 117 68
0.1753 0.0423 1.0054 142 97 55
0.1814 0.0423 1.0054 164 116 68
0.1874 0.0423 1.0054 160 114 64
0.1935 0.0423 1.0053 159 115 66
0.1995 0.0423 1.0053 172 126 76
0.2056 0.0423 1.0053 170 124 72
0.2116 0.0423 1.0053 175 129 77
0.2177 0.0423 1.0053 169 123 71
0.2237 0.0423 1.0053 169 123 71
0.2297 0.0423 1.0053 164 121 68
0.2358 0.0423 1.0053 169 126 73
0.2418 0.0423 1.0053 165 120 65
0.2479 0.0423 1.0053 168 125 72
0.2539 0.0423 1.0053 165 123 65
0.2600 0.0423 1.0053 173 127 77
0.2660 0.0423 1.0053 167 119 70
0.2721 0.0423 1.0052 170 127 76
0.2781 0.0423 1.0052 163 117 67
0.2841 0.0423 1.0052 158 112 60
0.2902 0.0423 1.0052 166 118 70
0.2962 0.0423 1.0052 173 125 77
0.3023 0.0423 1.0052 169 123 74
0.3083 0.0423 1.0052 141 94 48
0.3143 0.0423 1.0051 146 101 59
0.3204 0.0423 1.0051 151 102 62
0.3264 0.0423 1.0051 153 106 62
0.3325 0.0423 1.0051 153 111 63
0.3385 0.0423 1.0051 147 103 58
0.3445 0.0423 1.0051 148 101 55
0.3506 0.0423 1.0051 150 106 57
0.3566 0.0423 1.0050 160 116 69
0.3627 0.0423 1.0050 153 109 62
0.3687 0.0423 1.0050 148 101 55
0.3747 0.0423 1.0050 151 107 60
0.3808 0.0423 1.0050 150 112 65
0.3868 0.0423 1.0050 145 97 51
0.3929 0.0423 1.0050 159 110 67
0.3989 0.0423 1.0050 152 103 60
0.4049 0.0423 1.0050 150 103 59
0.4110 0.0423 1.0049 149 106 63
0.4170 0.0423 1.0049 149 105 60
0.4231 0.0423 1.0049 151 106 64
0.4291 0.0423 1.0049 152 105 63
0.4351 0.0423 1.0049 154 107 65
0.4412 0.0423 1.0049 148 106 58
0.4472 0.0423 1.0049 141 97 52
0.4533 0.0423 1.0049 150 106 61
0.4593 0.0423 1.0049 148 104 59
0.4654 0.0423 1.0049 149 106 63
0.4714 0.0423 1.0049 148 105 60
0.4775 0.0423 1.0049 147 103 54
0.4835 0.0423 1.0049 156 109 63
0.4896 0.0423 1.0050 150 104 55
0.4956 0.0423 1.0049 167 121 69
0.5016 0.0423 1.0049 170 127 76
0.5077 0.0423 1.0050 133 90 45
0.5138 0.0423 1.0050 172 124 75
0.5228 0.0426 1.0107 140 128 106
0.5775 0.0465 1.1037 142 182 208
0.5655 0.0450 1.0684 142 175 206
0.5719 0.0450 1.0684 145 179 207
0.5783 0.0450 1.0684 148 183 213
0.5847 0.0450 1.0684 143 180 209
0.5912 0.0450 1.0684 152 192 218
0.5976 0.0450 1.0684 146 181 211
0.6040 0.0450 1.0684 137 174 203
0.6104 0.0450 1.0684 133 174 202
-0.6169 0.0386 1.0684 141 176 206
-0.6104 0.0386 1.0684 144 179 211
-0.6040 0.0386 1.0684 140 175 205
-0.5976 0.0386 1.0684 138 175 204
-0.5912 0.0386 1.0684 141 174 205
-0.5847 0.0386 1.0684 151 188 217
-0.5783 0.0386 1.0684 139 174 202
-0.5719 0.0386 1.0684 137 174 201
-0.5688 0.0388 1.0748 136 173 202
-0.5486 0.0378 1.0485 143 180 207
-0.5198 0.0363 1.0050 144 121 90
-0.5137 0.0363 1.0048 162 118 71
-0.5076 0.0363 1.0048 166 122 75
-0.5016 0.0363 1.0048 168 125 72
-0.4955 0.0363 1.0048 175 128 82
-0.4895 0.0363 1.0048 136 88 48
-0.4834 0.0363 1.0048 158 114 69
-0.4774 0.0363 1.0048 156 109 63
-0.4713 0.0363 1.0048 138 94 45
-0.4653 0.0363 1.0047 150 108 58
-0.4592 0.0363 1.0047 150 106 59
-0.4532 0.0363 1.0047 156 109 65
-0.4471 0.0363 1.0047 146 102 57
-0.4411 0.0363 1.0047 148 101 57
-0.4350 0.0363 1.0047 148 105 62
-0.4290 0.0363 1.0047 149 108 62
-0.4229 0.0363 1.0047 146 103 58
-0.4169 0.0363 1.0047 150 103 59
-0.4109 0.0363 1.0047 154 111 66
-0.4048 0.0363 1.0047 146 103 60
-0.3988 0.0363 1.0047 151 107 62
-0.3927 0.0363 1.0047 142 95 51
-0.3867 0.0363 1.0047 149 104 62
-0.3807 0.0363 1.0047 140 98 48
-0.3746 0.0363 1.0047 152 109 64
-0.3686 0.0363 1.0047 149 105 60
-0.3626 0.0363 1.0047 148 101 55
-0.3565 0.0363 1.0048 155 108 62
-0.3505 0.0363 1.0048 153 109 64
-0.3444 0.0363 1.0048 159 115 70
-0.3384 0.0363 1.0048 140 95 53
-0.3324 0.0363 1.0049 151 106 64
-0.3263 0.0363 1.0049 143 99 54
-0.3203 0.0363 1.0049 143 100 55
-0.3143 0.0363 1.0049 139 98 52
-0.3082 0.0363 1.0050 145 101 56
-0.3022 0.0363 1.0050 156 112 65
-0.2962 0.0363 1.0050 167 123 74
-0.2901 0.0363 1.0050 164 120 71
-0.2841 0.0363 1.0051 157 113 66
-0.2781 0.0363 1.0051 167 123 78
-0.2720 0.0363 1.0051 162 118 73
-0.2660 0.0363 1.0051 157 113 64
-0.2599 0.0363 1.0051 156 113 62
-0.2539 0.0363 1.0052 163 119 70
-0.2479 0.0363 1.0052 164 118 68
-0.2418 0.0363 1.0052 163 119 72
-0.2358 0.0363 1.0052 167 121 72
-0.2297 0.0363 1.0053 162 116 67
-0.2237 0.0363 1.0053 166 123 72
-0.2177 0.0363 1.0053 165 119 69
-0.2116 0.0363 1.0053 169 125 76
-0.2056 0.0363 1.0053 157 113 68
-0.1995 0.0363 1.0053 163 115 67
-0.1935 0.0363 1.0053 163 117 67
-0.1874 0.0363 1.0054 161 117 68
-0.1814 0.0363 1.0054 162 118 69
-0.1753 0.0363 1.0054 166 123 72
-0.1693 0.0363 1.0054 161 116 61
-0.1633 0.0363 1.0054 163 120 67
-0.1572 0.0363 1.0054 133 89 40
-0.1512 0.0363 1.0054 169 123 74
-0.1451 0.0363 1.0054 163 120 67
-0.1391 0.0363 1.0054 162 120 70
-0.1330 0.0363 1.0055 167 124 73
-0.1270 0.0363 1.0055 163 117 68
-0.1209 0.0363 1.0055 168 126 76
-0.1149 0.0363 1.0055 165 117 71
-0.1088 0.0363 1.0055 178 130 81
-0.1028 0.0363 1.0055 166 124 74
-0.0968 0.0363 1.0055 166 124 74
-0.0907 0.0363 1.0055 172 129 78
-0.0847 0.0363 1.0055 166 118 70
-0.0786 0.0363 1.0055 160 116 69
-0.0726 0.0363 1.0055 161 119 71
-0.0665 0.0363 1.0055 168 122 73
-0.0605 0.0363 1.0055 164 122 72
-0.0544 0.0363 1.0055 167 119 71
-0.0484 0.0363 1.0055 160 120 68
-0.0423 0.0363 1.0055 161 120 68
-0.0363 0.0363 1.0055 160 118 68
-0.0302 0.0363 1.0055 167 121 72
-0.0242 0.0363 1.0055 161 117 70
-0.0181 0.0363 1.0055 173 127 78
-0.0121 0.0363 1.0055 168 120 74
-0.0060 0.0363 1.0055 169 125 78
0.0000 0.0363 1.0055 167 121 71
0.0060 0.0363 1.0055 155 109 59
0.0121 0.0363 1.0055 166 120 71
0.0181 0.0363 1.0055 164 120 71
0.0242 0.0363 1.0055 166 122 73
0.0302 0.0363 1.0055 165 123 73
0.0363 0.0363 1.0055 156 109 63
0.0423 0.0363 1.0055 160 114 65
0.0484 0.0363 1.0055 166 123 72
0.0544 0.0363 1.0055 161 118 65
0.0605 0.0363 1.0055 160 117 66
0.0665 0.0363 1.0055 163 122 68
0.0726 0.0363 1.0055 164 118 68
0.0786 0.0363 1.0055 165 121 74
0.0847 0.0363 1.0055 161 120 66
0.0907 0.0363 1.0055 163 118 76
0.0968 0.0363 1.0055 165 119 70
0.1028 0.0363 1.0055 160 114 65
0.1088 0.0363 1.0055 165 122 71
0.1149 0.0363 1.0055 164 117 71
0.1209 0.0363 1.0054 163 120 69
0.1270 0.0363 1.0054 161 115 66
0.1330 0.0363 1.0054 167 123 76
0.1391 0.0363 1.0054 159 115 66
0.1451 0.0363 1.0054 163 120 69
0.1512 0.0363 1.0054 157 114 61
0.1572 0.0363 1.0054 164 123 69
0.1633 0.0363 1.0054 172 131 77
0.1693 0.0363 1.0054 165 122 69
0.1753 0.0363 1.0053 143 98 57
0.1814 0.0363 1.0053 159 111 63
0.1874 0.0363 1.0053 165 122 71
0.1935 0.0363 1.0053 171 129 79
0.1995 0.0363 1.0053 169 126 73
0.2056 0.0363 1.0053 168 122 72
0.2116 0.0363 1.0053 169 126 75
0.2176 0.0363 1.0053 160 116 67
0.2237 0.0363 1.0053 168 121 75
0.2297 0.0363 1.0053 165 118 72
0.2358 0.0363 1.0053 157 115 65
0.2418 0.0363 1.0052 155 111 62
0.2479 0.0363 1.0052 164 120 73
0.2539 0.0363 1.0052 165 121 72
0.2600 0.0363 1.0052 161 114 70
0.2660 0.0363 1.0052 168 122 72
0.2720 0.0363 1.0052 162 119 68
0.2781 0.0363 1.0052 162 116 67
0.2841 0.0363 1.0052 167 120 74
0.2902 0.0363 1.0052 169 127 77
0.2962 0.0363 1.0052 171 128 77
0.3023 0.0363 1.0052 166 118 69
0.3083 0.0363 1.0051 155 111 62
0.3143 0.0363 1.0051 145 105 56
0.3204 0.0363 1.0051 161 112 69
0.3264 0.0363 1.0051 152 105 63
0.3325 0.0363 1.0051 152 109 67
0.3385 0.0363 1.0051 147 104 59
0.3445 0.0363 1.0051 153 109 62
0.3506 0.0363 1.0050 147 105 55
0.3566 0.0363 1.0050 147 103 54
0.3627 0.0363 1.0050 145 104 58
0.3687 0.0363 1.0050 151 104 58
0.3747 0.0363 1.0050 162 114 68
0.3808 0.0363 1.0050 146 103 58
0.3868 0.0363 1.0050 143 102 58
0.3928 0.0363 1.0050 147 102 60
0.3989 0.0363 1.0049 144 95 52
0.4049 0.0363 1.0049 148 99 56
0.4110 0.0363 1.0049 153 110 67
0.4170 0.0363 1.0049 145 102 57
0.4231 0.0363 1.0049 147 104 61
0.4291 0.0363 1.0049 154 110 65
0.4351 0.0363 1.0049 144 96 56
0.4412 0.0363 1.0049 145 102 57
0.4472 0.0363 1.0049 155 111 64
0.4533 0.0363 1.0049 143 99 52
0.4593 0.0363 1.0049 155 104 59
0.4654 0.0363 1.0049 160 111 68
0.4714 0.0363 1.0049 152 107 65
0.4775 0.0363 1.0049 150 101 60
0.4835 0.0363 1.0050 145 98 54
0.4896 0.0363 1.0050 146 102 55
0.4956 0.0363 1.0049 161 115 66
0.5016 0.0363 1.0049 165 119 70
0.5077 0.0363 1.0050 138 95 50
0.5138 0.0363 1.0051 172 126 76
0.5227 0.0365 1.0106 141 129 107
0.5778 0.0398 1.1042 141 181 206
0.5655 0.0386 1.0684 140 174 209
0.5719 0.0386 1.0684 139 175 201
0.5783 0.0386 1.0684 141 176 206
0.5847 0.0386 1.0684 139 178 207
0.5912 0.0386 1.0684 135 177 202
0.5976 0.0386 1.0684 140 173 204
0.6040 0.0386 1.0684 145 182 209
0.6104 0.0386 1.0684 138 179 207
-0.6169 0.0321 1.0684 144 181 208
-0.6104 0.0321 1.0684 145 181 213
-0.6040 0.0321 1.0684 136 173 202
-0.5976 0.0321 1.0684 143 180 209
-0.5912 0.0321 1.0684 142 177 207
-0.5847 0.0321 1.0684 146 183 210
-0.5783 0.0321 1.0684 147 182 210
-0.5719 0.0321 1.0684 137 174 203
-0.5691 0.0323 1.0753 138 171 204
-0.5471 0.0314 1.0455 138 175 204
-0.5198 0.0302 1.0050 127 103 75
-0.5137 0.0302 1.0048 138 91 45
-0.5076 0.0302 1.0048 134 90 43
-0.5016 0.0302 1.0048 135 94 42
-0.4955 0.0302 1.0048 141 94 50
-0.4895 0.0302 1.0048 138 93 51
-0.4834 0.0302 1.0048 138 96 54
-0.4774 0.0302 1.0048 140 97 54
-0.4713 0.0302 1.0047 148 101 57
-0.4653 0.0302 1.0047 134 86 46
-0.4592 0.0302 1.0047 135 92 50
-0.4532 0.0302 1.0047 131 88 45
-0.4471 0.0302 1.0047 136 93 50
-0.4411 0.0302 1.0047 145 100 61
-0.4350 0.0302 1.0047 137 94 52
-0.4290 0.0302 1.0047 145 103 55
-0.4229 0.0302 1.0047 137 94 49
-0.4169 0.0302 1.0046 138 93 52
-0.4109 0.0302 1.0046 129 86 43
-0.4048 0.0302 1.0046 132 89 46
-0.3988 0.0302 1.0047 136 91 49
-0.3927 0.0302 1.0047 137 90 46
-0.3867 0.0302 1.0047 134 90 43
-0.3807 0.0302 1.0047 138 95 52
-0.3746 0.0302 1.0047 135 94 48
-0.3686 0.0302 1.0047 136 91 49
-0.3626 0.0302 1.0047 138 95 50
-0.3565 0.0302 1.0047 137 88 45
-0.3505 0.0302 1.0048 143 98 56
-0.3444 0.0302 1.0048 139 96 51
-0.3384 0.0302 1.0048 141 97 52
-0.3324 0.0302 1.0048 131 88 45
-0.3263 0.0302 1.0049 142 99 54
-0.3203 0.0302 1.0049 141 98 53
-0.3143 0.0302 1.0049 129 87 45
-0.3082 0.0302 1.0049 147 99 59
-0.3022 0.0302 1.0050 133 86 44
-0.2962 0.0302 1.0050 132 87 45
-0.2901 0.0302 1.0050 137 95 47
-0.2841 0.0302 1.0050 140 96 51
-0.2780 0.0302 1.0051 124 80 35
-0.2720 0.0302 1.0051 135 93 45
-0.2660 0.0302 1.0051 139 93 44
-0.2599 0.0302 1.0051 136 92 45
-0.2539 0.0302 1.0052 138 97 45
-0.2479 0.0302 1.0052 145 101 52
-0.2418 0.0302 1.0052 143 100 58
-0.2358 0.0302 1.0052 136 92 45
-0.2297 0.0302 1.0052 140 96 49
-0.2237 0.0302 1.0053 137 93 48
-0.2176 0.0302 1.0053 138 90 44
-0.2116 0.0302 1.0053 129 85 36
-0.2056 0.0302 1.0053 136 94 46
-0.1995 0.0302 1.0053 138 94 47
-0.1935 0.0302 1.0053 140 96 49
-0.1874 0.0302 1.0053 132 89 44
-0.1814 0.0302 1.0054 133 90 45
-0.1753 0.0302 1.0054 137 90 48
-0.1693 0.0302 1.0054 137 93 46
-0.1633 0.0302 1.0054 146 102 55
-0.1572 0.0302 1.0054 139 95 50
-0.1512 0.0302 1.0054 146 99 55
-0.1451 0.0302 1.0054 146 103 52
-0.1391 0.0302 1.0054 145 101 52
-0.1330 0.0302 1.0054 146 100 50
-0.1270 0.0302 1.0054 139 93 44
-0.1209 0.0302 1.0054 135 88 42
-0.1149 0.0302 1.0054 136 89 45
-0.1088 0.0302 1.0055 134 90 41
-0.1028 0.0302 1.0055 133 89 42
-0.0968 0.0302 1.0055 137 95 47
-0.0907 0.0302 1.0055 138 94 45
-0.0847 0.0302 1.0055 145 99 50
-0.0786 0.0302 1.0055 140 100 51
-0.0726 0.0302 1.0055 139 97 49
-0.0665 0.0302 1.0055 145 97 51
-0.0605 0.0302 1.0055 129 87 39
-0.0544 0.0302 1.0055 141 93 45
-0.0484 0.0302 1.0055 134 90 45
-0.0423 0.0302 1.0055 140 94 44
-0.0363 0.0302 1.0055 131 89 39
-0.0302 0.0302 1.0055 138 96 46
-0.0242 0.0302 1.0055 141 94 48
-0.0181 0.0302 1.0055 136 92 45
-0.0121 0.0302 1.0055 140 98 50
-0.0060 0.0302 1.0055 141 97 52
0.0000 0.0302 1.0055 137 93 44
0.0060 0.0302 1.0055 133 89 40
0.0121 0.0302 1.0055 131 87 40
0.0181 0.0302 1.0055 129 85 40
0.0242 0.0302 1.0055 142 100 52
0.0302 0.0302 1.0055 135 94 50
0.0363 0.0302 1.0055 134 89 47
0.0423 0.0302 1.0055 146 99 55
0.0484 0.0302 1.0055 139 95 50
0.0544 0.0302 1.0055 147 100 54
0.0605 0.0302 1.0055 138 91 47
0.0665 0.0302 1.0055 141 94 48
0.0726 0.0302 1.0055 139 97 47
0.0786 0.0302 1.0055 142 98 51
0.0847 0.0302 1.0055 137 96 44
0.0907 0.0302 1.0055 138 96 54
0.0967 0.0302 1.0054 143 102 50
0.1028 0.0302 1.0054 136 94 46
0.1088 0.0302 1.0054 132 89 44
0.1149 0.0302 1.0054 136 92 43
0.1209 0.0302 1.0054 141 97 48
0.1270 0.0302 1.0054 135 91 46
0.1330 0.0302 1.0054 135 93 45
0.1391 0.0302 1.0054 139 98 46
0.1451 0.0302 1.0054 139 96 51
0.1512 0.0302 1.0054 135 94 48
0.1572 0.0302 1.0054 144 103 57
0.1632 0.0302 1.0053 135 92 49
0.1693 0.0302 1.0053 140 96 49
0.1753 0.0302 1.0053 135 92 47
0.1814 0.0302 1.0053 139 95 50
0.1874 0.0302 1.0053 137 93 44
0.1935 0.0302 1.0053 134 91 46
0.1995 0.0302 1.0053 134 90 45
0.2056 0.0302 1.0053 135 91 46
0.2116 0.0302 1.0052 134 91 48
0.2176 0.0302 1.0052 147 103 58
0.2237 0.0302 1.0052 145 101 56
0.2297 0.0302 1.0052 139 95 50
0.2358 0.0302 1.0052 141 97 50
0.2418 0.0302 1.0052 139 92 46
0.2479 0.0302 1.0052 138 94 47
0.2539 0.0302 1.0052 136 92 43
0.2600 0.0302 1.0052 141 93 55
0.2660 0.0302 1.0052 140 94 45
0.2720 0.0302 1.0052 149 107 57
0.2781 0.0302 1.0052 135 91 44
0.2841 0.0302 1.0052 140 96 51
0.2902 0.0302 1.0052 141 92 49
0.2962 0.0302 1.0051 140 96 49
0.3022 0.0302 1.0051 136 94 44
0.3083 0.0302 1.0051 136 92 47
0.3143 0.0302 1.0051 139 96 51
0.3204 0.0302 1.0051 140 96 49
0.3264 0.0302 1.0051 139 95 50
0.3324 0.0302 1.0051 138 93 52
0.3385 0.0302 1.0051 136 91 50
0.3445 0.0302 1.0050 140 93 51
0.3506 0.0302 1.0050 136 92 47
0.3566 0.0302 1.0050 134 91 46
0.3626 0.0302 1.0050 146 101 59
0.3687 0.0302 1.0050 135 90 48
0.3747 0.0302 1.0050 141 94 52
0.3808 0.0302 1.0050 131 88 45
0.3868 0.0302 1.0049 133 89 44
0.3928 0.0302 1.0049 138 94 49
0.3989 0.0302 1.0049 136 92 47
0.4049 0.0302 1.0049 146 99 57
0.4110 0.0302 1.0049 141 96 54
0.4170 0.0302 1.0049 142 101 55
0.4231 0.0302 1.0049 142 94 54
0.4291 0.0302 1.0049 139 98 54
0.4351 0.0302 1.0049 135 86 43
0.4412 0.0302 1.0049 141 97 50
0.4472 0.0302 1.0049 139 95 50
0.4533 0.0302 1.0049 136 88 48
0.4593 0.0302 1.0049 141 97 52
0.4654 0.0302 1.0049 139 96 53
0.4714 0.0302 1.0049 133 90 47
0.4775 0.0302 1.0049 132 91 47
0.4835 0.0302 1.0050 140 97 54
0.4896 0.0302 1.0050 146 102 55
0.4956 0.0302 1.0049 142 98 51
0.5016 0.0302 1.0049 134 90 43
0.5077 0.0302 1.0049 139 96 53
0.5138 0.0302 1.0050 152 106 57
0.5225 0.0304 1.0102 107 92 73
0.5787 0.0333 1.1060 145 182 208
0.5655 0.0321 1.0684 144 179 209
0.5719 0.0321 1.0684 138 174 206
0.5783 0.0321 1.0684 137 174 201
0.5847 0.0321 1.0684 136 173 202
0.5912 0.0321 1.0684 142 177 205
0.5976 0.0321 1.0684 141 178 207
0.6040 0.0321 1.0684 134 169 197
0.6104 0.0321 1.0684 140 175 203
-0.6169 0.0257 1.0684 144 185 213
-0.6104 0.0257 1.0684 137 176 205
-0.6040 0.0257 1.0684 136 171 199
-0.5976 0.0257 1.0684 136 172 204
-0.5912 0.0257 1.0684 139 176 205
-0.5847 0.0257 1.0684 143 178 208
-0.5783 0.0257 1.0684 146 179 210
-0.5719 0.0257 1.0684 143 176 207
-0.5689 0.0259 1.0749 146 181 211
-0.5483 0.0252 1.0480 143 178 206
-0.5198 0.0242 1.0050 152 126 93
-0.5136 0.0242 1.0048 163 117 67
-0.5076 0.0242 1.0048 155 108 62
-0.5016 0.0242 1.0048 164 121 70
-0.4955 0.0242 1.0048 166 126 74
-0.4895 0.0242 1.0048 141 99 51
-0.4834 0.0242 1.0048 151 108 65
-0.4774 0.0242 1.0048 148 106 58
-0.4713 0.0242 1.0047 152 105 59
-0.4653 0.0242 1.0047 144 96 50
-0.4592 0.0242 1.0047 161 114 68
-0.4532 0.0242 1.0047 157 113 66
-0.4471 0.0242 1.0047 141 99 51
-0.4411 0.0242 1.0047 152 108 63
-0.4350 0.0242 1.0047 146 103 58
-0.4290 0.0242 1.0046 150 105 63
-0.4229 0.0242 1.0046 150 106 61
-0.4169 0.0242 1.0046 148 105 60
-0.4109 0.0242 1.0046 148 104 59
-0.4048 0.0242 1.0046 153 109 60
-0.3988 0.0242 1.0046 148 103 61
-0.3927 0.0242 1.0047 154 110 63
-0.3867 0.0242 1.0047 149 102 60
-0.3807 0.0242 1.0047 155 107 67
-0.3746 0.0242 1.0047 145 100 58
-0.3686 0.0242 1.0047 146 102 57
-0.3625 0.0242 1.0047 155 114 68
-0.3565 0.0242 1.0047 155 107 67
-0.3505 0.0242 1.0048 151 107 62
-0.3444 0.0242 1.0048 147 106 62
-0.3384 0.0242 1.0048 148 101 57
-0.3324 0.0242 1.0048 156 109 65
-0.3263 0.0242 1.0049 146 104 56
-0.3203 0.0242 1.0049 156 112 63
-0.3143 0.0242 1.0049 145 102 57
-0.3082 0.0242 1.0049 150 106 57
-0.3022 0.0242 1.0049 166 123 72
-0.2962 0.0242 1.0050 166 120 70
-0.2901 0.0242 1.0050 162 118 71
-0.2841 0.0242 1.0050 171 125 76
-0.2780 0.0242 1.0050 165 119 70
-0.2720 0.0242 1.0051 164 118 68
-0.2660 0.0242 1.0051 169 119 70
-0.2599 0.0242 1.0051 167 124 73
-0.2539 0.0242 1.0051 168 122 72
-0.2478 0.0242 1.0052 166 126 75
-0.2418 0.0242 1.0052 171 127 80
-0.2358 0.0242 1.0052 162 121 69
-0.2297 0.0242 1.0052 167 124 71
-0.2237 0.0242 1.0052 169 125 76
-0.2176 0.0242 1.0053 165 121 72
-0.2116 0.0242 1.0053 162 116 67
-0.2056 0.0242 1.0053 170 124 74
-0.1995 0.0242 1.0053 169 123 74
-0.1935 0.0242 1.0053 173 127 77
-0.1874 0.0242 1.0053 157 113 66
-0.1814 0.0242 1.0053 163 121 71
-0.1753 0.0242 1.0054 165 118 72
-0.1693 0.0242 1.0054 172 124 76
-0.1633 0.0242 1.0054 162 120 70
-0.1572 0.0242 1.0054 134 92 44
-0.1512 0.0242 1.0054 168 122 73
-0.1451 0.0242 1.0054 175 129 79
-0.1391 0.0242 1.0054 166 120 70
-0.1330 0.0242 1.0054 169 123 73
-0.1270 0.0242 1.0054 178 132 83
-0.1209 0.0242 1.0054 156 112 63
-0.1149 0.0242 1.0054 159 113 63
-0.1088 0.0242 1.0054 162 119 66
-0.1028 0.0242 1.0054 161 120 68
-0.0967 0.0242 1.0054 158 117 65
-0.0907 0.0242 1.0055 161 115 66
-0.0847 0.0242 1.0055 161 115 65
-0.0786 0.0242 1.0055 157 117 68
-0.0726 0.0242 1.0055 170 126 77
-0.0665 0.0242 1.0055 171 129 79
-0.0605 0.0242 1.0054 163 119 70
-0.0544 0.0242 1.0054 170 122 74
-0.0484 0.0242 1.0054 166 119 75
-0.0423 0.0242 1.0054 165 119 70
-0.0363 0.0242 1.0054 167 125 75
-0.0302 0.0242 1.0054 161 120 68
-0.0242 0.0242 1.0055 165 124 70
-0.0181 0.0242 1.0055 161 118 67
-0.0121 0.0242 1.0055 173 125 76
-0.0060 0.0242 1.0055 169 124 69
0.0000 0.0242 1.0055 161 120 68
0.0060 0.0242 1.0055 161 118 65
0.0121 0.0242 1.0055 163 117 68
0.0181 0.0242 1.0055 166 126 75
0.0242 0.0242 1.0055 164 118 66
0.0302 0.0242 1.0055 168 121 69
0.0363 0.0242 1.0055 166 123 72
0.0423 0.0242 1.0055 172 124 76
0.0484 0.0242 1.0055 164 118 68
0.0544 0.0242 1.0055 161 119 69
0.0605 0.0242 1.0055 166 123 70
0.0665 0.0242 1.0055 168 125 74
0.0726 0.0242 1.0055 170 127 76
0.0786 0.0242 1.0055 164 121 70
0.0847 0.0242 1.0054 162 121 69
0.0907 0.0242 1.0054 168 121 75
0.0967 0.0242 1.0054 167 124 71
0.1028 0.0242 1.0054 165 118 66
0.1088 0.0242 1.0054 162 119 68
0.1149 0.0242 1.0054 169 127 77
0.1209 0.0242 1.0054 167 120 68
0.1270 0.0242 1.0054 169 122 70
0.1330 0.0242 1.0054 162 119 68
0.1391 0.0242 1.0054 167 126 74
0.1451 0.0242 1.0054 158 117 65
0.1512 0.0242 1.0054 163 119 70
0.1572 0.0242 1.0053 171 125 75
0.1632 0.0242 1.0053 173 125 77
0.1693 0.0242 1.0053 159 115 68
0.1753 0.0242 1.0053 135 92 47
0.1814 0.0242 1.0053 161 119 71
0.1874 0.0242 1.0053 164 120 71
0.1935 0.0242 1.0053 162 118 69
0.1995 0.0242 1.0052 163 117 67
0.2055 0.0242 1.0052 169 126 73
0.2116 0.0242 1.0052 165 122 67
0.2176 0.0242 1.0052 166 123 70
0.2237 0.0242 1.0052 171 128 77
0.2297 0.0242 1.0052 165 121 72
0.2358 0.0242 1.0052 170 122 73
0.2418 0.0242 1.0052 165 117 68
0.2479 0.0242 1.0052 165 118 72
0.2539 0.0242 1.0052 167 121 69
0.2599 0.0242 1.0052 163 115 69
0.2660 0.0242 1.0052 164 123 71
0.2720 0.0242 1.0052 165 118 72
0.2781 0.0242 1.0052 162 116 67
0.2841 0.0242 1.0051 166 123 72
0.2902 0.0242 1.0051 157 114 63
0.2962 0.0242 1.0051 166 123 72
0.3022 0.0242 1.0051 166 123 70
0.3083 0.0242 1.0051 148 104 57
0.3143 0.0242 1.0051 142 101 57
0.3204 0.0242 1.0051 148 106 56
0.3264 0.0242 1.0051 146 103 58
0.3324 0.0242 1.0051 148 101 59
0.3385 0.0242 1.0050 153 106 62
0.3445 0.0242 1.0050 160 116 71
0.3506 0.0242 1.0050 146 103 58
0.3566 0.0242 1.0050 147 106 60
0.3626 0.0242 1.0050 146 103 58
0.3687 0.0242 1.0050 154 105 62
0.3747 0.0242 1.0050 153 109 64
0.3808 0.0242 1.0050 154 107 63
0.3868 0.0242 1.0049 144 100 55
0.3928 0.0242 1.0049 146 103 58
0.3989 0.0242 1.0049 151 104 58
0.4049 0.0242 1.0049 156 109 65
0.4110 0.0242 1.0049 150 103 59
0.4170 0.0242 1.0049 152 108 63
0.4231 0.0242 1.0049 149 106 63
0.4291 0.0242 1.0049 140 95 53
0.4351 0.0242 1.0049 160 115 73
0.4412 0.0242 1.0049 148 104 59
0.4472 0.0242 1.0049 143 100 55
0.4533 0.0242 1.0049 149 104 62
0.4593 0.0242 1.0049 149 101 61
0.4654 0.0242 1.0049 159 110 69
0.4714 0.0242 1.0049 152 103 60
0.4775 0.0242 1.0049 146 99 55
0.4835 0.0242 1.0050 146 97 56
0.4896 0.0242 1.0050 145 101 56
0.4956 0.0242 1.0049 168 120 72
0.5016 0.0242 1.0049 164 117 71
0.5077 0.0242 1.0049 144 103 57
0.5138 0.0242 1.0050 162 116 64
0.5223 0.0243 1.0098 142 130 108
0.5795 0.0266 1.1076 140 171 200
0.5655 0.0257 1.0684 133 170 199
0.5719 0.0257 1.0684 145 184 213
0.5783 0.0257 1.0684 139 176 205
0.5847 0.0257 1.0684 145 178 209
0.5912 0.0257 1.0684 139 172 203
0.5976 0.0257 1.0684 143 177 205
0.6040 0.0257 1.0684 146 180 208
0.6104 0.0257 1.0684 143 177 205
-0.6169 0.0193 1.0684 151 185 213
-0.6104 0.0193 1.0684 141 174 205
-0.6040 0.0193 1.0684 145 180 212
-0.5976 0.0193 1.0684 137 177 202
-0.5912 0.0193 1.0684 145 178 211
-0.5847 0.0193 1.0684 141 174 205
-0.5783 0.0193 1.0684 141 178 205
-0.5719 0.0193 1.0684 143 180 209
-0.5681 0.0194 1.0735 138 177 208
-0.5538 0.0191 1.0584 141 178 207
-0.5198 0.0181 1.0051 154 127 98
-0.5136 0.0181 1.0048 159 112 66
-0.5076 0.0181 1.0048 169 123 74
-0.5016 0.0181 1.0048 161 118 73
-0.4955 0.0181 1.0048 167 124 71
-0.4895 0.0181 1.0048 136 88 48
-0.4834 0.0181 1.0048 145 101 56
-0.4774 0.0181 1.0047 153 113 64
-0.4713 0.0181 1.0047 147 103 58
-0.4653 0.0181 1.0047 149 104 62
-0.4592 0.0181 1.0047 145 102 59
-0.4532 0.0181 1.0047 150 105 63
-0.4471 0.0181 1.0047 146 101 59
-0.4411 0.0181 1.0046 151 108 65
-0.4350 0.0181 1.0046 149 108 62
-0.4290 0.0181 1.0046 148 104 59
-0.4229 0.0181 1.0046 147 103 58
-0.4169 0.0181 1.0046 153 109 62
-0.4108 0.0181 1.0046 150 105 63
-0.4048 0.0181 1.0046 151 106 65
-0.3988 0.0181 1.0046 148 104 59
-0.3927 0.0181 1.0046 150 106 61
-0.3867 0.0181 1.0047 149 105 58
-0.3807 0.0181 1.0047 153 110 65
-0.3746 0.0181 1.0047 145 102 59
-0.3686 0.0181 1.0047 144 101 56
-0.3625 0.0181 1.0047 153 110 67
-0.3565 0.0181 1.0047 151 104 62
-0.3505 0.0181 1.0047 150 105 63
-0.3444 0.0181 1.0048 151 107 60
-0.3384 0.0181 1.0048 149 100 59
-0.3324 0.0181 1.0048 140 93 49
-0.3263 0.0181 1.0048 144 101 56
-0.3203 0.0181 1.0049 144 100 55
-0.3143 0.0181 1.0049 150 106 61
-0.3082 0.0181 1.0049 150 106 57
-0.3022 0.0181 1.0049 168 125 72
-0.2962 0.0181 1.0050 167 123 74
-0.2901 0.0181 1.0050 162 118 73
-0.2841 0.0181 1.0050 162 118 71
-0.2780 0.0181 1.0050 164 120 71
-0.2720 0.0181 1.0051 152 111 59
-0.2660 0.0181 1.0051 168 120 72
-0.2599 0.0181 1.0051 169 125 76
-0.2539 0.0181 1.0051 163 117 68
-0.2478 0.0181 1.0052 162 120 70
-0.2418 0.0181 1.0052 165 117 71
-0.2358 0.0181 1.0052 166 123 72
-0.2297 0.0181 1.0052 159 113 61
-0.2237 0.0181 1.0052 173 127 75
-0.2176 0.0181 1.0052 165 121 72
-0.2116 0.0181 1.0053 169 123 74
-0.2056 0.0181 1.0053 168 120 72
-0.1995 0.0181 1.0053 168 121 75
-0.1935 0.0181 1.0053 159 116 65
-0.1874 0.0181 1.0053 159 115 68
-0.1814 0.0181 1.0053 162 116 67
-0.1753 0.0181 1.0053 167 121 71
-0.1693 0.0181 1.0053 157 114 63
-0.1632 0.0181 1.0054 175 129 80
-0.1572 0.0181 1.0054 133 93 42
-0.1512 0.0181 1.0054 169 127 77
-0.1451 0.0181 1.0054 164 118 68
-0.1391 0.0181 1.0054 158 114 65
-0.1330 0.0181 1.0054 170 126 77
-0.1270 0.0181 1.0054 161 117 68
-0.1209 0.0181 1.0054 164 120 73
-0.1149 0.0181 1.0054 162 116 67
-0.1088 0.0181 1.0054 168 122 73
-0.1028 0.0181 1.0054 151 109 61
-0.0967 0.0181 1.0054 170 124 74
-0.0907 0.0181 1.0054 161 115 65
-0.0847 0.0181 1.0054 161 118 65
-0.0786 0.0181 1.0054 169 125 76
-0.0726 0.0181 1.0054 167 125 75
-0.0665 0.0181 1.0054 167 124 73
-0.0605 0.0181 1.0054 163 117 67
-0.0544 0.0181 1.0054 166 120 70
-0.0484 0.0181 1.0054 162 116 67
-0.0423 0.0181 1.0054 173 127 75
-0.0363 0.0181 1.0054 168 125 72
-0.0302 0.0181 1.0054 169 124 67
-0.0242 0.0181 1.0055 173 127 78
-0.0181 0.0181 1.0055 164 118 69
-0.0121 0.0181 1.0055 161 115 66
-0.0060 0.0181 1.0055 148 107 55
0.0000 0.0181 1.0055 157 120 67
0.0060 0.0181 1.0055 174 126 77
0.0121 0.0181 1.0055 173 131 81
0.0181 0.0181 1.0055 160 118 68
0.0242 0.0181 1.0055 166 120 68
0.0302 0.0181 1.0055 165 118 66
0.0363 0.0181 1.0055 165 122 71
0.0423 0.0181 1.0055 166 119 73
0.0484 0.0181 1.0055 159 116 65
0.0544 0.0181 1.0055 160 120 69
0.0605 0.0181 1.0055 163 122 68
0.0665 0.0181 1.0055 159 117 67
0.0726 0.0181 1.0055 169 129 80
0.0786 0.0181 1.0054 160 118 70
0.0847 0.0181 1.0054 159 117 67
0.0907 0.0181 1.0054 171 129 79
0.0967 0.0181 1.0054 163 117 67
0.1028 0.0181 1.0054 164 121 70
0.1088 0.0181 1.0054 159 113 64
0.1149 0.0181 1.0054 165 117 68
0.1209 0.0181 1.0054 165 122 71
0.1270 0.0181 1.0054 166 119 67
0.1330 0.0181 1.0054 162 118 71
0.1391 0.0181 1.0054 163 119 70
0.1451 0.0181 1.0054 170 124 74
0.1512 0.0181 1.0053 169 121 73
0.1572 0.0181 1.0053 171 125 73
0.1632 0.0181 1.0053 164 121 68
0.1693 0.0181 1.0053 167 124 71
0.1753 0.0181 1.0053 138 96 46
0.1814 0.0181 1.0053 167 124 73
0.1874 0.0181 1.0053 163 118 63
0.1935 0.0181 1.0052 166 122 73
0.1995 0.0181 1.0052 160 113 67
0.2055 0.0181 1.0052 164 118 69
0.2116 0.0181 1.0052 165 117 69
0.2176 0.0181 1.0052 164 117 65
0.2237 0.0181 1.0052 165 119 67
0.2297 0.0181 1.0052 166 125 73
0.2358 0.0181 1.0052 167 126 72
0.2418 0.0181 1.0052 157 114 63
0.2479 0.0181 1.0052 157 113 68
0.2539 0.0181 1.0052 157 114 63
0.2599 0.0181 1.0052 163 119 74
0.2660 0.0181 1.0052 166 120 71
0.2720 0.0181 1.0052 171 123 77
0.2781 0.0181 1.0051 164 120 73
0.2841 0.0181 1.0051 173 130 79
0.2902 0.0181 1.0051 158 114 65
0.2962 0.0181 1.0051 169 126 73
0.3022 0.0181 1.0051 163 121 71
0.3083 0.0181 1.0051 145 102 60
0.3143 0.0181 1.0051 140 95 54
0.3204 0.0181 1.0051 149 105 60
0.3264 0.0181 1.0051 148 104 55
0.3324 0.0181 1.0050 156 112 65
0.3385 0.0181 1.0050 153 108 67
0.3445 0.0181 1.0050 148 103 61
0.3506 0.0181 1.0050 146 102 55
0.3566 0.0181 1.0050 148 104 55
0.3626 0.0181 1.0050 148 101 57
0.3687 0.0181 1.0050 141 100 54
0.3747 0.0181 1.0050 152 107 65
0.3808 0.0181 1.0049 146 99 57
0.3868 0.0181 1.0049 141 98 53
0.3928 0.0181 1.0049 150 105 64
0.3989 0.0181 1.0049 148 101 59
0.4049 0.0181 1.0049 149 100 59
0.4110 0.0181 1.0049 156 111 69
0.4170 0.0181 1.0049 145 96 53
0.4231 0.0181 1.0049 139 98 54
0.4291 0.0181 1.0049 147 105 57
0.4351 0.0181 1.0049 155 111 64
0.4412 0.0181 1.0049 150 106 59
0.4472 0.0181 1.0049 151 109 61
0.4533 0.0181 1.0049 151 107 62
0.4593 0.0181 1.0049 150 105 63
0.4654 0.0181 1.0049 147 103 58
0.4714 0.0181 1.0049 157 110 64
0.4775 0.0181 1.0049 154 110 63
0.4835 0.0181 1.0050 153 110 67
0.4896 0.0181 1.0050 147 99 53
0.4956 0.0181 1.0049 164 121 70
0.5016 0.0181 1.0049 152 111 59
0.5077 0.0181 1.0049 146 94 54
0.5138 0.0181 1.0050 164 116 68
0.5222 0.0182 1.0097 146 127 110
0.5799 0.0200 1.1083 133 175 200
0.5655 0.0193 1.0684 146 181 211
0.5719 0.0193 1.0684 138 175 204
0.5783 0.0193 1.0684 138 175 204
0.5847 0.0193 1.0684 144 181 210
0.5912 0.0193 1.0684 145 182 211
0.5976 0.0193 1.0684 138 175 202
0.6040 0.0193 1.0684 136 173 200
0.6104 0.0193 1.0684 136 171 199
-0.6169 0.0129 1.0684 138 171 206
-0.6104 0.0129 1.0684 136 169 202
-0.6040 0.0129 1.0684 139 174 204
-0.5976 0.0129 1.0684 143 178 208
-0.5912 0.0129 1.0684 139 174 204
-0.5847 0.0129 1.0684 132 167 197
-0.5783 0.0129 1.0684 147 184 211
-0.5719 0.0129 1.0684 138 173 201
-0.5674 0.0129 1.0722 138 175 204
-0.5616 0.0129 1.0734 140 180 206
-0.5199 0.0121 1.0052 150 127 96
-0.5136 0.0121 1.0047 168 124 75
-0.5076 0.0121 1.0047 167 119 70
-0.5015 0.0121 1.0048 164 118 68
-0.4955 0.0121 1.0048 160 114 64
-0.4895 0.0121 1.0048 141 95 46
-0.4834 0.0121 1.0047 151 104 60
-0.4774 0.0121 1.0047 148 104 59
-0.4713 0.0121 1.0047 154 107 63
-0.4653 0.0121 1.0047 139 94 52
-0.4592 0.0121 1.0047 145 102 59
-0.4532 0.0121 1.0047 152 105 61
-0.4471 0.0121 1.0046 157 109 63
-0.4411 0.0121 1.0046 155 111 64
-0.4350 0.0121 1.0046 147 104 59
-0.4290 0.0121 1.0046 149 106 63
-0.4229 0.0121 1.0046 149 105 60
-0.4169 0.0121 1.0046 155 111 64
-0.4108 0.0121 1.0046 146 104 54
-0.4048 0.0121 1.0046 148 103 61
-0.3988 0.0121 1.0046 152 109 58
-0.3927 0.0121 1.0046 146 101 59
-0.3867 0.0121 1.0046 148 104 57
-0.3806 0.0121 1.0046 147 100 54
-0.3746 0.0121 1.0047 154 107 63
-0.3686 0.0121 1.0047 149 105 60
-0.3625 0.0121 1.0047 144 101 59
-0.3565 0.0121 1.0047 144 97 55
-0.3505 0.0121 1.0047 145 100 58
-0.3444 0.0121 1.0048 152 105 59
-0.3384 0.0121 1.0048 152 105 61
-0.3324 0.0121 1.0048 145 101 56
-0.3263 0.0121 1.0048 148 105 60
-0.3203 0.0121 1.0049 155 111 66
-0.3143 0.0121 1.0049 151 107 62
-0.3082 0.0121 1.0049 150 108 58
-0.3022 0.0121 1.0049 168 125 74
-0.2962 0.0121 1.0050 161 117 68
-0.2901 0.0121 1.0050 170 124 74
-0.2841 0.0121 1.0050 169 122 70
-0.2780 0.0121 1.0050 164 116 67
-0.2720 0.0121 1.0050 160 114 64
-0.2660 0.0121 1.0051 154 111 60
-0.2599 0.0121 1.0051 172 126 76
-0.2539 0.0121 1.0051 165 122 71
-0.2478 0.0121 1.0051 163 117 67
-0.2418 0.0121 1.0052 170 122 76
-0.2358 0.0121 1.0052 165 121 72
-0.2297 0.0121 1.0052 163 115 66
-0.2237 0.0121 1.0052 168 122 70
-0.2176 0.0121 1.0052 167 124 73
-0.2116 0.0121 1.0052 168 122 72
-0.2056 0.0121 1.0052 163 115 66
-0.1995 0.0121 1.0053 167 121 71
-0.1935 0.0121 1.0053 155 113 63
-0.1874 0.0121 1.0053 160 114 64
-0.1814 0.0121 1.0053 173 123 74
-0.1753 0.0121 1.0053 167 119 70
-0.1693 0.0121 1.0053 161 120 68
-0.1632 0.0121 1.0053 165 117 69
-0.1572 0.0121 1.0053 131 91 40
-0.1512 0.0121 1.0054 168 128 77
-0.1451 0.0121 1.0054 176 130 78
-0.1391 0.0121 1.0054 169 126 75
-0.1330 0.0121 1.0054 165 122 71
-0.1270 0.0121 1.0054 162 119 68
-0.1209 0.0121 1.0054 166 120 71
-0.1149 0.0121 1.0054 169 121 72
-0.1088 0.0121 1.0054 164 121 70
-0.1028 0.0121 1.0054 160 117 66
-0.0967 0.0121 1.0054 162 116 67
-0.0907 0.0121 1.0054 165 119 70
-0.0847 0.0121 1.0054 160 117 66
-0.0786 0.0121 1.0054 170 124 75
-0.0726 0.0121 1.0054 163 123 74
-0.0665 0.0121 1.0054 169 121 75
-0.0605 0.0121 1.0054 167 121 72
-0.0544 0.0121 1.0054 175 129 80
-0.0484 0.0121 1.0054 167 120 74
-0.0423 0.0121 1.0054 170 123 79
-0.0363 0.0121 1.0054 164 120 71
-0.0302 0.0121 1.0054 166 118 72
-0.0242 0.0121 1.0055 164 118 69
-0.0181 0.0121 1.0055 155 109 59
-0.0121 0.0121 1.0055 171 124 72
-0.0060 0.0121 1.0055 169 125 76
0.0000 0.0121 1.0055 167 124 69
0.0060 0.0121 1.0055 166 123 70
0.0121 0.0121 1.0055 173 126 74
0.0181 0.0121 1.0055 159 118 66
0.0242 0.0121 1.0055 172 124 75
0.0302 0.0121 1.0055 165 122 71
0.0363 0.0121 1.0055 165 121 72
0.0423 0.0121 1.0055 150 106 59
0.0484 0.0121 1.0055 167 121 71
0.0544 0.0121 1.0055 165 119 69
0.0605 0.0121 1.0055 170 124 75
0.0665 0.0121 1.0055 167 121 71
0.0726 0.0121 1.0054 167 125 75
0.0786 0.0121 1.0054 159 116 65
0.0847 0.0121 1.0054 166 120 71
0.0907 0.0121 1.0054 162 118 71
0.0967 0.0121 1.0054 168 126 78
0.1028 0.0121 1.0054 177 129 81
0.1088 0.0121 1.0054 166 120 71
0.1149 0.0121 1.0054 166 120 70
0.1209 0.0121 1.0054 162 119 68
0.1270 0.0121 1.0054 167 121 71
0.1330 0.0121 1.0054 165 122 71
0.1391 0.0121 1.0053 167 120 74
0.1451 0.0121 1.0053 173 126 80
0.1512 0.0121 1.0053 161 115 66
0.1572 0.0121 1.0053 168 125 72
0.1632 0.0121 1.0053 174 129 74
0.1693 0.0121 1.0053 156 112 63
0.1753 0.0121 1.0053 140 96 51
0.1814 0.0121 1.0053 164 122 74
0.1874 0.0121 1.0052 169 125 76
0.1935 0.0121 1.0052 165 123 73
0.1995 0.0121 1.0052 165 119 70
0.2055 0.0121 1.0052 160 116 67
0.2116 0.0121 1.0052 171 124 78
0.2176 0.0121 1.0052 162 115 63
0.2237 0.0121 1.0052 171 125 75
0.2297 0.0121 1.0052 168 122 72
0.2358 0.0121 1.0052 166 120 70
0.2418 0.0121 1.0052 167 121 69
0.2478 0.0121 1.0052 164 117 71
0.2539 0.0121 1.0052 168 122 70
0.2599 0.0121 1.0051 164 117 71
0.2660 0.0121 1.0051 164 114 63
0.2720 0.0121 1.0051 170 124 74
0.2781 0.0121 1.0051 160 120 68
0.2841 0.0121 1.0051 164 121 70
0.2901 0.0121 1.0051 166 119 73
0.2962 0.0121 1.0051 168 122 73
0.3022 0.0121 1.0051 165 122 67
0.3083 0.0121 1.0051 149 105 58
0.3143 0.0121 1.0051 149 102 58
0.3204 0.0121 1.0051 153 109 64
0.3264 0.0121 1.0050 158 114 67
0.3324 0.0121 1.0050 146 103 58
0.3385 0.0121 1.0050 146 103 60
0.3445 0.0121 1.0050 139 96 51
0.3506 0.0121 1.0050 156 112 67
0.3566 0.0121 1.0050 151 102 59
0.3626 0.0121 1.0050 151 107 58
0.3687 0.0121 1.0050 150 103 57
0.3747 0.0121 1.0049 152 108 61
0.3808 0.0121 1.0049 153 110 65
0.3868 0.0121 1.0049 148 104 57
0.3928 0.0121 1.0049 147 102 60
0.3989 0.0121 1.0049 146 99 57
0.4049 0.0121 1.0049 163 116 72
0.4110 0.0121 1.0049 151 102 61
0.4170 0.0121 1.0049 152 109 66
0.4231 0.0121 1.0049 149 106 63
0.4291 0.0121 1.0049 150 106 61
0.4351 0.0121 1.0049 147 105 57
0.4412 0.0121 1.0049 154 107 61
0.4472 0.0121 1.0049 146 102 57
0.4533 0.0121 1.0049 157 110 66
0.4593 0.0121 1.0049 154 111 68
0.4654 0.0121 1.0049 149 105 60
0.4714 0.0121 1.0049 156 107 64
0.4775 0.0121 1.0049 149 102 58
0.4835 0.0121 1.0050 149 100 57
0.4896 0.0121 1.0050 141 99 49
0.4956 0.0121 1.0049 167 121 69
0.5016 0.0121 1.0049 167 119 70
0.5077 0.0121 1.0049 149 106 61
0.5138 0.0121 1.0050 174 126 77
0.5223 0.0121 1.0098 141 126 107
0.5796 0.0133 1.1078 147 176 208
0.5655 0.0129 1.0684 132 165 198
0.5719 0.0129 1.0684 144 177 208
0.5783 0.0129 1.0684 134 171 200
0.5847 0.0129 1.0684 140 177 206
0.5912 0.0129 1.0684 141 178 207
0.5976 0.0129 1.0684 137 172 204
0.6040 0.0129 1.0684 139 175 207
0.6104 0.0129 1.0684 135 170 200
-0.6169 0.0064 1.0684 142 181 212
-0.6104 0.0064 1.0684 141 180 209
-0.6040 0.0064 1.0684 138 175 204
-0.5976 0.0064 1.0684 131 166 198
-0.5912 0.0064 1.0684 141 178 205
-0.5847 0.0064 1.0684 144 179 207
-0.5783 0.0064 1.0684 138 172 200
-0.5719 0.0064 1.0684 146 181 211
-0.5672 0.0064 1.0718 149 185 211
-0.5644 0.0065 1.0787 133 173 198
-0.5199 0.0060 1.0053 146 123 92
-0.5136 0.0060 1.0047 153 109 62
-0.5076 0.0060 1.0047 155 109 60
-0.5015 0.0060 1.0047 163 120 69
-0.4955 0.0060 1.0048 173 127 78
-0.4894 0.0060 1.0047 140 96 49
-0.4834 0.0060 1.0047 147 102 61
-0.4773 0.0060 1.0047 142 99 54
-0.4713 0.0060 1.0047 150 106 61
-0.4652 0.0060 1.0047 151 107 62
-0.4592 0.0060 1.0047 151 106 64
-0.4532 0.0060 1.0046 150 106 61
-0.4471 0.0060 1.0046 149 105 60
-0.4411 0.0060 1.0046 152 107 65
-0.4350 0.0060 1.0046 155 112 67
-0.4290 0.0060 1.0046 148 105 62
-0.4229 0.0060 1.0046 149 104 62
-0.4169 0.0060 1.0046 148 101 57
-0.4108 0.0060 1.0046 152 108 63
-0.4048 0.0060 1.0046 146 102 55
-0.3988 0.0060 1.0046 152 105 61
-0.3927 0.0060 1.0046 144 102 54
-0.3867 0.0060 1.0046 145 100 58
-0.3806 0.0060 1.0046 152 108 63
-0.3746 0.0060 1.0046 148 104 59
-0.3686 0.0060 1.0047 152 107 65
-0.3625 0.0060 1.0047 147 104 59
-0.3565 0.0060 1.0047 155 110 69
-0.3505 0.0060 1.0047 145 102 57
-0.3444 0.0060 1.0047 148 103 62
-0.3384 0.0060 1.0048 141 96 54
-0.3324 0.0060 1.0048 151 108 65
-0.3263 0.0060 1.0048 149 106 61
-0.3203 0.0060 1.0048 146 103 58
-0.3143 0.0060 1.0049 151 108 65
-0.3082 0.0060 1.0049 152 105 59
-0.3022 0.0060 1.0049 169 122 76
-0.2961 0.0060 1.0049 165 118 74
-0.2901 0.0060 1.0050 171 127 78
-0.2841 0.0060 1.0050 162 119 68
-0.2780 0.0060 1.0050 161 115 65
-0.2720 0.0060 1.0050 168 121 75
-0.2660 0.0060 1.0050 165 123 73
-0.2599 0.0060 1.0051 167 121 72
-0.2539 0.0060 1.0051 161 121 72
-0.2478 0.0060 1.0051 165 119 70
-0.2418 0.0060 1.0051 163 119 72
-0.2358 0.0060 1.0052 164 122 72
-0.2297 0.0060 1.0052 167 123 76
-0.2237 0.0060 1.0052 161 117 70
-0.2176 0.0060 1.0052 163 119 70
-0.2116 0.0060 1.0052 162 116 67
-0.2055 0.0060 1.0052 169 122 76
-0.1995 0.0060 1.0052 169 125 76
-0.1935 0.0060 1.0052 170 123 77
-0.1874 0.0060 1.0053 163 120 69
-0.1814 0.0060 1.0053 166 122 73
-0.1753 0.0060 1.0053 166 122 75
-0.1693 0.0060 1.0053 163 121 73
-0.1632 0.0060 1.0053 163 122 76
-0.1572 0.0060 1.0053 131 90 44
-0.1512 0.0060 1.0053 165 123 75
-0.1451 0.0060 1.0053 166 123 72
-0.1391 0.0060 1.0053 168 124 75
-0.1330 0.0060 1.0054 164 120 75
-0.1270 0.0060 1.0054 165 121 72
-0.1209 0.0060 1.0054 156 112 63
-0.1149 0.0060 1.0054 161 117 68
-0.1088 0.0060 1.0054 168 126 78
-0.1028 0.0060 1.0054 163 119 70
-0.0967 0.0060 1.0054 162 120 72
-0.0907 0.0060 1.0054 159 115 68
-0.0847 0.0060 1.0054 165 119 70
-0.0786 0.0060 1.0054 155 113 65
-0.0726 0.0060 1.0054 164 118 68
-0.0665 0.0060 1.0054 163 120 67
-0.0605 0.0060 1.0054 166 123 72
-0.0544 0.0060 1.0054 172 126 76
-0.0484 0.0060 1.0054 165 124 70
-0.0423 0.0060 1.0054 161 118 67
-0.0363 0.0060 1.0054 161 120 68
-0.0302 0.0060 1.0054 163 117 68
-0.0242 0.0060 1.0054 166 122 73
-0.0181 0.0060 1.0055 163 115 67
-0.0121 0.0060 1.0055 169 123 74
-0.0060 0.0060 1.0055 162 121 69
0.0000 0.0060 1.0055 159 115 66
0.0060 0.0060 1.0055 164 124 72
0.0121 0.0060 1.0055 175 127 79
0.0181 0.0060 1.0055 166 124 76
0.0242 0.0060 1.0055 164 116 68
0.0302 0.0060 1.0055 166 122 73
0.0363 0.0060 1.0055 165 117 71
0.0423 0.0060 1.0055 165 117 71
0.0484 0.0060 1.0055 168 124 77
0.0544 0.0060 1.0055 166 118 72
0.0605 0.0060 1.0055 163 116 70
0.0665 0.0060 1.0054 174 130 81
0.0726 0.0060 1.0054 161 117 68
0.0786 0.0060 1.0054 161 119 69
0.0847 0.0060 1.0054 155 113 65
0.0907 0.0060 1.0054 160 116 71
0.0967 0.0060 1.0054 163 121 71
0.1028 0.0060 1.0054 163 115 66
0.1088 0.0060 1.0054 160 117 66
0.1149 0.0060 1.0054 158 115 64
0.1209 0.0060 1.0054 162 119 68
0.1270 0.0060 1.0053 164 117 71
0.1330 0.0060 1.0053 167 123 74
0.1391 0.0060 1.0053 162 118 71
0.1451 0.0060 1.0053 169 125 78
0.1511 0.0060 1.0053 169 127 79
0.1572 0.0060 1.0053 166 126 74
0.1632 0.0060 1.0053 160 119 67
0.1693 0.0060 1.0053 165 124 70
0.1753 0.0060 1.0053 137 95 47
0.1814 0.0060 1.0052 160 118 68
0.1874 0.0060 1.0052 167 124 73
0.1935 0.0060 1.0052 162 121 67
0.1995 0.0060 1.0052 161 120 68
0.2055 0.0060 1.0052 162 121 69
0.2116 0.0060 1.0052 161 120 68
0.2176 0.0060 1.0052 164 121 70
0.2237 0.0060 1.0052 163 119 70
0.2297 0.0060 1.0052 162 116 67
0.2358 0.0060 1.0051 166 120 71
0.2418 0.0060 1.0051 168 122 73
0.2478 0.0060 1.0051 162 118 73
0.2539 0.0060 1.0051 169 128 76
0.2599 0.0060 1.0051 169 125 80
0.2660 0.0060 1.0051 152 106 57
0.2720 0.0060 1.0051 168 126 76
0.2781 0.0060 1.0051 157 115 65
0.2841 0.0060 1.0051 162 118 71
0.2901 0.0060 1.0051 170 126 81
0.2962 0.0060 1.0051 163 120 69
0.3022 0.0060 1.0051 164 120 71
0.3083 0.0060 1.0051 149 106 64
0.3143 0.0060 1.0050 155 113 63
0.3204 0.0060 1.0050 146 103 58
0.3264 0.0060 1.0050 151 108 63
0.3324 0.0060 1.0050 144 100 55
0.3385 0.0060 1.0050 142 97 55
0.3445 0.0060 1.0050 149 108 64
0.3506 0.0060 1.0050 147 106 60
0.3566 0.0060 1.0050 146 103 58
0.3626 0.0060 1.0050 145 102 59
0.3687 0.0060 1.0049 149 105 60
0.3747 0.0060 1.0049 154 110 65
0.3808 0.0060 1.0049 151 108 63
0.3868 0.0060 1.0049 158 115 70
0.3928 0.0060 1.0049 161 117 72
0.3989 0.0060 1.0049 147 105 55
0.4049 0.0060 1.0049 154 111 66
0.4110 0.0060 1.0049 143 102 58
0.4170 0.0060 1.0049 151 104 62
0.4230 0.0060 1.0049 149 107 65
0.4291 0.0060 1.0049 154 113 69
0.4351 0.0060 1.0049 149 105 58
0.4412 0.0060 1.0049 151 104 60
0.4472 0.0060 1.0049 146 101 59
0.4533 0.0060 1.0049 149 104 62
0.4593 0.0060 1.0049 152 109 64
0.4654 0.0060 1.0049 148 104 59
0.4714 0.0060 1.0049 148 101 59
0.4775 0.0060 1.0049 142 97 56
0.4835 0.0060 1.0050 147 104 59
0.4895 0.0060 1.0049 150 103 59
0.4956 0.0060 1.0049 162 120 72
0.5016 0.0060 1.0049 167 123 76
0.5077 0.0060 1.0049 132 85 43
0.5138 0.0060 1.0050 157 116 64
0.5224 0.0061 1.0100 147 130 112
0.5792 0.0067 1.1069 147 186 215
0.5655 0.0064 1.0684 144 179 209
0.5719 0.0064 1.0684 139 174 202
0.5783 0.0064 1.0684 136 171 199
0.5847 0.0064 1.0684 151 185 213
0.5912 0.0064 1.0684 143 180 209
0.5976 0.0064 1.0684 147 180 213
0.6040 0.0064 1.0684 135 168 201
0.6104 0.0064 1.0684 144 179 209
-0.6169 -0.0000 1.0684 144 179 207
-0.6104 -0.0000 1.0684 140 176 208
-0.6040 -0.0000 1.0684 145 178 209
-0.5976 -0.0000 1.0684 141 172 203
-0.5912 -0.0000 1.0684 142 177 209
-0.5847 -0.0000 1.0684 138 171 202
-0.5783 -0.0000 1.0684 144 177 208
-0.5719 -0.0000 1.0684 130 165 193
-0.5671 -0.0000 1.0716 136 173 202
-0.5660 -0.0000 1.0818 141 178 207
-0.5200 -0.0000 1.0053 145 122 91
-0.5136 -0.0000 1.0047 162 119 74
-0.5076 -0.0000 1.0047 162 122 71
-0.5015 -0.0000 1.0047 158 116 66
-0.4955 -0.0000 1.0047 168 124 77
-0.4894 -0.0000 1.0047 133 88 46
-0.4834 -0.0000 1.0047 149 104 62
-0.4773 -0.0000 1.0047 152 109 64
-0.4713 -0.0000 1.0047 148 104 57
-0.4652 -0.0000 1.0047 155 108 64
-0.4592 -0.0000 1.0046 153 106 64
-0.4531 -0.0000 1.0046 148 104 59
-0.4471 -0.0000 1.0046 152 111 65
-0.4410 -0.0000 1.0046 149 104 62
-0.4350 -0.0000 1.0046 145 102 57
-0.4290 -0.0000 1.0046 150 102 56
-0.4229 -0.0000 1.0046 153 108 66
-0.4169 -0.0000 1.0046 152 107 65
-0.4108 -0.0000 1.0046 148 101 59
-0.4048 -0.0000 1.0046 149 106 63
-0.3988 -0.0000 1.0046 147 102 61
-0.3927 -0.0000 1.0046 155 111 62
-0.3867 -0.0000 1.0046 148 105 62
-0.3806 -0.0000 1.0046 145 102 59
-0.3746 -0.0000 1.0046 154 109 67
-0.3686 -0.0000 1.0047 153 110 67
-0.3625 -0.0000 1.0047 150 103 59
-0.3565 -0.0000 1.0047 151 104 60
-0.3505 -0.0000 1.0047 140 97 54
-0.3444 -0.0000 1.0047 150 101 58
-0.3384 -0.0000 1.0048 155 108 64
-0.3324 -0.0000 1.0048 148 101 57
-0.3263 -0.0000 1.0048 150 106 61
-0.3203 -0.0000 1.0048 151 108 65
-0.3142 -0.0000 1.0049 149 104 62
-0.3082 -0.0000 1.0049 149 105 60
-0.3022 -0.0000 1.0049 162 116 66
-0.2961 -0.0000 1.0049 159 112 68
-0.2901 -0.0000 1.0050 170 126 77
-0.2841 -0.0000 1.0050 165 123 73
-0.2780 -0.0000 1.0050 166 120 71
-0.2720 -0.0000 1.0050 161 115 65
-0.2660 -0.0000 1.0050 162 118 69
-0.2599 -0.0000 1.0051 166 120 70
-0.2539 -0.0000 1.0051 166 122 73
-0.2478 -0.0000 1.0051 165 117 68
-0.2418 -0.0000 1.0051 169 122 78
-0.2358 -0.0000 1.0051 167 121 72
-0.2297 -0.0000 1.0052 168 120 72
-0.2237 -0.0000 1.0052 164 120 71
-0.2176 -0.0000 1.0052 159 115 66
-0.2116 -0.0000 1.0052 160 112 66
-0.2055 -0.0000 1.0052 168 122 73
-0.1995 -0.0000 1.0052 163 120 69
-0.1935 -0.0000 1.0052 152 108 61
-0.1874 -0.0000 1.0052 159 115 66
-0.1814 -0.0000 1.0053 172 126 77
-0.1753 -0.0000 1.0053 169 121 75
-0.1693 -0.0000 1.0053 166 122 73
-0.1632 -0.0000 1.0053 164 123 71
-0.1572 -0.0000 1.0053 135 92 47
-0.1511 -0.0000 1.0053 171 129 81
-0.1451 -0.0000 1.0053 165 119 70
-0.1391 -0.0000 1.0053 162 118 71
-0.1330 -0.0000 1.0053 157 115 67
-0.1270 -0.0000 1.0053 167 121 71
-0.1209 -0.0000 1.0053 157 113 68
-0.1149 -0.0000 1.0053 166 120 71
-0.1088 -0.0000 1.0054 172 126 77
-0.1028 -0.0000 1.0054 169 122 76
-0.0967 -0.0000 1.0054 163 121 71
-0.0907 -0.0000 1.0054 165 114 67
-0.0846 -0.0000 1.0054 166 118 72
-0.0786 -0.0000 1.0054 166 122 77
-0.0726 -0.0000 1.0054 162 116 66
-0.0665 -0.0000 1.0054 165 122 69
-0.0605 -0.0000 1.0054 171 128 77
-0.0544 -0.0000 1.0054 169 121 73
-0.0484 -0.0000 1.0054 163 122 70
-0.0423 -0.0000 1.0054 166 126 75
-0.0363 -0.0000 1.0054 165 118 74
-0.0302 -0.0000 1.0054 159 115 70
-0.0242 -0.0000 1.0054 157 115 67
-0.0181 -0.0000 1.0055 168 125 72
-0.0121 -0.0000 1.0055 165 118 74
-0.0060 -0.0000 1.0055 170 122 76
0.0000 -0.0000 1.0055 167 119 70
0.0060 -0.0000 1.0055 162 116 66
0.0121 -0.0000 1.0055 159 116 73
0.0181 -0.0000 1.0055 168 122 72
0.0242 -0.0000 1.0055 168 122 73
0.0302 -0.0000 1.0055 152 108 59
0.0363 -0.0000 1.0055 166 126 77
0.0423 -0.0000 1.0055 158 116 68
0.0484 -0.0000 1.0055 158 117 65
0.0544 -0.0000 1.0055 168 127 75
0.0605 -0.0000 1.0055 166 118 70
0.0665 -0.0000 1.0054 159 121 76
0.0726 -0.0000 1.0054 161 117 68
0.0786 -0.0000 1.0054 169 125 76
0.0847 -0.0000 1.0054 160 118 68
0.0907 -0.0000 1.0054 163 121 73
0.0967 -0.0000 1.0054 164 117 71
0.1028 -0.0000 1.0054 164 120 71
0.1088 -0.0000 1.0054 161 117 68
0.1149 -0.0000 1.0054 169 127 77
0.1209 -0.0000 1.0053 166 125 73
0.1270 -0.0000 1.0053 161 117 68
0.1330 -0.0000 1.0053 163 117 68
0.1391 -0.0000 1.0053 161 115 66
0.1451 -0.0000 1.0053 162 114 66
0.1511 -0.0000 1.0053 175 129 80
0.1572 -0.0000 1.0053 167 126 74
0.1632 -0.0000 1.0053 163 120 69
0.1693 -0.0000 1.0052 165 123 73
0.1753 -0.0000 1.0052 129 87 39
0.1814 -0.0000 1.0052 167 125 77
0.1874 -0.0000 1.0052 162 121 69
0.1934 -0.0000 1.0052 161 118 65
0.1995 -0.0000 1.0052 168 120 72
0.2055 -0.0000 1.0052 167 119 73
0.2116 -0.0000 1.0052 163 119 70
0.2176 -0.0000 1.0051 164 121 70
0.2237 -0.0000 1.0051 168 122 72
0.2297 -0.0000 1.0051 161 115 65
0.2358 -0.0000 1.0051 173 127 77
0.2418 -0.0000 1.0051 163 119 70
0.2478 -0.0000 1.0051 168 124 75
0.2539 -0.0000 1.0051 161 117 68
0.2599 -0.0000 1.0051 160 118 68
0.2660 -0.0000 1.0051 159 116 65
0.2720 -0.0000 1.0051 166 124 74
0.2781 -0.0000 1.0051 163 119 70
0.2841 -0.0000 1.0051 165 119 69
0.2901 -0.0000 1.0051 157 114 69
0.2962 -0.0000 1.0051 167 126 74
0.3022 -0.0000 1.0050 152 110 60
0.3083 -0.0000 1.0050 151 107 62
0.3143 -0.0000 1.0050 152 109 64
0.3203 -0.0000 1.0050 150 107 64
0.3264 -0.0000 1.0050 145 100 58
0.3324 -0.0000 1.0050 149 106 61
0.3385 -0.0000 1.0050 150 106 61
0.3445 -0.0000 1.0050 154 107 63
0.3505 -0.0000 1.0050 146 101 59
0.3566 -0.0000 1.0049 147 103 56
0.3626 -0.0000 1.0049 146 101 59
0.3687 -0.0000 1.0049 148 105 62
0.3747 -0.0000 1.0049 153 110 65
0.3807 -0.0000 1.0049 151 107 62
0.3868 -0.0000 1.0049 141 98 56
0.3928 -0.0000 1.0049 153 109 64
0.3989 -0.0000 1.0049 151 108 63
0.4049 -0.0000 1.0049 150 107 64
0.4110 -0.0000 1.0049 151 104 60
0.4170 -0.0000 1.0049 149 102 60
0.4230 -0.0000 1.0049 144 103 59
0.4291 -0.0000 1.0049 149 102 58
0.4351 -0.0000 1.0049 151 108 63
0.4412 -0.0000 1.0049 154 107 63
0.4472 -0.0000 1.0049 148 99 56
0.4533 -0.0000 1.0049 148 104 59
0.4593 -0.0000 1.0049 155 111 62
0.4654 -0.0000 1.0049 145 101 54
0.4714 -0.0000 1.0049 149 102 60
0.4775 -0.0000 1.0049 134 92 44
0.4835 -0.0000 1.0049 158 115 70
0.4895 -0.0000 1.0049 148 105 60
0.4956 -0.0000 1.0049 164 120 75
0.5016 -0.0000 1.0049 159 113 63
0.5077 -0.0000 1.0049 129 88 44
0.5138 -0.0000 1.0050 168 125 74
0.5225 -0.0000 1.0102 142 127 106
0.5786 -0.0000 1.1058 141 175 202
0.5655 -0.0000 1.0684 136 173 200
0.5719 -0.0000 1.0684 141 176 206
0.5783 -0.0000 1.0684 137 172 204
0.5847 -0.0000 1.0684 140 173 206
0.5912 -0.0000 1.0684 142 177 209
0.5976 -0.0000 1.0684 136 175 206
0.6040 -0.0000 1.0684 132 169 198
0.6104 -0.0000 1.0684 138 175 204
-0.6169 -0.0064 1.0684 136 167 196
-0.6104 -0.0064 1.0684 143 178 210
-0.6040 -0.0064 1.0684 142 175 206
-0.5976 -0.0064 1.0684 145 180 210
-0.5912 -0.0064 1.0684 135 170 200
-0.5847 -0.0064 1.0684 137 172 200
-0.5783 -0.0064 1.0684 132 169 195
-0.5719 -0.0064 1.0684 139 179 205
-0.5667 -0.0064 1.0709 144 178 213
-0.5735 -0.0066 1.0960 142 176 211
-0.5200 -0.0060 1.0054 154 129 98
-0.5136 -0.0060 1.0047 162 116 66
-0.5075 -0.0060 1.0047 167 126 74
-0.5015 -0.0060 1.0047 162 116 64
-0.4955 -0.0060 1.0047 165 123 73
-0.4894 -0.0060 1.0047 142 99 54
-0.4834 -0.0060 1.0047 144 100 55
-0.4773 -0.0060 1.0047 152 108 61
-0.4713 -0.0060 1.0047 146 102 55
-0.4652 -0.0060 1.0046 151 104 60
-0.4592 -0.0060 1.0046 151 104 60
-0.4531 -0.0060 1.0046 142 98 51
-0.4471 -0.0060 1.0046 144 102 54
-0.4410 -0.0060 1.0046 150 103 57
-0.4350 -0.0060 1.0046 145 102 57
-0.4290 -0.0060 1.0046 152 103 60
-0.4229 -0.0060 1.0046 146 102 57
-0.4169 -0.0060 1.0046 142 98 53
-0.4108 -0.0060 1.0046 147 100 56
-0.4048 -0.0060 1.0046 150 107 64
-0.3987 -0.0060 1.0046 150 105 63
-0.3927 -0.0060 1.0046 149 105 58
-0.3867 -0.0060 1.0046 149 105 60
-0.3806 -0.0060 1.0046 151 107 62
-0.3746 -0.0060 1.0046 151 104 60
-0.3686 -0.0060 1.0046 146 102 55
-0.3625 -0.0060 1.0047 153 111 63
-0.3565 -0.0060 1.0047 153 109 62
-0.3505 -0.0060 1.0047 154 107 63
-0.3444 -0.0060 1.0047 149 104 63
-0.3384 -0.0060 1.0047 152 105 61
-0.3324 -0.0060 1.0048 147 103 54
-0.3263 -0.0060 1.0048 151 107 60
-0.3203 -0.0060 1.0048 148 104 59
-0.3142 -0.0060 1.0048 150 103 61
-0.3082 -0.0060 1.0049 145 99 50
-0.3022 -0.0060 1.0049 169 123 74
-0.2961 -0.0060 1.0049 164 116 68
-0.2901 -0.0060 1.0049 164 118 68
-0.2841 -0.0060 1.0050 163 122 70
-0.2780 -0.0060 1.0050 168 122 72
-0.2720 -0.0060 1.0050 166 120 71
-0.2659 -0.0060 1.0050 167 126 74
-0.2599 -0.0060 1.0050 172 126 74
-0.2539 -0.0060 1.0051 162 114 66
-0.2478 -0.0060 1.0051 167 121 69
-0.2418 -0.0060 1.0051 160 119 73
-0.2358 -0.0060 1.0051 168 124 75
-0.2297 -0.0060 1.0051 166 120 70
-0.2237 -0.0060 1.0052 173 130 79
-0.2176 -0.0060 1.0052 161 118 67
-0.2116 -0.0060 1.0052 169 125 78
-0.2055 -0.0060 1.0052 167 121 71
-0.1995 -0.0060 1.0052 160 119 67
-0.1935 -0.0060 1.0052 159 115 66
-0.1874 -0.0060 1.0052 163 117 68
-0.1814 -0.0060 1.0052 170 119 72
-0.1753 -0.0060 1.0052 168 117 70
-0.1693 -0.0060 1.0053 170 124 75
-0.1632 -0.0060 1.0053 159 115 66
-0.1572 -0.0060 1.0053 136 92 47
-0.1511 -0.0060 1.0053 163 119 72
-0.1451 -0.0060 1.0053 163 121 71
-0.1391 -0.0060 1.0053 161 117 68
-0.1330 -0.0060 1.0053 172 126 77
-0.1270 -0.0060 1.0053 162 119 68
-0.1209 -0.0060 1.0053 164 120 73
-0.1149 -0.0060 1.0053 162 119 68
-0.1088 -0.0060 1.0053 165 119 69
-0.1028 -0.0060 1.0053 163 117 68
-0.0967 -0.0060 1.0053 164 121 68
-0.0907 -0.0060 1.0054 163 116 64
-0.0846 -0.0060 1.0054 167 124 73
-0.0786 -0.0060 1.0054 166 120 71
-0.0726 -0.0060 1.0054 167 120 74
-0.0665 -0.0060 1.0054 163 116 70
-0.0605 -0.0060 1.0054 168 124 77
-0.0544 -0.0060 1.0054 171 127 78
-0.0484 -0.0060 1.0054 162 119 64
-0.0423 -0.0060 1.0054 170 124 75
-0.0363 -0.0060 1.0054 162 119 76
-0.0302 -0.0060 1.0054 166 123 70
-0.0242 -0.0060 1.0054 167 122 67
-0.0181 -0.0060 1.0055 164 123 71
-0.0121 -0.0060 1.0055 86 57 17
-0.0060 -0.0060 1.0055 88 63 32
0.0000 -0.0060 1.0055 84 54 28
0.0060 -0.0060 1.0055 94 61 30
0.0121 -0.0060 1.0055 100 61 28
0.0181 -0.0060 1.0055 158 120 73
0.0242 -0.0060 1.0055 154 113 61
0.0302 -0.0060 1.0055 166 119 73
0.0363 -0.0060 1.0055 168 120 71
0.0423 -0.0060 1.0055 174 128 78
0.0484 -0.0060 1.0055 164 115 72
0.0544 -0.0060 1.0055 165 124 72
0.0605 -0.0060 1.0054 163 116 64
0.0665 -0.0060 1.0054 168 122 73
0.0726 -0.0060 1.0054 169 119 68
0.0786 -0.0060 1.0054 160 114 62
0.0847 -0.0060 1.0054 166 122 73
0.0907 -0.0060 1.0054 164 120 73
0.0967 -0.0060 1.0054 160 116 67
0.1028 -0.0060 1.0054 160 117 66
0.1088 -0.0060 1.0053 162 114 65
0.1149 -0.0060 1.0053 169 118 71
0.1209 -0.0060 1.0053 165 119 69
0.1270 -0.0060 1.0053 156 113 62
0.1330 -0.0060 1.0053 169 126 75
0.1391 -0.0060 1.0053 164 122 72
0.1451 -0.0060 1.0053 165 124 72
0.1511 -0.0060 1.0053 164 118 68
0.1572 -0.0060 1.0053 166 118 69
0.1632 -0.0060 1.0052 159 115 66
0.1693 -0.0060 1.0052 166 120 70
0.1753 -0.0060 1.0052 140 94 45
0.1814 -0.0060 1.0052 164 118 69
0.1874 -0.0060 1.0052 163 117 67
0.1934 -0.0060 1.0052 168 122 70
0.1995 -0.0060 1.0052 163 117 68
0.2055 -0.0060 1.0052 174 128 79
0.2116 -0.0060 1.0051 164 118 68
0.2176 -0.0060 1.0051 161 115 66
0.2237 -0.0060 1.0051 168 122 73
0.2297 -0.0060 1.0051 167 121 72
0.2357 -0.0060 1.0051 160 114 65
0.2418 -0.0060 1.0051 157 114 63
0.2478 -0.0060 1.0051 162 119 66
0.2539 -0.0060 1.0051 160 114 65
0.2599 -0.0060 1.0051 164 118 69
0.2660 -0.0060 1.0051 165 122 71
0.2720 -0.0060 1.0051 162 119 68
0.2780 -0.0060 1.0051 169 123 73
0.2841 -0.0060 1.0051 163 117 67
0.2901 -0.0060 1.0051 159 118 66
0.2962 -0.0060 1.0050 166 123 70
0.3022 -0.0060 1.0050 168 122 73
0.3083 -0.0060 1.0050 152 105 61
0.3143 -0.0060 1.0050 158 110 64
0.3203 -0.0060 1.0050 152 108 63
0.3264 -0.0060 1.0050 148 104 59
0.3324 -0.0060 1.0050 150 103 59
0.3385 -0.0060 1.0050 150 107 62
0.3445 -0.0060 1.0050 154 113 67
0.3505 -0.0060 1.0049 145 101 54
0.3566 -0.0060 1.0049 148 102 53
0.3626 -0.0060 1.0049 148 101 57
0.3687 -0.0060 1.0049 147 103 56
0.3747 -0.0060 1.0049 151 108 63
0.3807 -0.0060 1.0049 144 100 55
0.3868 -0.0060 1.0049 150 107 62
0.3928 -0.0060 1.0049 152 105 59
0.3989 -0.0060 1.0049 156 109 67
0.4049 -0.0060 1.0049 147 100 56
0.4110 -0.0060 1.0049 148 101 57
0.4170 -0.0060 1.0049 157 108 67
0.4230 -0.0060 1.0049 146 105 61
0.4291 -0.0060 1.0049 154 105 64
0.4351 -0.0060 1.0049 149 105 58
0.4412 -0.0060 1.0049 147 100 54
0.4472 -0.0060 1.0049 157 110 66
0.4533 -0.0060 1.0049 148 101 57
0.4593 -0.0060 1.0049 147 102 63
0.4654 -0.0060 1.0049 145 102 59
0.4714 -0.0060 1.0049 150 104 55
0.4775 -0.0060 1.0049 152 105 59
0.4835 -0.0060 1.0049 155 111 66
0.4895 -0.0060 1.0049 152 106 57
0.4956 -0.0060 1.0049 168 122 72
0.5016 -0.0060 1.0049 158 115 64
0.5077 -0.0060 1.0049 139 95 50
0.5138 -0.0060 1.0050 165 119 67
0.5228 -0.0061 1.0108 142 125 107
0.5775 -0.0066 1.1037 141 175 203
0.5655 -0.0064 1.0684 137 174 201
0.5719 -0.0064 1.0684 139 174 202
0.5783 -0.0064 1.0684 139 174 206
0.5847 -0.0064 1.0684 140 177 204
0.5912 -0.0064 1.0684 138 171 206
0.5976 -0.0064 1.0684 136 171 203
0.6040 -0.0064 1.0684 142 177 207
0.6104 -0.0064 1.0684 138 175 204
-0.6169 -0.0129 1.0684 139 166 196
-0.6104 -0.0129 1.0684 135 168 201
-0.6040 -0.0129 1.0684 141 176 206
-0.5976 -0.0129 1.0684 139 174 204
-0.5912 -0.0129 1.0684 140 171 202
-0.5847 -0.0129 1.0684 142 173 204
-0.5783 -0.0129 1.0684 144 177 208
-0.5719 -0.0129 1.0684 142 177 207
-0.5664 -0.0129 1.0702 137 172 202
-0.5822 -0.0134 1.1128 132 167 197
-0.5201 -0.0121 1.0056 155 130 100
-0.5136 -0.0121 1.0046 165 118 72
-0.5075 -0.0121 1.0047 166 123 72
-0.5015 -0.0121 1.0047 172 125 73
-0.4955 -0.0121 1.0047 168 124 75
-0.4894 -0.0121 1.0047 138 95 50
-0.4834 -0.0121 1.0047 146 101 59
-0.4773 -0.0121 1.0047 155 110 68
-0.4713 -0.0121 1.0046 146 103 60
-0.4652 -0.0121 1.0046 148 103 61
-0.4592 -0.0121 1.0046 142 95 51
-0.4531 -0.0121 1.0046 160 116 71
-0.4471 -0.0121 1.0046 147 104 59
-0.4410 -0.0121 1.0046 158 109 66
-0.4350 -0.0121 1.0046 149 108 64
-0.4290 -0.0121 1.0046 146 99 57
-0.4229 -0.0121 1.0046 158 111 67
-0.4169 -0.0121 1.0046 149 106 61
-0.4108 -0.0121 1.0046 150 103 57
-0.4048 -0.0121 1.0046 147 104 59
-0.3987 -0.0121 1.0046 152 107 65
-0.3927 -0.0121 1.0046 156 109 65
-0.3867 -0.0121 1.0046 151 104 60
-0.3806 -0.0121 1.0046 152 105 59
-0.3746 -0.0121 1.0046 152 108 61
-0.3686 -0.0121 1.0046 154 110 61
-0.3625 -0.0121 1.0047 150 106 59
-0.3565 -0.0121 1.0047 146 104 56
-0.3505 -0.0121 1.0047 149 105 60
-0.3444 -0.0121 1.0047 147 98 58
-0.3384 -0.0121 1.0047 152 107 65
-0.3323 -0.0121 1.0048 146 103 60
-0.3263 -0.0121 1.0048 146 103 58
-0.3203 -0.0121 1.0048 150 103 61
-0.3142 -0.0121 1.0048 145 100 61
-0.3082 -0.0121 1.0048 154 111 58
-0.3022 -0.0121 1.0049 161 114 68
-0.2961 -0.0121 1.0049 167 120 68
-0.2901 -0.0121 1.0049 164 118 69
-0.2841 -0.0121 1.0050 167 124 73
-0.2780 -0.0121 1.0050 166 123 72
-0.2720 -0.0121 1.0050 164 118 69
-0.2659 -0.0121 1.0050 167 126 74
-0.2599 -0.0121 1.0050 167 120 74
-0.2539 -0.0121 1.0051 166 118 72
-0.2478 -0.0121 1.0051 164 120 75
-0.2418 -0.0121 1.0051 161 120 74
-0.2357 -0.0121 1.0051 163 121 71
-0.2297 -0.0121 1.0051 169 121 72
-0.2237 -0.0121 1.0051 163 120 69
-0.2176 -0.0121 1.0051 164 118 68
-0.2116 -0.0121 1.0052 161 118 67
-0.2055 -0.0121 1.0052 170 122 73
-0.1995 -0.0121 1.0052 154 108 58
-0.1934 -0.0121 1.0052 167 121 72
-0.1874 -0.0121 1.0052 161 115 66
-0.1814 -0.0121 1.0052 179 131 82
-0.1753 -0.0121 1.0052 170 122 73
-0.1693 -0.0121 1.0052 166 118 70
-0.1632 -0.0121 1.0052 164 118 68
-0.1572 -0.0121 1.0053 138 94 47
-0.1511 -0.0121 1.0053 171 127 78
-0.1451 -0.0121 1.0053 165 124 72
-0.1391 -0.0121 1.0053 168 120 71
-0.1330 -0.0121 1.0053 169 118 71
-0.1270 -0.0121 1.0053 159 113 63
-0.1209 -0.0121 1.0053 166 122 73
-0.1149 -0.0121 1.0053 162 116 66
-0.1088 -0.0121 1.0053 162 116 67
-0.1028 -0.0121 1.0053 168 122 72
-0.0967 -0.0121 1.0053 165 122 71
-0.0907 -0.0121 1.0053 173 125 77
-0.0846 -0.0121 1.0053 171 129 79
-0.0786 -0.0121 1.0053 169 122 76
-0.0726 -0.0121 1.0054 161 119 71
-0.0665 -0.0121 1.0054 160 114 65
-0.0605 -0.0121 1.0054 162 114 66
-0.0544 -0.0121 1.0054 165 119 67
-0.0484 -0.0121 1.0054 165 125 74
-0.0423 -0.0121 1.0054 161 113 65
-0.0363 -0.0121 1.0054 158 119 78
-0.0302 -0.0121 1.0054 83 56 29
-0.0242 -0.0121 1.0054 93 67 44
-0.0181 -0.0121 1.0055 86 58 34
-0.0121 -0.0121 1.0055 88 60 38
-0.0060 -0.0121 1.0055 81 53 31
0.0000 -0.0121 1.0055 94 67 38
0.0060 -0.0121 1.0055 88 58 30
0.0121 -0.0121 1.0055 88 56 31
0.0181 -0.0121 1.0055 84 58 33
0.0242 -0.0121 1.0055 79 58 31
0.0302 -0.0121 1.0055 97 70 43
0.0363 -0.0121 1.0055 160 121 80
0.0423 -0.0121 1.0055 161 117 68
0.0484 -0.0121 1.0055 170 122 76
0.0544 -0.0121 1.0054 165 126 69
0.0605 -0.0121 1.0054 163 122 68
0.0665 -0.0121 1.0054 167 125 75
0.0726 -0.0121 1.0054 167 124 73
0.0786 -0.0121 1.0054 162 121 67
0.0847 -0.0121 1.0054 163 121 71
0.0907 -0.0121 1.0054 173 129 80
0.0967 -0.0121 1.0054 166 120 70
0.1028 -0.0121 1.0053 163 120 69
0.1088 -0.0121 1.0053 166 122 73
0.1149 -0.0121 1.0053 161 115 66
0.1209 -0.0121 1.0053 170 122 74
0.1270 -0.0121 1.0053 165 117 69
0.1330 -0.0121 1.0053 164 118 69
0.1391 -0.0121 1.0053 161 118 67
0.1451 -0.0121 1.0053 161 118 67
0.1511 -0.0121 1.0053 168 122 72
0.1572 -0.0121 1.0052 164 118 68
0.1632 -0.0121 1.0052 158 114 67
0.1693 -0.0121 1.0052 169 126 75
0.1753 -0.0121 1.0052 141 99 49
0.1814 -0.0121 1.0052 163 120 69
0.1874 -0.0121 1.0052 167 119 70
0.1934 -0.0121 1.0052 165 119 69
0.1995 -0.0121 1.0052 160 120 69
0.2055 -0.0121 1.0051 165 123 73
0.2116 -0.0121 1.0051 167 121 71
0.2176 -0.0121 1.0051 167 123 74
0.2237 -0.0121 1.0051 167 121 72
0.2297 -0.0121 1.0051 162 119 68
0.2357 -0.0121 1.0051 169 126 75
0.2418 -0.0121 1.0051 163 120 69
0.2478 -0.0121 1.0051 162 119 66
0.2539 -0.0121 1.0051 159 112 66
0.2599 -0.0121 1.0051 165 118 72
0.2660 -0.0121 1.0051 167 119 70
0.2720 -0.0121 1.0051 165 122 71
0.2780 -0.0121 1.0050 168 120 71
0.2841 -0.0121 1.0050 171 125 75
0.2901 -0.0121 1.0050 166 123 72
0.2962 -0.0121 1.0050 165 120 65
0.3022 -0.0121 1.0050 169 123 74
0.3083 -0.0121 1.0050 147 100 56
0.3143 -0.0121 1.0050 149 105 58
0.3203 -0.0121 1.0050 148 105 60
0.3264 -0.0121 1.0050 142 101 55
0.3324 -0.0121 1.0050 151 104 60
0.3385 -0.0121 1.0050 148 104 59
0.3445 -0.0121 1.0049 154 107 65
0.3505 -0.0121 1.0049 149 102 56
0.3566 -0.0121 1.0049 153 109 60
0.3626 -0.0121 1.0049 148 104 57
0.3687 -0.0121 1.0049 146 99 53
0.3747 -0.0121 1.0049 151 107 62
0.3807 -0.0121 1.0049 155 108 66
0.3868 -0.0121 1.0049 152 110 62
0.3928 -0.0121 1.0049 156 112 67
0.3989 -0.0121 1.0049 145 100 58
0.4049 -0.0121 1.0049 152 110 60
0.4109 -0.0121 1.0049 151 107 62
0.4170 -0.0121 1.0049 153 106 64
0.4230 -0.0121 1.0049 151 110 66
0.4291 -0.0121 1.0049 152 104 64
0.4351 -0.0121 1.0049 144 97 53
0.4412 -0.0121 1.0049 149 105 58
0.4472 -0.0121 1.0049 152 109 64
0.4532 -0.0121 1.0049 151 104 62
0.4593 -0.0121 1.0049 157 113 66
0.4654 -0.0121 1.0049 151 108 63
0.4714 -0.0121 1.0049 147 100 58
0.4775 -0.0121 1.0049 159 110 67
0.4835 -0.0121 1.0049 153 106 62
0.4895 -0.0121 1.0049 152 105 59
0.4956 -0.0121 1.0049 163 117 65
0.5016 -0.0121 1.0049 167 121 71
0.5077 -0.0121 1.0049 143 98 56
0.5137 -0.0121 1.0050 163 115 66
0.5230 -0.0122 1.0112 148 129 112
0.5767 -0.0133 1.1022 145 174 206
0.5655 -0.0129 1.0684 134 167 200
0.5719 -0.0129 1.0684 144 175 206
0.5783 -0.0129 1.0684 138 168 204
0.5847 -0.0129 1.0684 144 179 209
0.5912 -0.0129 1.0684 146 176 210
0.5976 -0.0129 1.0684 140 171 200
0.6040 -0.0129 1.0684 136 172 198
0.6104 -0.0129 1.0684 139 175 201
-0.6169 -0.0193 1.0684 139 170 201
-0.6104 -0.0193 1.0684 138 174 206
-0.6040 -0.0193 1.0684 138 171 202
-0.5976 -0.0193 1.0684 146 179 210
-0.5912 -0.0193 1.0684 143 177 205
-0.5847 -0.0193 1.0684 137 170 201
-0.5783 -0.0193 1.0684 144 178 206
-0.5719 -0.0193 1.0684 143 177 205
-0.5664 -0.0193 1.0702 140 175 203
-0.5824 -0.0201 1.1130 135 172 199
-0.5202 -0.0181 1.0057 151 128 97
-0.5135 -0.0181 1.0046 162 118 71
-0.5075 -0.0181 1.0047 173 130 79
-0.5015 -0.0181 1.0047 169 121 72
-0.4955 -0.0181 1.0047 165 121 74
-0.4894 -0.0181 1.0047 137 93 48
-0.4834 -0.0181 1.0047 147 100 56
-0.4773 -0.0181 1.0047 150 106 61
-0.4713 -0.0181 1.0046 149 105 60
-0.4652 -0.0181 1.0046 150 103 59
-0.4592 -0.0181 1.0046 153 106 60
-0.4531 -0.0181 1.0046 154 111 66
-0.4471 -0.0181 1.0046 149 104 62
-0.4410 -0.0181 1.0046 146 97 54
-0.4350 -0.0181 1.0046 152 105 63
-0.4290 -0.0181 1.0046 149 104 62
-0.4229 -0.0181 1.0046 152 105 61
-0.4169 -0.0181 1.0046 141 97 52
-0.4108 -0.0181 1.0046 162 116 67
-0.4048 -0.0181 1.0046 154 111 66
-0.3987 -0.0181 1.0046 150 103 61
-0.3927 -0.0181 1.0046 152 104 58
-0.3867 -0.0181 1.0046 146 103 60
-0.3806 -0.0181 1.0046 153 111 69
-0.3746 -0.0181 1.0046 153 112 68
-0.3686 -0.0181 1.0046 150 107 62
-0.3625 -0.0181 1.0047 148 105 60
-0.3565 -0.0181 1.0047 149 105 58
-0.3505 -0.0181 1.0047 151 104 58
-0.3444 -0.0181 1.0047 146 105 61
-0.3384 -0.0181 1.0047 155 108 64
-0.3323 -0.0181 1.0048 155 112 67
-0.3263 -0.0181 1.0048 148 107 63
-0.3203 -0.0181 1.0048 168 123 82
-0.3142 -0.0181 1.0048 150 103 61
-0.3082 -0.0181 1.0048 142 98 49
-0.3022 -0.0181 1.0049 165 124 70
-0.2961 -0.0181 1.0049 163 119 70
-0.2901 -0.0181 1.0049 166 123 72
-0.2841 -0.0181 1.0049 165 119 70
-0.2780 -0.0181 1.0050 158 116 66
-0.2720 -0.0181 1.0050 165 119 67
-0.2659 -0.0181 1.0050 162 116 66
-0.2599 -0.0181 1.0050 163 119 70
-0.2539 -0.0181 1.0050 169 126 75
-0.2478 -0.0181 1.0051 164 118 69
-0.2418 -0.0181 1.0051 159 119 70
-0.2357 -0.0181 1.0051 163 120 69
-0.2297 -0.0181 1.0051 159 113 64
-0.2237 -0.0181 1.0051 164 120 71
-0.2176 -0.0181 1.0051 161 113 65
-0.2116 -0.0181 1.0051 166 125 71
-0.2055 -0.0181 1.0051 163 115 67
-0.1995 -0.0181 1.0052 169 123 73
-0.1934 -0.0181 1.0052 170 124 75
-0.1874 -0.0181 1.0052 167 123 74
-0.1814 -0.0181 1.0052 177 134 83
-0.1753 -0.0181 1.0052 169 123 73
-0.1693 -0.0181 1.0052 160 112 64
-0.1632 -0.0181 1.0052 175 129 77
-0.1572 -0.0181 1.0052 137 96 44
-0.1511 -0.0181 1.0052 166 122 73
-0.1451 -0.0181 1.0053 159 113 63
-0.1391 -0.0181 1.0053 169 121 72
-0.1330 -0.0181 1.0053 166 118 69
-0.1270 -0.0181 1.0053 167 121 71
-0.1209 -0.0181 1.0053 162 116 66
-0.1149 -0.0181 1.0053 170 122 73
-0.1088 -0.0181 1.0053 163 115 69
-0.1028 -0.0181 1.0053 167 121 71
-0.0967 -0.0181 1.0053 160 119 65
-0.0907 -0.0181 1.0053 174 124 75
-0.0846 -0.0181 1.0053 165 119 70
-0.0786 -0.0181 1.0053 160 112 66
-0.0726 -0.0181 1.0053 162 120 72
-0.0665 -0.0181 1.0053 162 116 64
-0.0605 -0.0181 1.0054 168 122 70
-0.0544 -0.0181 1.0054 162 120 78
-0.0484 -0.0181 1.0054 99 59 33
-0.0423 -0.0181 1.0054 81 54 25
-0.0363 -0.0181 1.0054 93 72 41
-0.0302 -0.0181 1.0054 84 60 36
-0.0242 -0.0181 1.0054 85 61 35
-0.0181 -0.0181 1.0055 84 58 33
-0.0121 -0.0181 1.0055 93 69 45
-0.0060 -0.0181 1.0055 87 63 39
0.0000 -0.0181 1.0055 82 55 34
0.0060 -0.0181 1.0055 79 52 33
0.0121 -0.0181 1.0055 88 63 33
0.0181 -0.0181 1.0055 83 61 40
0.0242 -0.0181 1.0055 92 64 40
0.0302 -0.0181 1.0055 89 61 37
0.0363 -0.0181 1.0055 80 56 32
0.0423 -0.0181 1.0055 85 64 35
0.0484 -0.0181 1.0054 93 59 22
0.0544 -0.0181 1.0054 164 123 77
0.0605 -0.0181 1.0054 169 117 70
0.0665 -0.0181 1.0054 173 127 77
0.0726 -0.0181 1.0054 165 122 71
0.0786 -0.0181 1.0054 164 123 69
0.0846 -0.0181 1.0054 162 121 69
0.0907 -0.0181 1.0054 165 119 70
0.0967 -0.0181 1.0053 165 119 69
0.1028 -0.0181 1.0053 166 123 72
0.1088 -0.0181 1.0053 165 122 71
0.1149 -0.0181 1.0053 169 126 73
0.1209 -0.0181 1.0053 168 122 73
0.1270 -0.0181 1.0053 166 120 70
0.1330 -0.0181 1.0053 160 114 64
0.1391 -0.0181 1.0053 160 112 63
0.1451 -0.0181 1.0053 167 119 71
0.1511 -0.0181 1.0052 164 121 70
0.1572 -0.0181 1.0052 163 122 70
0.1632 -0.0181 1.0052 170 124 75
0.1693 -0.0181 1.0052 164 122 72
0.1753 -0.0181 1.0052 135 95 46
0.1814 -0.0181 1.0052 164 123 71
0.1874 -0.0181 1.0052 171 125 75
0.1934 -0.0181 1.0052 165 121 72
0.1995 -0.0181 1.0051 166 120 70
0.2055 -0.0181 1.0051 168 122 72
0.2116 -0.0181 1.0051 166 118 69
0.2176 -0.0181 1.0051 169 127 77
0.2237 -0.0181 1.0051 167 125 75
0.2297 -0.0181 1.0051 161 115 65
0.2357 -0.0181 1.0051 165 119 69
0.2418 -0.0181 1.0051 165 119 70
0.2478 -0.0181 1.0051 165 122 71
0.2539 -0.0181 1.0051 164 120 73
0.2599 -0.0181 1.0051 168 121 75
0.2660 -0.0181 1.0051 168 121 75
0.2720 -0.0181 1.0050 165 121 72
0.2780 -0.0181 1.0050 163 115 66
0.2841 -0.0181 1.0050 164 121 70
0.2901 -0.0181 1.0050 165 122 71
0.2962 -0.0181 1.0050 164 121 68
0.3022 -0.0181 1.0050 165 119 70
0.3082 -0.0181 1.0050 149 105 60
0.3143 -0.0181 1.0050 145 102 59
0.3203 -0.0181 1.0050 143 100 57
0.3264 -0.0181 1.0050 153 108 66
0.3324 -0.0181 1.0049 138 93 51
0.3384 -0.0181 1.0049 147 104 59
0.3445 -0.0181 1.0049 149 106 63
0.3505 -0.0181 1.0049 151 104 60
0.3566 -0.0181 1.0049 149 105 56
0.3626 -0.0181 1.0049 157 113 66
0.3687 -0.0181 1.0049 155 111 66
0.3747 -0.0181 1.0049 145 98 56
0.3807 -0.0181 1.0049 147 100 58
0.3868 -0.0181 1.0049 150 107 62
0.3928 -0.0181 1.0049 158 110 70
0.3989 -0.0181 1.0049 148 104 59
0.4049 -0.0181 1.0049 151 107 62
0.4109 -0.0181 1.0049 147 104 61
0.4170 -0.0181 1.0049 153 106 62
0.4230 -0.0181 1.0049 153 112 66
0.4291 -0.0181 1.0049 148 101 57
0.4351 -0.0181 1.0049 151 108 63
0.4412 -0.0181 1.0049 147 104 59
0.4472 -0.0181 1.0048 146 102 57
0.4532 -0.0181 1.0048 157 113 68
0.4593 -0.0181 1.0049 152 105 59
0.4653 -0.0181 1.0049 149 105 58
0.4714 -0.0181 1.0049 148 101 57
0.4774 -0.0181 1.0049 155 108 62
0.4835 -0.0181 1.0049 149 104 62
0.4895 -0.0181 1.0049 153 109 64
0.4956 -0.0181 1.0049 166 120 71
0.5016 -0.0181 1.0049 170 124 74
0.5077 -0.0181 1.0049 131 86 44
0.5137 -0.0181 1.0050 174 131 80
0.5230 -0.0182 1.0113 145 128 110
0.5766 -0.0199 1.1020 142 173 204
0.5655 -0.0193 1.0684 140 173 206
0.5719 -0.0193 1.0684 137 170 201
0.5783 -0.0193 1.0684 139 172 205
0.5847 -0.0193 1.0684 141 176 208
0.5912 -0.0193 1.0684 123 158 190
0.5976 -0.0193 1.0684 141 174 205
0.6040 -0.0193 1.0684 138 173 203
0.6104 -0.0193 1.0684 141 174 205
-0.6169 -0.0257 1.0684 139 176 205
-0.6104 -0.0257 1.0684 135 172 201
-0.6040 -0.0257 1.0684 137 172 202
-0.5976 -0.0257 1.0684 135 170 202
-0.5912 -0.0257 1.0684 139 174 204
-0.5847 -0.0257 1.0684 137 172 204
-0.5783 -0.0257 1.0684 139 174 202
-0.5719 -0.0257 1.0684 145 178 209
-0.5666 -0.0258 1.0706 141 172 201
-0.5761 -0.0265 1.1011 141 172 203
-0.5201 -0.0242 1.0057 125 97 73
-0.5135 -0.0242 1.0046 131 87 38
-0.5075 -0.0242 1.0046 141 97 50
-0.5015 -0.0242 1.0047 139 97 49
-0.4955 -0.0242 1.0047 138 95 50
-0.4894 -0.0242 1.0047 142 97 58
-0.4834 -0.0242 1.0047 134 90 43
-0.4773 -0.0242 1.0046 138 97 53
-0.4713 -0.0242 1.0046 139 98 52
-0.4652 -0.0242 1.0046 145 100 58
-0.4592 -0.0242 1.0046 139 96 51
-0.4531 -0.0242 1.0046 135 93 51
-0.4471 -0.0242 1.0046 132 89 46
-0.4410 -0.0242 1.0046 135 90 51
-0.4350 -0.0242 1.0046 141 98 53
-0.4289 -0.0242 1.0046 135 94 50
-0.4229 -0.0242 1.0046 136 94 46
-0.4169 -0.0242 1.0046 142 99 54
-0.4108 -0.0242 1.0046 139 96 54
-0.4048 -0.0242 1.0046 139 98 54
-0.3987 -0.0242 1.0046 137 92 50
-0.3927 -0.0242 1.0046 135 92 50
-0.3867 -0.0242 1.0046 136 95 51
-0.3806 -0.0242 1.0046 138 95 50
-0.3746 -0.0242 1.0046 139 96 51
-0.3686 -0.0242 1.0046 137 94 49
-0.3625 -0.0242 1.0047 139 97 57
-0.3565 -0.0242 1.0047 138 97 51
-0.3505 -0.0242 1.0047 132 91 47
-0.3444 -0.0242 1.0047 137 94 51
-0.3384 -0.0242 1.0047 136 93 50
-0.3323 -0.0242 1.0048 145 100 59
-0.3263 -0.0242 1.0048 138 93 52
-0.3203 -0.0242 1.0048 139 94 52
-0.3142 -0.0242 1.0048 139 96 53
-0.3082 -0.0242 1.0048 129 89 40
-0.3022 -0.0242 1.0049 136 95 43
-0.2961 -0.0242 1.0049 137 94 49
-0.2901 -0.0242 1.0049 135 93 43
-0.2841 -0.0242 1.0049 147 105 57
-0.2780 -0.0242 1.0049 132 89 44
-0.2720 -0.0242 1.0050 133 95 46
-0.2659 -0.0242 1.0050 137 93 46
-0.2599 -0.0242 1.0050 138 95 50
-0.2539 -0.0242 1.0050 140 99 53
-0.2478 -0.0242 1.0050 136 94 46
-0.2418 -0.0242 1.0051 136 95 49
-0.2357 -0.0242 1.0051 135 93 43
-0.2297 -0.0242 1.0051 134 87 41
-0.2237 -0.0242 1.0051 138 94 47
-0.2176 -0.0242 1.0051 132 88 41
-0.2116 -0.0242 1.0051 136 93 48
-0.2055 -0.0242 1.0051 147 103 54
-0.1995 -0.0242 1.0051 141 98 47
-0.1934 -0.0242 1.0051 135 94 50
-0.1874 -0.0242 1.0051 146 103 58
-0.1814 -0.0242 1.0052 136 93 50
-0.1753 -0.0242 1.0052 138 93 51
-0.1693 -0.0242 1.0052 142 98 53
-0.1632 -0.0242 1.0052 139 95 48
-0.1572 -0.0242 1.0052 136 92 47
-0.1511 -0.0242 1.0052 138 96 48
-0.1451 -0.0242 1.0052 137 95 45
-0.1390 -0.0242 1.0052 137 93 46
-0.1330 -0.0242 1.0052 141 97 50
-0.1270 -0.0242 1.0053 139 95 48
-0.1209 -0.0242 1.0053 142 97 55
-0.1149 -0.0242 1.0053 138 90 50
-0.1088 -0.0242 1.0053 140 93 51
-0.1028 -0.0242 1.0053 137 90 46
-0.0967 -0.0242 1.0053 130 86 37
-0.0907 -0.0242 1.0053 139 94 52
-0.0846 -0.0242 1.0053 135 93 43
-0.0786 -0.0242 1.0053 142 98 53
-0.0726 -0.0242 1.0053 135 90 49
-0.0665 -0.0242 1.0053 135 94 48
-0.0605 -0.0242 1.0054 138 100 63
-0.0544 -0.0242 1.0054 127 96 65
-0.0484 -0.0242 1.0054 120 89 58
-0.0423 -0.0242 1.0054 127 96 67
-0.0363 -0.0242 1.0054 126 95 66
-0.0302 -0.0242 1.0054 128 97 66
-0.0242 -0.0242 1.0054 122 91 63
-0.0181 -0.0242 1.0055 123 89 64
-0.0121 -0.0242 1.0055 130 98 73
-0.0060 -0.0242 1.0055 136 102 74
0.0000 -0.0242 1.0055 121 95 62
0.0060 -0.0242 1.0055 135 104 75
0.0121 -0.0242 1.0055 118 92 57
0.0181 -0.0242 1.0055 125 90 60
0.0242 -0.0242 1.0055 131 97 69
0.0302 -0.0242 1.0055 129 98 70
0.0363 -0.0242 1.0055 121 94 64
0.0423 -0.0242 1.0055 128 97 68
0.0484 -0.0242 1.0054 128 99 69
0.0544 -0.0242 1.0054 129 94 62
0.0605 -0.0242 1.0054 131 89 49
0.0665 -0.0242 1.0054 144 101 59
0.0726 -0.0242 1.0054 138 98 49
0.0786 -0.0242 1.0054 136 98 51
0.0846 -0.0242 1.0053 139 98 46
0.0907 -0.0242 1.0053 141 100 54
0.0967 -0.0242 1.0053 143 96 50
0.1028 -0.0242 1.0053 142 97 56
0.1088 -0.0242 1.0053 142 98 51
0.1149 -0.0242 1.0053 137 92 50
0.1209 -0.0242 1.0053 146 99 53
0.1270 -0.0242 1.0053 138 94 47
0.1330 -0.0242 1.0053 131 84 40
0.1390 -0.0242 1.0052 137 90 44
0.1451 -0.0242 1.0052 138 94 49
0.1511 -0.0242 1.0052 142 99 54
0.1572 -0.0242 1.0052 138 100 51
0.1632 -0.0242 1.0052 144 104 55
0.1693 -0.0242 1.0052 139 93 44
0.1753 -0.0242 1.0052 137 90 44
0.1814 -0.0242 1.0052 138 98 47
0.1874 -0.0242 1.0051 129 92 40
0.1934 -0.0242 1.0051 138 97 51
0.1995 -0.0242 1.0051 137 93 46
0.2055 -0.0242 1.0051 136 90 41
0.2116 -0.0242 1.0051 137 93 48
0.2176 -0.0242 1.0051 135 91 42
0.2237 -0.0242 1.0051 141 99 49
0.2297 -0.0242 1.0051 138 98 49
0.2357 -0.0242 1.0051 140 97 52
0.2418 -0.0242 1.0051 140 96 49
0.2478 -0.0242 1.0050 137 95 47
0.2539 -0.0242 1.0050 137 94 49
0.2599 -0.0242 1.0050 136 92 47
0.2660 -0.0242 1.0050 138 95 50
0.2720 -0.0242 1.0050 141 99 51
0.2780 -0.0242 1.0050 133 88 46
0.2841 -0.0242 1.0050 135 91 46
0.2901 -0.0242 1.0050 137 93 44
0.2962 -0.0242 1.0050 140 98 48
0.3022 -0.0242 1.0050 137 90 44
0.3082 -0.0242 1.0050 144 95 52
0.3143 -0.0242 1.0050 132 90 50
0.3203 -0.0242 1.0050 144 101 59
0.3264 -0.0242 1.0049 135 88 44
0.3324 -0.0242 1.0049 140 95 53
0.3384 -0.0242 1.0049 130 92 47
0.3445 -0.0242 1.0049 142 101 57
0.3505 -0.0242 1.0049 145 98 54
0.3566 -0.0242 1.0049 145 94 51
0.3626 -0.0242 1.0049 140 97 54
0.3686 -0.0242 1.0049 136 93 51
0.3747 -0.0242 1.0049 141 96 55
0.3807 -0.0242 1.0049 133 90 48
0.3868 -0.0242 1.0049 140 95 54
0.3928 -0.0242 1.0048 129 86 43
0.3989 -0.0242 1.0048 129 84 42
0.4049 -0.0242 1.0048 137 92 50
0.4109 -0.0242 1.0048 129 90 47
0.4170 -0.0242 1.0048 139 96 54
0.4230 -0.0242 1.0048 135 92 49
0.4291 -0.0242 1.0049 139 96 53
0.4351 -0.0242 1.0049 137 96 52
0.4412 -0.0242 1.0048 139 96 53
0.4472 -0.0242 1.0048 132 89 46
0.4532 -0.0242 1.0048 141 98 55
0.4593 -0.0242 1.0049 138 95 53
0.4653 -0.0242 1.0049 136 93 51
0.4714 -0.0242 1.0049 126 81 39
0.4774 -0.0242 1.0049 141 98 56
0.4835 -0.0242 1.0049 138 89 46
0.4895 -0.0242 1.0049 139 99 50
0.4956 -0.0242 1.0049 142 94 48
0.5016 -0.0242 1.0049 130 92 43
0.5077 -0.0242 1.0049 138 94 55
0.5137 -0.0242 1.0050 139 96 51
0.5230 -0.0243 1.0112 110 97 80
0.5766 -0.0265 1.1021 134 169 197
0.5655 -0.0257 1.0684 140 180 206
0.5719 -0.0257 1.0684 136 171 201
0.5783 -0.0257 1.0684 134 167 198
0.5847 -0.0257 1.0684 137 174 203
0.5912 -0.0257 1.0684 139 178 209
0.5976 -0.0257 1.0684 144 179 209
0.6040 -0.0257 1.0684 140 173 204
0.6104 -0.0257 1.0684 141 176 206
-0.6169 -0.0321 1.0684 132 167 197
-0.6104 -0.0321 1.0684 135 168 199
-0.6040 -0.0321 1.0684 143 176 209
-0.5976 -0.0321 1.0684 141 174 207
-0.5912 -0.0321 1.0684 140 175 207
-0.5847 -0.0321 1.0684 136 171 203
-0.5783 -0.0321 1.0684 134 169 201
-0.5719 -0.0321 1.0684 141 174 205
-0.5670 -0.0322 1.0714 142 176 204
-0.5666 -0.0326 1.0830 140 171 202
-0.5201 -0.0302 1.0055 154 124 98
-0.5136 -0.0302 1.0046 164 120 71
-0.5075 -0.0302 1.0046 170 123 77
-0.5015 -0.0302 1.0046 165 124 72
-0.4955 -0.0302 1.0047 163 122 70
-0.4894 -0.0302 1.0047 136 93 48
-0.4834 -0.0302 1.0046 149 105 60
-0.4773 -0.0302 1.0046 149 104 63
-0.4713 -0.0302 1.0046 157 110 66
-0.4652 -0.0302 1.0046 152 105 61
-0.4592 -0.0302 1.0046 152 108 61
-0.4531 -0.0302 1.0046 155 111 64
-0.4471 -0.0302 1.0046 149 105 60
-0.4410 -0.0302 1.0046 148 101 57
-0.4350 -0.0302 1.0046 147 103 58
-0.4289 -0.0302 1.0046 155 108 66
-0.4229 -0.0302 1.0046 146 99 53
-0.4169 -0.0302 1.0046 161 114 70
-0.4108 -0.0302 1.0046 147 104 59
-0.4048 -0.0302 1.0046 143 100 55
-0.3987 -0.0302 1.0046 150 105 63
-0.3927 -0.0302 1.0046 157 114 69
-0.3867 -0.0302 1.0046 154 110 65
-0.3806 -0.0302 1.0046 151 104 60
-0.3746 -0.0302 1.0046 153 106 62
-0.3686 -0.0302 1.0046 150 105 63
-0.3625 -0.0302 1.0047 149 104 62
-0.3565 -0.0302 1.0047 147 105 57
-0.3504 -0.0302 1.0047 154 112 64
-0.3444 -0.0302 1.0047 145 101 56
-0.3384 -0.0302 1.0047 149 104 62
-0.3323 -0.0302 1.0047 142 95 51
-0.3263 -0.0302 1.0048 149 102 58
-0.3203 -0.0302 1.0048 157 110 68
-0.3142 -0.0302 1.0048 146 101 59
-0.3082 -0.0302 1.0048 147 100 54
-0.3022 -0.0302 1.0048 169 123 74
-0.2961 -0.0302 1.0049 165 119 70
-0.2901 -0.0302 1.0049 177 130 78
-0.2841 -0.0302 1.0049 167 120 68
-0.2780 -0.0302 1.0049 170 124 74
-0.2720 -0.0302 1.0049 167 119 70
-0.2659 -0.0302 1.0050 159 113 61
-0.2599 -0.0302 1.0050 171 123 74
-0.2539 -0.0302 1.0050 175 129 77
-0.2478 -0.0302 1.0050 167 121 69
-0.2418 -0.0302 1.0050 159 117 69
-0.2357 -0.0302 1.0050 161 117 68
-0.2297 -0.0302 1.0051 167 121 72
-0.2236 -0.0302 1.0051 162 118 69
-0.2176 -0.0302 1.0051 158 112 63
-0.2116 -0.0302 1.0051 157 113 66
-0.2055 -0.0302 1.0051 173 126 80
-0.1995 -0.0302 1.0051 170 126 77
-0.1934 -0.0302 1.0051 163 121 71
-0.1874 -0.0302 1.0051 162 116 64
-0.1813 -0.0302 1.0051 166 120 70
-0.1753 -0.0302 1.0052 166 118 69
-0.1693 -0.0302 1.0052 164 118 68
-0.1632 -0.0302 1.0052 166 118 69
-0.1572 -0.0302 1.0052 140 92 44
-0.1511 -0.0302 1.0052 167 121 72
-0.1451 -0.0302 1.0052 165 119 70
-0.1390 -0.0302 1.0052 167 123 74
-0.1330 -0.0302 1.0052 165 123 73
-0.1270 -0.0302 1.0052 168 124 75
-0.1209 -0.0302 1.0052 170 124 74
-0.1149 -0.0302 1.0053 162 119 68
-0.1088 -0.0302 1.0053 166 123 72
-0.1028 -0.0302 1.0053 167 121 69
-0.0967 -0.0302 1.0053 161 117 68
-0.0907 -0.0302 1.0053 166 120 71
-0.0846 -0.0302 1.0053 167 125 77
-0.0786 -0.0302 1.0053 166 119 65
-0.0726 -0.0302 1.0053 162 116 66
-0.0665 -0.0302 1.0053 97 58 29
-0.0605 -0.0302 1.0053 83 57 34
-0.0544 -0.0302 1.0053 86 59 30
-0.0484 -0.0302 1.0054 86 61 39
-0.0423 -0.0302 1.0054 84 62 39
-0.0363 -0.0302 1.0054 84 62 38
-0.0302 -0.0302 1.0054 86 64 40
-0.0242 -0.0302 1.0054 93 69 45
-0.0181 -0.0302 1.0055 86 62 34
-0.0121 -0.0302 1.0055 98 74 46
-0.0060 -0.0302 1.0055 79 55 29
0.0000 -0.0302 1.0055 92 66 41
0.0060 -0.0302 1.0055 85 63 39
0.0121 -0.0302 1.0055 90 66 42
0.0181 -0.0302 1.0055 85 64 37
0.0242 -0.0302 1.0055 83 59 31
0.0302 -0.0302 1.0055 88 64 38
0.0363 -0.0302 1.0055 90 66 42
0.0423 -0.0302 1.0055 90 62 38
0.0484 -0.0302 1.0054 81 54 35
0.0544 -0.0302 1.0054 85 53 28
0.0605 -0.0302 1.0054 87 64 48
0.0665 -0.0302 1.0054 97 68 36
0.0726 -0.0302 1.0054 166 120 71
0.0786 -0.0302 1.0053 164 119 62
0.0846 -0.0302 1.0053 166 114 74
0.0907 -0.0302 1.0053 161 120 68
0.0967 -0.0302 1.0053 164 119 64
0.1028 -0.0302 1.0053 167 124 73
0.1088 -0.0302 1.0053 158 115 60
0.1149 -0.0302 1.0053 166 122 73
0.1209 -0.0302 1.0053 165 119 70
0.1270 -0.0302 1.0053 165 119 67
0.1330 -0.0302 1.0052 163 117 65
0.1390 -0.0302 1.0052 161 114 70
0.1451 -0.0302 1.0052 167 119 70
0.1511 -0.0302 1.0052 166 118 70
0.1572 -0.0302 1.0052 159 115 66
0.1632 -0.0302 1.0052 166 120 71
0.1693 -0.0302 1.0052 165 123 73
0.1753 -0.0302 1.0051 139 99 50
0.1813 -0.0302 1.0051 165 121 74
0.1874 -0.0302 1.0051 165 119 69
0.1934 -0.0302 1.0051 166 123 72
0.1995 -0.0302 1.0051 161 118 67
0.2055 -0.0302 1.0051 169 123 73
0.2116 -0.0302 1.0051 164 120 73
0.2176 -0.0302 1.0051 171 125 75
0.2236 -0.0302 1.0051 172 126 74
0.2297 -0.0302 1.0050 162 116 64
0.2357 -0.0302 1.0050 168 122 72
0.2418 -0.0302 1.0050 159 118 66
0.2478 -0.0302 1.0050 155 107 59
0.2539 -0.0302 1.0050 167 123 74
0.2599 -0.0302 1.0050 155 111 62
0.2659 -0.0302 1.0050 150 108 60
0.2720 -0.0302 1.0050 165 118 72
0.2780 -0.0302 1.0050 169 122 76
0.2841 -0.0302 1.0050 158 116 68
0.2901 -0.0302 1.0050 172 124 75
0.2962 -0.0302 1.0050 167 124 73
0.3022 -0.0302 1.0050 162 118 69
0.3082 -0.0302 1.0050 154 110 63
0.3143 -0.0302 1.0049 144 100 55
0.3203 -0.0302 1.0049 145 100 58
0.3264 -0.0302 1.0049 149 106 64
0.3324 -0.0302 1.0049 150 105 63
0.3384 -0.0302 1.0049 141 98 55
0.3445 -0.0302 1.0049 138 97 51
0.3505 -0.0302 1.0049 147 105 57
0.3566 -0.0302 1.0049 152 105 63
0.3626 -0.0302 1.0049 149 105 56
0.3686 -0.0302 1.0049 144 100 53
0.3747 -0.0302 1.0049 154 107 63
0.3807 -0.0302 1.0048 150 103 59
0.3868 -0.0302 1.0048 152 105 59
0.3928 -0.0302 1.0048 155 113 65
0.3988 -0.0302 1.0048 157 110 64
0.4049 -0.0302 1.0048 155 108 62
0.4109 -0.0302 1.0048 153 109 62
0.4170 -0.0302 1.0048 153 110 65
0.4230 -0.0302 1.0048 147 104 61
0.4291 -0.0302 1.0048 149 106 61
0.4351 -0.0302 1.0048 144 97 55
0.4411 -0.0302 1.0048 147 100 54
0.4472 -0.0302 1.0048 151 104 58
0.4532 -0.0302 1.0048 153 109 62
0.4593 -0.0302 1.0048 147 103 58
0.4653 -0.0302 1.0049 148 105 60
0.4714 -0.0302 1.0049 150 107 62
0.4774 -0.0302 1.0049 158 111 67
0.4835 -0.0302 1.0049 156 107 64
0.4895 -0.0302 1.0049 151 107 58
0.4956 -0.0302 1.0049 167 121 71
0.5016 -0.0302 1.0049 165 123 73
0.5076 -0.0302 1.0049 138 94 47
0.5137 -0.0302 1.0050 162 114 65
0.5230 -0.0304 1.0112 140 125 106
0.5766 -0.0331 1.1020 141 174 205
0.5655 -0.0321 1.0684 129 166 193
0.5719 -0.0321 1.0684 137 172 202
0.5783 -0.0321 1.0684 139 172 203
0.5847 -0.0321 1.0684 138 173 203
0.5912 -0.0321 1.0684 133 168 200
0.5976 -0.0321 1.0684 147 180 211
0.6040 -0.0321 1.0684 143 176 207
0.6104 -0.0321 1.0684 132 167 199
-0.6169 -0.0386 1.0684 138 171 204
-0.6104 -0.0386 1.0684 138 168 202
-0.6040 -0.0386 1.0684 135 165 199
-0.5976 -0.0386 1.0684 142 175 206
-0.5912 -0.0386 1.0684 137 172 202
-0.5847 -0.0386 1.0684 138 173 201
-0.5783 -0.0386 1.0684 136 171 203
-0.5719 -0.0386 1.0684 142 173 202
-0.5677 -0.0387 1.0726 136 169 200
-0.5579 -0.0385 1.0662 140 171 202
-0.5200 -0.0363 1.0054 143 113 85
-0.5136 -0.0363 1.0046 169 123 73
-0.5075 -0.0363 1.0046 171 124 78
-0.5015 -0.0363 1.0046 172 129 78
-0.4955 -0.0363 1.0047 162 119 66
-0.4894 -0.0363 1.0046 134 91 46
-0.4834 -0.0363 1.0046 155 111 66
-0.4773 -0.0363 1.0046 145 101 56
-0.4713 -0.0363 1.0046 151 104 60
-0.4652 -0.0363 1.0046 149 102 58
-0.4592 -0.0363 1.0046 150 103 57
-0.4531 -0.0363 1.0046 149 102 56
-0.4471 -0.0362 1.0046 151 104 60
-0.4410 -0.0362 1.0046 153 109 62
-0.4350 -0.0362 1.0046 154 109 67
-0.4289 -0.0362 1.0046 149 105 60
-0.4229 -0.0362 1.0046 144 97 53
-0.4169 -0.0362 1.0046 153 106 62
-0.4108 -0.0362 1.0046 148 104 57
-0.4048 -0.0362 1.0046 148 104 59
-0.3987 -0.0362 1.0046 150 102 62
-0.3927 -0.0362 1.0046 150 106 61
-0.3867 -0.0363 1.0046 153 109 62
-0.3806 -0.0363 1.0046 146 102 57
-0.3746 -0.0363 1.0046 149 105 60
-0.3686 -0.0363 1.0046 159 115 70
-0.3625 -0.0363 1.0047 154 107 61
-0.3565 -0.0363 1.0047 154 107 63
-0.3504 -0.0363 1.0047 157 113 68
-0.3444 -0.0363 1.0047 143 98 56
-0.3384 -0.0363 1.0047 144 97 55
-0.3323 -0.0363 1.0047 149 105 60
-0.3263 -0.0363 1.0048 151 107 60
-0.3203 -0.0363 1.0048 148 103 61
-0.3142 -0.0363 1.0048 153 109 64
-0.3082 -0.0363 1.0048 145 101 54
-0.3022 -0.0363 1.0048 170 126 77
-0.2961 -0.0363 1.0049 162 119 66
-0.2901 -0.0363 1.0049 170 120 69
-0.2840 -0.0363 1.0049 174 127 75
-0.2780 -0.0363 1.0049 160 117 66
-0.2720 -0.0363 1.0049 173 125 76
-0.2659 -0.0363 1.0050 167 121 72
-0.2599 -0.0363 1.0050 163 116 72
-0.2539 -0.0363 1.0050 163 120 69
-0.2478 -0.0363 1.0050 157 114 63
-0.2418 -0.0363 1.0050 157 114 69
-0.2357 -0.0363 1.0050 166 123 72
-0.2297 -0.0363 1.0050 165 118 66
-0.2236 -0.0363 1.0051 166 120 68
-0.2176 -0.0363 1.0051 168 120 72
-0.2116 -0.0363 1.0051 165 122 69
-0.2055 -0.0363 1.0051 161 115 66
-0.1995 -0.0363 1.0051 164 120 73
-0.1934 -0.0363 1.0051 157 113 64
-0.1874 -0.0363 1.0051 162 115 69
-0.1813 -0.0363 1.0051 163 119 72
-0.1753 -0.0363 1.0051 164 120 73
-0.1693 -0.0363 1.0051 164 118 69
-0.1632 -0.0363 1.0052 173 130 79
-0.1572 -0.0363 1.0052 136 89 43
-0.1511 -0.0363 1.0052 169 122 76
-0.1451 -0.0363 1.0052 167 119 70
-0.1390 -0.0363 1.0052 167 121 71
-0.1330 -0.0363 1.0052 174 131 80
-0.1270 -0.0363 1.0052 162 116 67
-0.1209 -0.0363 1.0052 158 112 63
-0.1149 -0.0363 1.0052 166 122 73
-0.1088 -0.0363 1.0052 171 129 79
-0.1028 -0.0363 1.0053 165 118 72
-0.0967 -0.0363 1.0053 169 122 68
-0.0907 -0.0363 1.0053 165 123 73
-0.0846 -0.0363 1.0053 169 119 66
-0.0786 -0.0363 1.0053 160 122 73
-0.0726 -0.0363 1.0053 89 56 21
-0.0665 -0.0363 1.0053 90 62 38
-0.0605 -0.0363 1.0053 93 65 43
-0.0544 -0.0363 1.0053 89 63 38
-0.0484 -0.0363 1.0054 80 54 29
-0.0423 -0.0363 1.0054 85 61 33
-0.0363 -0.0363 1.0054 85 61 33
-0.0302 -0.0363 1.0054 77 51 26
-0.0242 -0.0363 1.0054 90 64 37
-0.0181 -0.0363 1.0054 89 65 37
-0.0121 -0.0363 1.0054 89 66 35
-0.0060 -0.0363 1.0055 88 63 41
0.0000 -0.0363 1.0055 84 60 34
0.0060 -0.0363 1.0055 83 56 29
0.0121 -0.0363 1.0055 85 64 37
0.0181 -0.0363 1.0055 86 60 33
0.0242 -0.0363 1.0055 76 52 26
0.0302 -0.0363 1.0054 85 63 39
0.0363 -0.0363 1.0054 88 66 42
0.0423 -0.0363 1.0054 76 54 30
0.0484 -0.0363 1.0054 82 61 34
0.0544 -0.0363 1.0054 84 60 36
0.0605 -0.0363 1.0054 89 65 37
0.0665 -0.0363 1.0054 87 63 35
0.0726 -0.0363 1.0054 91 57 30
0.0786 -0.0363 1.0053 157 122 64
0.0846 -0.0363 1.0053 161 114 72
0.0907 -0.0363 1.0053 165 123 73
0.0967 -0.0363 1.0053 165 122 71
0.1028 -0.0363 1.0053 167 124 73
0.1088 -0.0363 1.0053 164 120 73
0.1149 -0.0363 1.0053 162 115 69
0.1209 -0.0363 1.0053 163 117 67
0.1270 -0.0363 1.0052 166 123 70
0.1330 -0.0363 1.0052 169 121 73
0.1390 -0.0363 1.0052 167 121 71
0.1451 -0.0363 1.0052 165 118 64
0.1511 -0.0363 1.0052 171 124 72
0.1572 -0.0363 1.0052 165 117 68
0.1632 -0.0363 1.0052 165 117 68
0.1693 -0.0363 1.0051 171 120 73
0.1753 -0.0363 1.0051 140 91 50
0.1813 -0.0363 1.0051 156 112 67
0.1874 -0.0363 1.0051 168 128 77
0.1934 -0.0363 1.0051 159 117 67
0.1995 -0.0363 1.0051 161 118 65
0.2055 -0.0363 1.0051 166 120 70
0.2116 -0.0363 1.0051 167 120 74
0.2176 -0.0363 1.0051 161 118 67
0.2236 -0.0363 1.0050 160 114 62
0.2297 -0.0363 1.0050 167 120 68
0.2357 -0.0363 1.0050 164 121 70
0.2418 -0.0363 1.0050 160 114 65
0.2478 -0.0363 1.0050 159 115 66
0.2539 -0.0363 1.0050 162 118 71
0.2599 -0.0363 1.0050 165 118 72
0.2659 -0.0363 1.0050 165 119 69
0.2720 -0.0363 1.0050 169 124 69
0.2780 -0.0363 1.0050 164 120 71
0.2841 -0.0363 1.0050 167 119 71
0.2901 -0.0363 1.0050 159 111 62
0.2961 -0.0363 1.0049 168 122 72
0.3022 -0.0363 1.0049 170 126 79
0.3082 -0.0363 1.0049 146 103 60
0.3143 -0.0363 1.0049 158 111 65
0.3203 -0.0363 1.0049 149 102 56
0.3264 -0.0363 1.0049 152 109 64
0.3324 -0.0363 1.0049 150 107 62
0.3384 -0.0363 1.0049 150 106 61
0.3445 -0.0363 1.0049 150 108 60
0.3505 -0.0363 1.0049 147 107 58
0.3566 -0.0363 1.0049 152 105 61
0.3626 -0.0363 1.0049 141 98 55
0.3686 -0.0363 1.0048 156 111 69
0.3747 -0.0363 1.0048 141 96 55
0.3807 -0.0363 1.0048 148 103 62
0.3868 -0.0363 1.0048 155 108 64
0.3928 -0.0363 1.0048 149 105 60
0.3988 -0.0363 1.0048 150 103 59
0.4049 -0.0363 1.0048 155 108 64
0.4109 -0.0363 1.0048 157 110 66
0.4170 -0.0363 1.0048 149 104 62
0.4230 -0.0363 1.0048 145 102 60
0.4291 -0.0363 1.0048 146 103 61
0.4351 -0.0363 1.0048 155 108 66
0.4411 -0.0363 1.0048 146 99 53
0.4472 -0.0363 1.0048 146 103 58
0.4532 -0.0363 1.0048 152 110 62
0.4593 -0.0363 1.0048 151 108 63
0.4653 -0.0363 1.0048 143 99 54
0.4714 -0.0363 1.0049 150 103 59
0.4774 -0.0363 1.0049 149 105 60
0.4835 -0.0363 1.0049 151 103 63
0.4895 -0.0363 1.0049 146 99 55
0.4955 -0.0363 1.0049 168 124 75
0.5016 -0.0363 1.0048 167 121 72
0.5076 -0.0363 1.0049 139 94 52
0.5137 -0.0363 1.0049 155 109 60
0.5230 -0.0365 1.0112 133 116 100
0.5767 -0.0398 1.1022 133 166 197
0.5655 -0.0386 1.0684 139 174 204
0.5719 -0.0386 1.0684 137 172 202
0.5783 -0.0386 1.0684 142 175 206
0.5847 -0.0386 1.0684 137 170 201
0.5912 -0.0386 1.0684 145 179 207
0.5976 -0.0386 1.0684 131 165 193
0.6040 -0.0386 1.0684 139 173 201
0.6104 -0.0386 1.0684 130 164 192
-0.6169 -0.0450 1.0684 136 172 204
-0.6104 -0.0450 1.0684 135 170 202
-0.6040 -0.0450 1.0684 137 170 203
-0.5976 -0.0450 1.0684 138 172 200
-0.5912 -0.0450 1.0684 135 171 195
-0.5847 -0.0450 1.0684 145 180 210
-0.5783 -0.0450 1.0684 133 168 196
-0.5719 -0.0450 1.0684 132 165 198
-0.5680 -0.0452 1.0733 136 171 201
-0.5541 -0.0446 1.0590 141 172 203
-0.5200 -0.0423 1.0054 152 122 94
-0.5136 -0.0423 1.0046 165 119 69
-0.5075 -0.0423 1.0046 165 118 72
-0.5015 -0.0423 1.0046 165 122 71
-0.4955 -0.0423 1.0047 167 124 73
-0.4894 -0.0423 1.0046 138 93 54
-0.4834 -0.0423 1.0046 152 107 66
-0.4773 -0.0423 1.0046 151 107 60
-0.4713 -0.0423 1.0046 155 108 64
-0.4652 -0.0423 1.0046 146 101 59
-0.4592 -0.0423 1.0046 145 103 55
-0.4531 -0.0423 1.0046 147 102 61
-0.4471 -0.0423 1.0046 151 107 62
-0.4410 -0.0423 1.0046 155 110 68
-0.4350 -0.0423 1.0046 149 104 62
-0.4289 -0.0423 1.0046 150 107 62
-0.4229 -0.0423 1.0046 149 106 63
-0.4169 -0.0423 1.0046 148 104 57
-0.4108 -0.0423 1.0046 150 110 61
-0.4048 -0.0423 1.0046 155 108 62
-0.3987 -0.0423 1.0046 152 107 65
-0.3927 -0.0423 1.0046 153 108 67
-0.3867 -0.0423 1.0046 147 100 58
-0.3806 -0.0423 1.0046 152 105 63
-0.3746 -0.0423 1.0046 156 109 67
-0.3686 -0.0423 1.0046 152 105 59
-0.3625 -0.0423 1.0046 147 100 54
-0.3565 -0.0423 1.0047 148 101 59
-0.3504 -0.0423 1.0047 157 113 68
-0.3444 -0.0423 1.0047 143 96 52
-0.3384 -0.0423 1.0047 148 101 59
-0.3323 -0.0423 1.0047 149 105 60
-0.3263 -0.0423 1.0048 143 101 53
-0.3203 -0.0423 1.0048 152 108 63
-0.3142 -0.0423 1.0048 149 102 58
-0.3082 -0.0423 1.0048 148 101 55
-0.3022 -0.0423 1.0048 164 120 71
-0.2961 -0.0423 1.0049 165 121 72
-0.2901 -0.0423 1.0049 165 121 72
-0.2840 -0.0423 1.0049 162 119 68
-0.2780 -0.0423 1.0049 160 117 66
-0.2720 -0.0423 1.0049 160 118 68
-0.2659 -0.0423 1.0049 160 117 66
-0.2599 -0.0423 1.0050 159 116 65
-0.2538 -0.0423 1.0050 169 126 73
-0.2478 -0.0423 1.0050 167 124 69
-0.2418 -0.0423 1.0050 161 119 71
-0.2357 -0.0423 1.0050 163 120 69
-0.2297 -0.0423 1.0050 163 115 66
-0.2236 -0.0423 1.0050 168 120 72
-0.2176 -0.0423 1.0050 164 118 68
-0.2116 -0.0423 1.0051 166 122 75
-0.2055 -0.0423 1.0051 170 124 72
-0.1995 -0.0423 1.0051 159 116 63
-0.1934 -0.0423 1.0051 154 113 57
-0.1874 -0.0423 1.0051 163 117 67
-0.1813 -0.0423 1.0051 164 123 69
-0.1753 -0.0423 1.0051 167 126 74
-0.1693 -0.0423 1.0051 164 120 71
-0.1632 -0.0423 1.0051 162 120 70
-0.1572 -0.0423 1.0051 144 100 55
-0.1511 -0.0423 1.0052 163 119 72
-0.1451 -0.0423 1.0052 167 124 73
-0.1390 -0.0423 1.0052 176 130 80
-0.1330 -0.0423 1.0052 169 121 73
-0.1270 -0.0423 1.0052 162 116 67
-0.1209 -0.0423 1.0052 170 126 77
-0.1149 -0.0423 1.0052 163 120 69
-0.1088 -0.0423 1.0052 167 121 69
-0.1028 -0.0423 1.0052 165 119 69
-0.0967 -0.0423 1.0053 167 127 78
-0.0907 -0.0423 1.0053 177 125 75
-0.0846 -0.0423 1.0053 159 118 72
-0.0786 -0.0423 1.0053 93 52 20
-0.0726 -0.0423 1.0053 75 46 28
-0.0665 -0.0423 1.0053 84 61 30
-0.0605 -0.0423 1.0053 73 54 24
-0.0544 -0.0423 1.0053 82 56 33
-0.0484 -0.0423 1.0054 81 53 31
-0.0423 -0.0423 1.0054 86 60 37
-0.0363 -0.0423 1.0054 86 62 38
-0.0302 -0.0423 1.0054 88 61 40
-0.0242 -0.0423 1.0054 80 56 30
-0.0181 -0.0423 1.0054 85 64 35
-0.0121 -0.0423 1.0054 88 68 41
-0.0060 -0.0423 1.0054 85 65 38
0.0000 -0.0423 1.0054 86 62 36
0.0060 -0.0423 1.0054 88 60 38
0.0121 -0.0423 1.0054 89 65 41
0.0181 -0.0423 1.0054 89 59 33
0.0242 -0.0423 1.0054 84 60 36
0.0302 -0.0423 1.0054 85 60 38
0.0363 -0.0423 1.0054 76 52 26
0.0423 -0.0423 1.0054 79 57 33
0.0484 -0.0423 1.0054 89 61 39
0.0544 -0.0423 1.0054 84 56 34
0.0605 -0.0423 1.0054 92 57 37
0.0665 -0.0423 1.0054 82 52 24
0.0726 -0.0423 1.0054 94 68 45
0.0786 -0.0423 1.0053 93 59 22
0.0846 -0.0423 1.0053 167 116 71
0.0907 -0.0423 1.0053 158 111 67
0.0967 -0.0423 1.0053 170 122 73
0.1028 -0.0423 1.0053 163 118 61
0.1088 -0.0423 1.0053 159 113 63
0.1149 -0.0423 1.0053 164 119 64
0.1209 -0.0423 1.0052 169 123 71
0.1270 -0.0423 1.0052 164 121 68
0.1330 -0.0423 1.0052 166 118 72
0.1390 -0.0423 1.0052 168 118 69
0.1451 -0.0423 1.0052 160 119 67
0.1511 -0.0423 1.0052 165 125 74
0.1572 -0.0423 1.0052 162 118 69
0.1632 -0.0423 1.0051 166 123 72
0.1693 -0.0423 1.0051 175 134 80
0.1753 -0.0423 1.0051 132 88 41
0.1813 -0.0423 1.0051 170 122 74
0.1874 -0.0423 1.0051 161 113 64
0.1934 -0.0423 1.0051 160 113 67
0.1995 -0.0423 1.0051 163 119 70
0.2055 -0.0423 1.0051 163 117 67
0.2116 -0.0423 1.0051 167 120 74
0.2176 -0.0423 1.0050 168 122 72
0.2236 -0.0423 1.0050 162 119 66
0.2297 -0.0423 1.0050 163 120 67
0.2357 -0.0423 1.0050 162 118 69
0.2418 -0.0423 1.0050 161 120 68
0.2478 -0.0423 1.0050 165 117 69
0.2539 -0.0423 1.0050 171 129 79
0.2599 -0.0423 1.0050 158 116 66
0.2659 -0.0423 1.0050 170 124 74
0.2720 -0.0423 1.0050 158 111 59
0.2780 -0.0423 1.0050 163 117 68
0.2841 -0.0423 1.0050 167 123 74
0.2901 -0.0423 1.0049 167 121 72
0.2961 -0.0423 1.0049 162 119 68
0.3022 -0.0423 1.0049 169 121 72
0.3082 -0.0423 1.0049 155 108 62
0.3143 -0.0423 1.0049 148 104 59
0.3203 -0.0423 1.0049 151 107 60
0.3263 -0.0423 1.0049 153 109 60
0.3324 -0.0423 1.0049 146 102 57
0.3384 -0.0423 1.0049 148 104 59
0.3445 -0.0423 1.0049 146 105 59
0.3505 -0.0423 1.0049 155 111 66
0.3565 -0.0423 1.0048 156 105 62
0.3626 -0.0423 1.0048 145 101 52
0.3686 -0.0423 1.0048 159 115 68
0.3747 -0.0423 1.0048 151 107 60
0.3807 -0.0423 1.0048 150 108 60
0.3868 -0.0423 1.0048 150 103 59
0.3928 -0.0423 1.0048 147 104 59
0.3988 -0.0423 1.0048 153 106 62
0.4049 -0.0423 1.0048 146 99 57
0.4109 -0.0423 1.0048 150 107 64
0.4170 -0.0423 1.0048 149 106 63
0.4230 -0.0423 1.0048 157 112 70
0.4291 -0.0423 1.0048 149 106 61
0.4351 -0.0423 1.0048 154 109 67
0.4411 -0.0423 1.0048 146 103 58
0.4472 -0.0423 1.0048 150 109 65
0.4532 -0.0423 1.0048 152 109 66
0.4593 -0.0423 1.0048 143 96 54
0.4653 -0.0423 1.0048 145 101 56
0.4714 -0.0423 1.0048 156 112 67
0.4774 -0.0423 1.0048 148 99 56
0.4835 -0.0423 1.0049 150 101 58
0.4895 -0.0423 1.0049 153 111 63
0.4955 -0.0423 1.0048 164 114 65
0.5016 -0.0423 1.0048 163 121 71
0.5076 -0.0423 1.0048 144 100 55
0.5137 -0.0423 1.0049 163 117 67
0.5229 -0.0426 1.0111 136 121 102
0.5770 -0.0464 1.1027 131 166 194
0.5655 -0.0450 1.0684 142 175 206
0.5719 -0.0450 1.0684 135 168 199
0.5783 -0.0450 1.0684 136 169 200
0.5847 -0.0450 1.0684 140 174 202
0.5912 -0.0450 1.0684 134 169 197
0.5976 -0.0450 1.0684 135 170 198
0.6040 -0.0450 1.0684 138 171 202
0.6104 -0.0450 1.0684 140 171 200
-0.6169 -0.0514 1.0684 139 170 199
-0.6104 -0.0514 1.0684 135 165 199
-0.6040 -0.0514 1.0684 141 170 204
-0.5976 -0.0514 1.0684 144 170 203
-0.5912 -0.0514 1.0684 144 177 208
-0.5847 -0.0514 1.0684 132 167 197
-0.5783 -0.0514 1.0684 137 170 201
-0.5719 -0.0514 1.0684 141 172 203
-0.5683 -0.0517 1.0737 138 172 199
-0.5517 -0.0507 1.0544 130 165 193
-0.5200 -0.0484 1.0055 144 117 90
-0.5135 -0.0483 1.0046 167 123 74
-0.5075 -0.0483 1.0046 166 120 71
-0.5015 -0.0483 1.0046 166 124 74
-0.4954 -0.0483 1.0047 158 117 65
-0.4894 -0.0483 1.0046 136 95 51
-0.4834 -0.0483 1.0046 148 104 59
-0.4773 -0.0483 1.0046 152 106 57
-0.4713 -0.0483 1.0046 153 107 58
-0.4652 -0.0483 1.0046 150 108 60
-0.4592 -0.0483 1.0046 149 111 64
-0.4531 -0.0483 1.0046 149 108 56
-0.4471 -0.0483 1.0046 154 112 64
-0.4410 -0.0483 1.0046 148 105 60
-0.4350 -0.0483 1.0046 153 106 60
-0.4289 -0.0483 1.0046 154 111 68
-0.4229 -0.0483 1.0045 156 109 67
-0.4169 -0.0483 1.0045 148 106 58
-0.4108 -0.0483 1.0046 150 112 67
-0.4048 -0.0483 1.0046 151 110 64
-0.3987 -0.0483 1.0046 144 100 55
-0.3927 -0.0483 1.0046 148 101 57
-0.3867 -0.0483 1.0046 145 97 57
-0.3806 -0.0483 1.0046 144 103 59
-0.3746 -0.0483 1.0046 150 106 61
-0.3686 -0.0483 1.0046 146 97 54
-0.3625 -0.0483 1.0046 152 101 58
-0.3565 -0.0483 1.0047 149 104 62
-0.3504 -0.0483 1.0047 152 105 61
-0.3444 -0.0483 1.0047 149 102 58
-0.3384 -0.0483 1.0047 147 102 60
-0.3323 -0.0483 1.0047 149 107 59
-0.3263 -0.0483 1.0047 149 108 62
-0.3203 -0.0483 1.0048 147 103 58
-0.3142 -0.0483 1.0048 153 105 59
-0.3082 -0.0483 1.0048 154 110 61
-0.3022 -0.0483 1.0048 170 124 74
-0.2961 -0.0483 1.0048 161 117 70
-0.2901 -0.0483 1.0049 162 120 70
-0.2840 -0.0483 1.0049 164 117 65
-0.2780 -0.0483 1.0049 158 110 62
-0.2720 -0.0483 1.0049 162 119 68
-0.2659 -0.0483 1.0049 158 114 65
-0.2599 -0.0484 1.0049 163 119 70
-0.2538 -0.0484 1.0050 161 117 70
-0.2478 -0.0484 1.0050 174 130 81
-0.2418 -0.0484 1.0050 161 116 75
-0.2357 -0.0484 1.0050 162 120 72
-0.2297 -0.0484 1.0050 162 121 69
-0.2236 -0.0484 1.0050 168 122 73
-0.2176 -0.0484 1.0050 166 119 73
-0.2116 -0.0484 1.0050 162 116 67
-0.2055 -0.0484 1.0050 162 119 68
-0.1995 -0.0484 1.0051 161 114 68
-0.1934 -0.0484 1.0051 163 119 70
-0.1874 -0.0484 1.0051 161 115 66
-0.1813 -0.0484 1.0051 161 114 68
-0.1753 -0.0484 1.0051 164 120 71
-0.1693 -0.0484 1.0051 164 120 71
-0.1632 -0.0484 1.0051 167 123 74
-0.1572 -0.0484 1.0051 135 91 44
-0.1511 -0.0484 1.0051 160 116 67
-0.1451 -0.0484 1.0051 171 125 76
-0.1390 -0.0484 1.0052 157 113 66
-0.1330 -0.0484 1.0052 158 112 63
-0.1270 -0.0484 1.0052 166 118 69
-0.1209 -0.0484 1.0052 166 120 70
-0.1149 -0.0484 1.0052 165 119 70
-0.1088 -0.0484 1.0052 168 118 69
-0.1028 -0.0484 1.0052 169 123 74
-0.0967 -0.0484 1.0052 168 122 73
-0.0907 -0.0484 1.0052 170 124 75
-0.0846 -0.0484 1.0053 154 115 74
-0.0786 -0.0484 1.0053 90 61 31
-0.0725 -0.0484 1.0053 82 52 26
-0.0665 -0.0484 1.0053 90 60 34
-0.0605 -0.0484 1.0053 87 60 33
-0.0544 -0.0484 1.0053 87 61 36
-0.0484 -0.0484 1.0053 85 58 37
-0.0423 -0.0484 1.0054 87 61 36
-0.0363 -0.0484 1.0054 86 60 37
-0.0302 -0.0484 1.0054 84 56 35
-0.0242 -0.0484 1.0054 86 59 30
-0.0181 -0.0484 1.0054 89 61 39
-0.0121 -0.0484 1.0054 81 54 37
-0.0060 -0.0484 1.0054 84 58 35
0.0000 -0.0484 1.0054 76 50 27
0.0060 -0.0484 1.0054 81 59 35
0.0121 -0.0484 1.0054 85 62 30
0.0181 -0.0484 1.0054 86 60 35
0.0242 -0.0484 1.0054 83 59 35
0.0302 -0.0484 1.0054 98 73 51
0.0363 -0.0484 1.0054 87 63 37
0.0423 -0.0484 1.0054 84 58 33
0.0484 -0.0484 1.0054 86 60 37
0.0544 -0.0484 1.0054 80 56 32
0.0605 -0.0484 1.0054 78 57 30
0.0665 -0.0484 1.0054 85 60 38
0.0726 -0.0484 1.0053 87 63 35
0.0786 -0.0484 1.0053 83 59 35
0.0846 -0.0484 1.0053 161 120 74
0.0907 -0.0484 1.0053 165 121 74
0.0967 -0.0484 1.0052 162 120 72
0.1028 -0.0484 1.0052 166 122 73
0.1088 -0.0484 1.0052 158 114 65
0.1149 -0.0484 1.0052 159 112 66
0.1209 -0.0484 1.0052 168 121 75
0.1270 -0.0484 1.0052 167 124 73
0.1330 -0.0484 1.0052 162 119 66
0.1390 -0.0484 1.0052 165 122 71
0.1451 -0.0484 1.0052 159 115 68
0.1511 -0.0484 1.0051 171 123 75
0.1572 -0.0484 1.0051 165 117 68
0.1632 -0.0484 1.0051 158 112 63
0.1693 -0.0484 1.0051 161 117 68
0.1753 -0.0484 1.0051 144 100 53
0.1813 -0.0484 1.0051 169 126 75
0.1874 -0.0484 1.0051 164 123 71
0.1934 -0.0484 1.0051 162 120 70
0.1995 -0.0484 1.0051 159 112 66
0.2055 -0.0484 1.0050 160 112 64
0.2116 -0.0484 1.0050 164 118 68
0.2176 -0.0484 1.0050 168 124 75
0.2236 -0.0484 1.0050 169 123 71
0.2297 -0.0484 1.0050 163 117 67
0.2357 -0.0484 1.0050 163 120 69
0.2418 -0.0484 1.0050 165 122 69
0.2478 -0.0484 1.0050 163 117 67
0.2538 -0.0484 1.0050 163 119 70
0.2599 -0.0484 1.0050 164 122 74
0.2659 -0.0484 1.0050 163 119 72
0.2720 -0.0484 1.0050 166 123 72
0.2780 -0.0484 1.0049 157 113 64
0.2841 -0.0483 1.0049 164 122 72
0.2901 -0.0483 1.0049 164 118 68
0.2961 -0.0483 1.0049 159 119 70
0.3022 -0.0483 1.0049 172 126 74
0.3082 -0.0483 1.0049 150 102 56
0.3143 -0.0483 1.0049 146 103 60
0.3203 -0.0483 1.0049 147 102 60
0.3263 -0.0483 1.0049 154 105 62
0.3324 -0.0483 1.0049 141 97 52
0.3384 -0.0483 1.0049 150 107 64
0.3445 -0.0483 1.0048 154 107 65
0.3505 -0.0483 1.0048 148 101 57
0.3565 -0.0483 1.0048 152 105 59
0.3626 -0.0483 1.0048 151 106 64
0.3686 -0.0483 1.0048 148 105 62
0.3747 -0.0483 1.0048 149 104 62
0.3807 -0.0483 1.0048 154 109 67
0.3867 -0.0483 1.0048 147 104 59
0.3928 -0.0483 1.0048 146 103 58
0.3988 -0.0483 1.0048 148 104 59
0.4049 -0.0483 1.0048 151 104 62
0.4109 -0.0483 1.0048 151 107 62
0.4170 -0.0483 1.0048 153 106 64
0.4230 -0.0483 1.0048 150 107 64
0.4290 -0.0483 1.0048 145 101 56
0.4351 -0.0483 1.0048 150 106 61
0.4411 -0.0483 1.0048 146 103 60
0.4472 -0.0483 1.0048 146 104 56
0.4532 -0.0483 1.0048 148 100 60
0.4593 -0.0483 1.0048 153 109 64
0.4653 -0.0483 1.0048 146 103 58
0.4714 -0.0483 1.0048 152 109 66
0.4774 -0.0483 1.0048 152 109 66
0.4835 -0.0483 1.0048 142 98 53
0.4895 -0.0483 1.0048 148 106 56
0.4955 -0.0483 1.0048 167 121 71
0.5016 -0.0483 1.0048 167 123 74
0.5076 -0.0483 1.0048 138 94 47
0.5137 -0.0483 1.0049 159 115 70
0.5228 -0.0486 1.0108 143 128 105
0.5774 -0.0531 1.1035 138 172 200
0.5655 -0.0514 1.0684 142 172 206
0.5719 -0.0514 1.0684 142 173 202
0.5783 -0.0514 1.0684 139 170 198
0.5847 -0.0514 1.0684 137 168 197
0.5912 -0.0514 1.0684 139 174 206
0.5976 -0.0514 1.0684 133 169 201
0.6040 -0.0514 1.0684 129 162 193
0.6104 -0.0514 1.0684 135 168 199
-0.6169 -0.0578 1.0684 136 167 196
-0.6104 -0.0578 1.0684 146 176 210
-0.6040 -0.0578 1.0684 141 172 203
-0.5976 -0.0578 1.0684 142 173 202
-0.5912 -0.0578 1.0684 139 172 203
-0.5847 -0.0578 1.0684 135 168 199
-0.5785 -0.0579 1.0689 137 170 201
-0.5719 -0.0578 1.0684 136 169 200
-0.5686 -0.0582 1.0744 138 169 197
-0.5490 -0.0568 1.0493 138 172 200
-0.5201 -0.0544 1.0055 153 126 97
-0.5135 -0.0544 1.0046 164 121 68
-0.5075 -0.0544 1.0046 163 116 70
-0.5015 -0.0544 1.0046 160 120 71
-0.4954 -0.0544 1.0046 167 120 74
-0.4894 -0.0544 1.0046 141 98 53
-0.4833 -0.0544 1.0046 148 103 61
-0.4773 -0.0544 1.0046 142 98 53
-0.4713 -0.0544 1.0046 154 110 65
-0.4652 -0.0544 1.0046 149 106 61
-0.4592 -0.0544 1.0046 151 110 66
-0.4531 -0.0544 1.0046 155 111 62
-0.4471 -0.0544 1.0046 139 97 49
-0.4410 -0.0544 1.0046 153 110 67
-0.4350 -0.0544 1.0045 147 105 57
-0.4289 -0.0544 1.0045 151 102 62
-0.4229 -0.0544 1.0045 150 109 65
-0.4169 -0.0544 1.0045 145 96 55
-0.4108 -0.0544 1.0045 143 100 57
-0.4048 -0.0544 1.0046 154 111 66
-0.3987 -0.0544 1.0046 147 103 58
-0.3927 -0.0544 1.0046 151 104 60
-0.3867 -0.0544 1.0046 153 106 60
-0.3806 -0.0544 1.0046 147 103 56
-0.3746 -0.0544 1.0046 147 103 56
-0.3686 -0.0544 1.0046 150 109 63
-0.3625 -0.0544 1.0046 145 101 56
-0.3565 -0.0544 1.0046 146 103 58
-0.3504 -0.0544 1.0047 147 103 58
-0.3444 -0.0544 1.0047 150 105 63
-0.3384 -0.0544 1.0047 149 106 63
-0.3323 -0.0544 1.0047 147 103 56
-0.3263 -0.0544 1.0047 153 112 66
-0.3203 -0.0544 1.0047 144 101 58
-0.3142 -0.0544 1.0048 148 106 58
-0.3082 -0.0544 1.0048 149 102 56
-0.3021 -0.0544 1.0048 161 117 68
-0.2961 -0.0544 1.0048 163 117 68
-0.2901 -0.0544 1.0048 163 121 71
-0.2840 -0.0544 1.0049 158 112 62
-0.2780 -0.0544 1.0049 158 114 65
-0.2720 -0.0544 1.0049 161 120 68
-0.2659 -0.0544 1.0049 165 118 72
-0.2599 -0.0544 1.0049 166 118 72
-0.2538 -0.0544 1.0049 166 119 73
-0.2478 -0.0544 1.0049 170 123 77
-0.2418 -0.0544 1.0050 168 121 77
-0.2357 -0.0544 1.0050 170 124 74
-0.2297 -0.0544 1.0050 166 123 70
-0.2236 -0.0544 1.0050 160 116 71
-0.2176 -0.0544 1.0050 165 118 72
-0.2115 -0.0544 1.0050 170 122 74
-0.2055 -0.0544 1.0050 170 119 72
-0.1995 -0.0544 1.0050 161 115 66
-0.1934 -0.0544 1.0050 162 121 69
-0.1874 -0.0544 1.0051 166 122 73
-0.1813 -0.0544 1.0051 165 118 72
-0.1753 -0.0544 1.0051 151 107 58
-0.1693 -0.0544 1.0051 166 124 76
-0.1632 -0.0544 1.0051 160 117 72
-0.1572 -0.0544 1.0051 130 87 42
-0.1511 -0.0544 1.0051 166 122 75
-0.1451 -0.0544 1.0051 168 124 75
-0.1390 -0.0544 1.0051 162 118 69
-0.1330 -0.0544 1.0052 168 126 76
-0.1269 -0.0544 1.0052 165 119 69
-0.1209 -0.0544 1.0052 167 123 74
-0.1149 -0.0544 1.0052 159 115 68
-0.1088 -0.0544 1.0052 167 124 73
-0.1028 -0.0544 1.0052 164 122 72
-0.0967 -0.0544 1.0052 159 115 68
-0.0907 -0.0544 1.0052 163 124 69
-0.0846 -0.0544 1.0052 88 58 30
-0.0786 -0.0544 1.0053 79 52 25
-0.0725 -0.0544 1.0053 83 55 31
-0.0665 -0.0544 1.0053 82 56 31
-0.0605 -0.0544 1.0053 90 64 39
-0.0544 -0.0544 1.0053 83 57 32
-0.0484 -0.0544 1.0053 89 63 38
-0.0423 -0.0544 1.0053 85 60 29
-0.0363 -0.0544 1.0053 86 61 31
-0.0302 -0.0544 1.0053 92 65 36
-0.0242 -0.0544 1.0053 88 60 38
-0.0181 -0.0544 1.0054 96 69 40
-0.0121 -0.0544 1.0054 91 65 30
-0.0060 -0.0544 1.0054 87 59 35
0.0000 -0.0544 1.0054 86 56 30
0.0060 -0.0544 1.0054 83 56 29
0.0121 -0.0544 1.0054 87 61 28
0.0181 -0.0544 1.0054 93 63 37
0.0242 -0.0544 1.0054 90 60 32
0.0302 -0.0544 1.0054 86 59 32
0.0363 -0.0544 1.0054 89 62 35
0.0423 -0.0544 1.0054 87 55 32
0.0484 -0.0544 1.0054 90 63 34
0.0544 -0.0544 1.0054 95 66 36
0.0605 -0.0544 1.0053 80 53 24
0.0665 -0.0544 1.0053 88 58 32
0.0726 -0.0544 1.0053 85 58 31
0.0786 -0.0544 1.0053 84 59 28
0.0846 -0.0544 1.0053 93 64 34
0.0907 -0.0544 1.0052 172 125 83
0.0967 -0.0544 1.0052 157 115 67
0.1028 -0.0544 1.0052 163 119 72
0.1088 -0.0544 1.0052 166 124 76
0.1149 -0.0544 1.0052 172 125 79
0.1209 -0.0544 1.0052 165 119 70
0.1270 -0.0544 1.0052 161 117 68
0.1330 -0.0544 1.0052 162 121 67
0.1390 -0.0544 1.0052 162 119 68
0.1451 -0.0544 1.0051 169 125 78
0.1511 -0.0544 1.0051 169 121 73
0.1572 -0.0544 1.0051 165 117 69
0.1632 -0.0544 1.0051 166 120 71
0.1693 -0.0544 1.0051 163 119 74
0.1753 -0.0544 1.0051 138 93 51
0.1813 -0.0544 1.0051 161 117 68
0.1874 -0.0544 1.0050 159 115 66
0.1934 -0.0544 1.0050 167 123 76
0.1995 -0.0544 1.0050 161 117 72
0.2055 -0.0544 1.0050 169 125 76
0.2115 -0.0544 1.0050 170 127 76
0.2176 -0.0544 1.0050 162 119 68
0.2236 -0.0544 1.0050 164 121 70
0.2297 -0.0544 1.0050 170 129 75
0.2357 -0.0544 1.0050 166 124 74
0.2418 -0.0544 1.0050 160 116 71
0.2478 -0.0544 1.0050 165 118 72
0.2538 -0.0544 1.0050 162 120 72
0.2599 -0.0544 1.0050 164 120 73
0.2659 -0.0544 1.0049 162 116 66
0.2720 -0.0544 1.0049 161 118 65
0.2780 -0.0544 1.0049 165 123 73
0.2841 -0.0544 1.0049 166 124 74
0.2901 -0.0544 1.0049 165 121 72
0.2961 -0.0544 1.0049 164 121 78
0.3022 -0.0544 1.0049 164 120 71
0.3082 -0.0544 1.0049 156 109 67
0.3143 -0.0544 1.0049 146 104 56
0.3203 -0.0544 1.0049 151 104 58
0.3263 -0.0544 1.0049 146 99 57
0.3324 -0.0544 1.0048 150 105 63
0.3384 -0.0544 1.0048 147 109 62
0.3445 -0.0544 1.0048 152 111 65
0.3505 -0.0544 1.0048 148 105 60
0.3565 -0.0544 1.0048 147 103 58
0.3626 -0.0544 1.0048 144 99 57
0.3686 -0.0544 1.0048 155 112 67
0.3747 -0.0544 1.0048 154 110 63
0.3807 -0.0544 1.0048 149 105 56
0.3867 -0.0544 1.0048 147 103 58
0.3928 -0.0544 1.0048 154 110 65
0.3988 -0.0544 1.0048 149 105 60
0.4049 -0.0544 1.0048 155 108 64
0.4109 -0.0544 1.0048 146 99 55
0.4170 -0.0544 1.0048 154 107 65
0.4230 -0.0544 1.0048 149 106 61
0.4290 -0.0544 1.0048 156 107 64
0.4351 -0.0544 1.0048 142 94 54
0.4411 -0.0544 1.0048 152 110 62
0.4472 -0.0544 1.0048 151 108 65
0.4532 -0.0544 1.0048 142 98 51
0.4592 -0.0544 1.0048 148 104 59
0.4653 -0.0544 1.0048 150 107 62
0.4714 -0.0544 1.0048 158 115 72
0.4774 -0.0544 1.0048 151 108 63
0.4834 -0.0544 1.0048 155 112 69
0.4895 -0.0544 1.0048 148 105 60
0.4955 -0.0544 1.0048 159 116 71
0.5016 -0.0544 1.0048 161 117 68
0.5076 -0.0544 1.0048 133 90 45
0.5137 -0.0544 1.0049 163 118 76
0.5227 -0.0547 1.0105 152 137 116
0.5780 -0.0598 1.1046 137 170 201
0.5655 -0.0578 1.0684 140 175 203
0.5719 -0.0578 1.0684 133 168 196
0.5783 -0.0578 1.0684 142 177 205
0.5847 -0.0578 1.0684 139 174 202
0.5912 -0.0578 1.0684 135 168 199
0.5976 -0.0578 1.0684 145 178 209
0.6040 -0.0578 1.0684 143 172 204
0.6104 -0.0578 1.0684 136 167 198
-0.6169 -0.0643 1.0684 139 170 201
-0.6104 -0.0643 1.0684 131 162 193
-0.6040 -0.0643 1.0684 142 176 204
-0.5978 -0.0643 1.0689 139 172 203
-0.5913 -0.0643 1.0688 152 183 214
-0.5852 -0.0643 1.0692 126 159 190
-0.5751 -0.0639 1.0626 142 175 206
-0.5688 -0.0639 1.0626 140 173 204
-0.5694 -0.0647 1.0760 138 172 200
-0.5470 -0.0629 1.0455 140 173 204
-0.5201 -0.0605 1.0055 151 124 94
-0.5135 -0.0604 1.0046 160 117 64
-0.5075 -0.0604 1.0046 171 125 76
-0.5015 -0.0604 1.0046 159 117 67
-0.4954 -0.0604 1.0046 166 120 70
-0.4894 -0.0604 1.0046 133 93 44
-0.4833 -0.0604 1.0046 146 102 57
-0.4773 -0.0604 1.0046 148 103 61
-0.4712 -0.0604 1.0046 150 105 63
-0.4652 -0.0604 1.0046 147 102 60
-0.4592 -0.0604 1.0046 148 103 61
-0.4531 -0.0604 1.0046 148 104 59
-0.4471 -0.0604 1.0046 153 106 60
-0.4410 -0.0604 1.0045 146 103 60
-0.4350 -0.0604 1.0045 145 101 56
-0.4289 -0.0604 1.0045 143 99 52
-0.4229 -0.0604 1.0045 148 101 57
-0.4169 -0.0604 1.0045 153 109 64
-0.4108 -0.0604 1.0045 152 105 61
-0.4048 -0.0604 1.0046 145 98 52
-0.3987 -0.0604 1.0046 149 105 58
-0.3927 -0.0604 1.0046 155 108 62
-0.3867 -0.0604 1.0046 152 110 62
-0.3806 -0.0604 1.0046 148 101 55
-0.3746 -0.0604 1.0046 149 102 56
-0.3686 -0.0604 1.0046 146 103 58
-0.3625 -0.0604 1.0046 144 101 56
-0.3565 -0.0604 1.0046 149 102 56
-0.3504 -0.0604 1.0047 151 107 60
-0.3444 -0.0604 1.0047 147 100 56
-0.3384 -0.0604 1.0047 155 108 66
-0.3323 -0.0604 1.0047 151 107 60
-0.3263 -0.0604 1.0047 152 109 64
-0.3203 -0.0604 1.0047 153 111 69
-0.3142 -0.0604 1.0048 152 99 57
-0.3082 -0.0604 1.0048 156 108 62
-0.3021 -0.0604 1.0048 160 112 63
-0.2961 -0.0604 1.0048 164 121 70
-0.2901 -0.0604 1.0048 164 121 68
-0.2840 -0.0604 1.0048 169 119 70
-0.2780 -0.0604 1.0049 163 116 64
-0.2720 -0.0604 1.0049 167 119 71
-0.2659 -0.0604 1.0049 161 113 67
-0.2599 -0.0604 1.0049 166 119 73
-0.2538 -0.0604 1.0049 163 119 70
-0.2478 -0.0604 1.0049 171 127 80
-0.2418 -0.0604 1.0050 163 120 77
-0.2357 -0.0604 1.0050 155 111 62
-0.2297 -0.0604 1.0050 167 121 69
-0.2236 -0.0604 1.0050 158 116 66
-0.2176 -0.0604 1.0050 165 122 71
-0.2115 -0.0604 1.0050 166 118 70
-0.2055 -0.0604 1.0050 161 113 65
-0.1995 -0.0604 1.0050 164 121 70
-0.1934 -0.0604 1.0050 166 125 73
-0.1874 -0.0604 1.0050 166 124 74
-0.1813 -0.0604 1.0051 164 120 73
-0.1753 -0.0604 1.0051 158 116 68
-0.1692 -0.0604 1.0051 164 118 69
-0.1632 -0.0604 1.0051 160 114 65
-0.1572 -0.0604 1.0051 143 96 50
-0.1511 -0.0604 1.0051 167 119 71
-0.1451 -0.0604 1.0051 164 121 70
-0.1390 -0.0604 1.0051 159 117 67
-0.1330 -0.0604 1.0051 168 126 78
-0.1269 -0.0605 1.0051 168 124 77
-0.1209 -0.0605 1.0052 170 122 74
-0.1149 -0.0605 1.0052 161 113 65
-0.1088 -0.0605 1.0052 168 121 69
-0.1028 -0.0605 1.0052 163 117 65
-0.0967 -0.0605 1.0052 164 121 70
-0.0907 -0.0605 1.0052 92 60 22
-0.0846 -0.0605 1.0052 81 62 30
-0.0786 -0.0605 1.0052 86 59 40
-0.0725 -0.0605 1.0053 90 64 37
-0.0665 -0.0605 1.0053 80 59 32
-0.0605 -0.0605 1.0053 85 61 33
-0.0544 -0.0605 1.0053 86 62 34
-0.0484 -0.0605 1.0053 85 61 37
-0.0423 -0.0605 1.0053 88 62 37
-0.0363 -0.0605 1.0053 86 60 35
-0.0302 -0.0605 1.0053 85 59 34
-0.0242 -0.0605 1.0053 88 62 35
-0.0181 -0.0605 1.0053 83 57 32
-0.0121 -0.0605 1.0053 83 56 35
-0.0060 -0.0605 1.0053 84 58 31
0.0000 -0.0605 1.0053 84 57 27
0.0060 -0.0605 1.0053 91 63 39
0.0121 -0.0605 1.0053 84 59 28
0.0181 -0.0605 1.0053 88 62 37
0.0242 -0.0605 1.0053 81 60 31
0.0302 -0.0605 1.0053 90 64 41
0.0363 -0.0605 1.0054 91 63 41
0.0423 -0.0605 1.0053 81 59 36
0.0484 -0.0605 1.0053 85 59 34
0.0544 -0.0605 1.0053 87 61 36
0.0605 -0.0605 1.0053 91 65 42
0.0665 -0.0605 1.0053 80 53 32
0.0726 -0.0605 1.0053 85 59 34
0.0786 -0.0605 1.0053 85 55 29
0.0846 -0.0605 1.0053 86 61 39
0.0907 -0.0605 1.0052 161 129 90
0.0967 -0.0605 1.0052 175 125 74
0.1028 -0.0605 1.0052 156 119 67
0.1088 -0.0605 1.0052 166 115 70
0.1149 -0.0605 1.0052 161 121 70
0.1209 -0.0605 1.0052 163 115 66
0.1269 -0.0605 1.0052 159 115 68
0.1330 -0.0605 1.0052 170 126 77
0.1390 -0.0604 1.0051 171 125 76
0.1451 -0.0604 1.0051 163 119 70
0.1511 -0.0604 1.0051 162 116 66
0.1572 -0.0604 1.0051 168 121 69
0.1632 -0.0604 1.0051 169 123 71
0.1692 -0.0604 1.0051 161 117 68
0.1753 -0.0604 1.0051 134 90 45
0.1813 -0.0604 1.0051 166 122 75
0.1874 -0.0604 1.0050 165 119 70
0.1934 -0.0604 1.0050 166 118 70
0.1995 -0.0604 1.0050 167 120 74
0.2055 -0.0604 1.0050 163 117 68
0.2115 -0.0604 1.0050 159 111 62
0.2176 -0.0604 1.0050 163 114 73
0.2236 -0.0604 1.0050 161 109 69
0.2297 -0.0604 1.0050 163 116 72
0.2357 -0.0604 1.0050 163 119 70
0.2418 -0.0604 1.0050 170 124 72
0.2478 -0.0604 1.0049 168 122 70
0.2538 -0.0604 1.0049 161 121 70
0.2599 -0.0604 1.0049 167 121 72
0.2659 -0.0604 1.0049 171 121 72
0.2720 -0.0604 1.0049 166 120 68
0.2780 -0.0604 1.0049 160 117 66
0.2840 -0.0604 1.0049 161 120 68
0.2901 -0.0604 1.0049 162 119 64
0.2961 -0.0604 1.0049 163 117 68
0.3022 -0.0604 1.0049 166 121 64
0.3082 -0.0604 1.0049 143 99 50
0.3143 -0.0604 1.0049 149 105 60
0.3203 -0.0604 1.0049 146 101 59
0.3263 -0.0604 1.0048 151 104 58
0.3324 -0.0604 1.0048 153 109 62
0.3384 -0.0604 1.0048 151 107 62
0.3445 -0.0604 1.0048 154 110 63
0.3505 -0.0604 1.0048 154 107 63
0.3565 -0.0604 1.0048 160 108 68
0.3626 -0.0604 1.0048 151 102 62
0.3686 -0.0604 1.0048 155 112 69
0.3747 -0.0604 1.0048 155 108 64
0.3807 -0.0604 1.0048 147 103 56
0.3867 -0.0604 1.0048 148 104 59
0.3928 -0.0604 1.0048 151 104 60
0.3988 -0.0604 1.0048 155 111 64
0.4049 -0.0604 1.0048 147 103 56
0.4109 -0.0604 1.0048 144 100 55
0.4169 -0.0604 1.0048 148 105 60
0.4230 -0.0604 1.0048 145 102 57
0.4290 -0.0604 1.0048 151 107 62
0.4351 -0.0604 1.0048 152 106 57
0.4411 -0.0604 1.0048 147 102 60
0.4472 -0.0604 1.0047 153 111 63
0.4532 -0.0604 1.0047 154 109 68
0.4592 -0.0604 1.0048 148 105 60
0.4653 -0.0604 1.0048 153 109 64
0.4713 -0.0604 1.0048 146 101 59
0.4774 -0.0604 1.0048 148 104 59
0.4834 -0.0604 1.0048 155 108 62
0.4895 -0.0604 1.0048 144 96 50
0.4955 -0.0604 1.0048 162 114 68
0.5015 -0.0604 1.0048 168 122 72
0.5076 -0.0604 1.0048 135 92 47
0.5137 -0.0604 1.0049 166 122 75
0.5226 -0.0608 1.0104 144 129 108
0.5783 -0.0665 1.1053 132 162 196
0.5655 -0.0643 1.0684 143 172 202
0.5719 -0.0643 1.0684 142 171 203
0.5783 -0.0643 1.0684 138 167 199
0.5847 -0.0643 1.0684 139 168 198
0.5912 -0.0643 1.0684 135 168 199
0.5976 -0.0643 1.0684 137 172 202
0.6040 -0.0643 1.0684 131 164 195
0.6104 -0.0643 1.0684 137 170 201
-0.6169 -0.0707 1.0684 133 164 192
-0.6104 -0.0707 1.0684 136 166 200
-0.6038 -0.0707 1.0681 135 166 194
-0.5927 -0.0701 1.0598 135 164 196
-0.5875 -0.0702 1.0618 139 169 203
-0.5819 -0.0703 1.0633 132 163 194
-0.5710 -0.0698 1.0549 142 173 204
-0.5611 -0.0693 1.0482 138 169 200
-0.5668 -0.0708 1.0710 135 170 198
-0.5445 -0.0688 1.0406 135 170 200
-0.5201 -0.0665 1.0056 155 128 99
-0.5135 -0.0665 1.0046 159 113 63
-0.5075 -0.0665 1.0046 166 120 71
-0.5015 -0.0665 1.0046 160 117 66
-0.4954 -0.0665 1.0046 163 117 68
-0.4894 -0.0665 1.0046 133 92 46
-0.4833 -0.0665 1.0046 143 100 55
-0.4773 -0.0665 1.0046 146 102 57
-0.4712 -0.0665 1.0046 150 103 61
-0.4652 -0.0665 1.0046 149 105 60
-0.4592 -0.0665 1.0046 149 101 53
-0.4531 -0.0665 1.0046 149 105 58
-0.4471 -0.0665 1.0045 154 108 58
-0.4410 -0.0665 1.0045 150 104 55
-0.4350 -0.0665 1.0045 149 102 60
-0.4289 -0.0665 1.0045 147 103 54
-0.4229 -0.0665 1.0045 154 107 63
-0.4169 -0.0665 1.0045 155 111 66
-0.4108 -0.0665 1.0045 146 101 59
-0.4048 -0.0665 1.0045 154 109 67
-0.3987 -0.0665 1.0046 156 109 63
-0.3927 -0.0665 1.0046 155 107 61
-0.3867 -0.0665 1.0046 152 108 63
-0.3806 -0.0665 1.0046 148 101 59
-0.3746 -0.0665 1.0046 146 102 57
-0.3685 -0.0665 1.0046 148 106 58
-0.3625 -0.0665 1.0046 145 101 56
-0.3565 -0.0665 1.0046 155 106 63
-0.3504 -0.0665 1.0046 151 107 60
-0.3444 -0.0665 1.0047 144 101 58
-0.3384 -0.0665 1.0047 150 103 61
-0.3323 -0.0665 1.0047 149 100 57
-0.3263 -0.0665 1.0047 146 101 59
-0.3203 -0.0665 1.0047 142 99 56
-0.3142 -0.0665 1.0047 150 110 61
-0.3082 -0.0665 1.0048 154 108 59
-0.3021 -0.0665 1.0048 162 119 66
-0.2961 -0.0665 1.0048 171 124 72
-0.2901 -0.0665 1.0048 161 113 64
-0.2840 -0.0665 1.0048 165 118 72
-0.2780 -0.0665 1.0049 161 119 69
-0.2720 -0.0665 1.0049 157 114 69
-0.2659 -0.0665 1.0049 158 112 63
-0.2599 -0.0665 1.0049 172 126 76
-0.2538 -0.0665 1.0049 166 123 70
-0.2478 -0.0665 1.0049 166 123 72
-0.2418 -0.0665 1.0049 169 128 82
-0.2357 -0.0665 1.0050 166 126 74
-0.2297 -0.0665 1.0050 163 122 68
-0.2236 -0.0665 1.0050 165 121 72
-0.2176 -0.0665 1.0050 165 122 71
-0.2115 -0.0665 1.0050 165 122 71
-0.2055 -0.0665 1.0050 167 124 73
-0.1995 -0.0665 1.0050 171 128 77
-0.1934 -0.0665 1.0050 158 115 64
-0.1874 -0.0665 1.0050 160 117 66
-0.1813 -0.0665 1.0050 163 119 70
-0.1753 -0.0665 1.0051 168 121 75
-0.1692 -0.0665 1.0051 169 123 74
-0.1632 -0.0665 1.0051 165 121 72
-0.1572 -0.0665 1.0051 133 89 40
-0.1511 -0.0665 1.0051 168 122 70
-0.1451 -0.0665 1.0051 171 125 76
-0.1390 -0.0665 1.0051 167 121 72
-0.1330 -0.0665 1.0051 167 119 73
-0.1269 -0.0665 1.0051 171 123 75
-0.1209 -0.0665 1.0051 166 123 72
-0.1149 -0.0665 1.0052 161 119 71
-0.1088 -0.0665 1.0052 163 122 70
-0.1028 -0.0665 1.0052 163 122 70
-0.0967 -0.0665 1.0052 156 115 61
-0.0907 -0.0665 1.0052 86 55 34
-0.0846 -0.0665 1.0052 84 65 35
-0.0786 -0.0665 1.0052 83 55 34
-0.0725 -0.0665 1.0052 87 61 34
-0.0665 -0.0665 1.0053 91 67 41
-0.0605 -0.0665 1.0053 82 58 30
-0.0544 -0.0665 1.0053 80 59 30
-0.0484 -0.0665 1.0053 82 63 33
-0.0423 -0.0665 1.0053 86 66 39
-0.0363 -0.0665 1.0053 88 69 39
-0.0302 -0.0665 1.0053 85 64 37
-0.0242 -0.0665 1.0053 77 57 30
-0.0181 -0.0665 1.0053 83 64 34
-0.0121 -0.0665 1.0053 81 60 31
-0.0060 -0.0665 1.0053 82 61 34
0.0000 -0.0665 1.0053 84 62 39
0.0060 -0.0665 1.0053 83 59 35
0.0121 -0.0665 1.0053 84 61 30
0.0181 -0.0665 1.0053 86 59 40
0.0242 -0.0665 1.0053 84 58 33
0.0302 -0.0665 1.0053 87 57 31
0.0363 -0.0665 1.0053 94 66 42
0.0423 -0.0665 1.0053 82 54 30
0.0484 -0.0665 1.0053 85 58 29
0.0544 -0.0665 1.0053 85 58 29
0.0605 -0.0665 1.0053 85 60 30
0.0665 -0.0665 1.0053 92 66 39
0.0725 -0.0665 1.0053 86 60 33
0.0786 -0.0665 1.0053 87 59 37
0.0846 -0.0665 1.0052 74 50 26
0.0907 -0.0665 1.0052 85 59 26
0.0967 -0.0665 1.0052 158 116 66
0.1028 -0.0665 1.0052 169 119 70
0.1088 -0.0665 1.0052 170 129 77
0.1149 -0.0665 1.0052 172 122 73
0.1209 -0.0665 1.0052 169 126 75
0.1269 -0.0665 1.0052 160 116 67
0.1330 -0.0665 1.0052 168 122 73
0.1390 -0.0665 1.0051 169 121 72
0.1451 -0.0665 1.0051 152 106 56
0.1511 -0.0665 1.0051 166 120 70
0.1572 -0.0665 1.0051 171 125 75
0.1632 -0.0665 1.0051 165 122 71
0.1692 -0.0665 1.0051 159 113 64
0.1753 -0.0665 1.0051 135 91 46
0.1813 -0.0665 1.0050 158 116 68
0.1874 -0.0665 1.0050 160 114 65
0.1934 -0.0665 1.0050 167 121 72
0.1995 -0.0665 1.0050 165 123 73
0.2055 -0.0665 1.0050 160 119 65
0.2115 -0.0665 1.0050 163 116 64
0.2176 -0.0665 1.0050 170 122 73
0.2236 -0.0665 1.0050 166 122 73
0.2297 -0.0665 1.0050 163 120 75
0.2357 -0.0665 1.0050 164 120 75
0.2418 -0.0665 1.0049 162 119 64
0.2478 -0.0665 1.0049 171 124 70
0.2538 -0.0665 1.0049 173 129 80
0.2599 -0.0665 1.0049 168 125 74
0.2659 -0.0665 1.0049 163 117 68
0.2720 -0.0665 1.0049 164 118 68
0.2780 -0.0665 1.0049 167 121 71
0.2840 -0.0665 1.0049 164 118 69
0.2901 -0.0665 1.0049 160 117 64
0.2961 -0.0665 1.0049 172 120 80
0.3022 -0.0665 1.0049 165 117 68
0.3082 -0.0665 1.0049 146 102 57
0.3142 -0.0665 1.0049 157 113 66
0.3203 -0.0665 1.0048 149 105 58
0.3263 -0.0665 1.0048 150 106 61
0.3324 -0.0665 1.0048 151 104 60
0.3384 -0.0665 1.0048 147 105 57
0.3444 -0.0665 1.0048 139 101 52
0.3505 -0.0665 1.0048 144 106 59
0.3565 -0.0665 1.0048 136 91 49
0.3626 -0.0665 1.0048 150 106 61
0.3686 -0.0665 1.0048 141 100 54
0.3747 -0.0665 1.0048 151 107 62
0.3807 -0.0665 1.0048 144 99 57
0.3867 -0.0665 1.0048 145 102 57
0.3928 -0.0665 1.0048 154 111 66
0.3988 -0.0665 1.0048 149 106 61
0.4049 -0.0665 1.0048 152 108 63
0.4109 -0.0665 1.0048 151 107 62
0.4169 -0.0665 1.0048 148 107 61
0.4230 -0.0665 1.0048 146 102 57
0.4290 -0.0665 1.0048 144 102 54
0.4351 -0.0665 1.0048 157 110 66
0.4411 -0.0665 1.0048 146 102 53
0.4471 -0.0665 1.0047 159 114 73
0.4532 -0.0665 1.0047 148 101 55
0.4592 -0.0665 1.0048 153 109 64
0.4653 -0.0665 1.0048 157 112 70
0.4713 -0.0665 1.0048 154 109 67
0.4774 -0.0665 1.0048 147 102 60
0.4834 -0.0665 1.0048 151 108 63
0.4895 -0.0665 1.0048 153 107 58
0.4955 -0.0665 1.0048 169 121 72
0.5015 -0.0665 1.0048 170 124 74
0.5076 -0.0665 1.0048 132 88 41
0.5137 -0.0665 1.0049 166 120 70
0.5227 -0.0669 1.0107 144 129 106
0.5777 -0.0730 1.1041 139 172 205
0.5655 -0.0707 1.0684 127 160 193
0.5719 -0.0707 1.0684 138 171 202
0.5783 -0.0707 1.0684 138 171 202
0.5847 -0.0707 1.0684 136 171 203
0.5912 -0.0707 1.0684 135 168 201
0.5976 -0.0707 1.0684 122 157 189
0.6040 -0.0707 1.0684 142 175 206
0.6104 -0.0707 1.0684 136 169 200
-0.6169 -0.0771 1.0685 131 164 195
-0.6103 -0.0771 1.0683 132 166 193
-0.5990 -0.0765 1.0596 135 166 194
-0.5866 -0.0757 1.0487 138 169 200
-0.5827 -0.0760 1.0531 143 174 205
-0.5769 -0.0761 1.0541 141 175 203
-0.5675 -0.0757 1.0485 135 168 201
-0.5560 -0.0750 1.0388 133 166 199
-0.5574 -0.0760 1.0532 138 171 204
-0.5418 -0.0747 1.0355 134 167 200
-0.5201 -0.0726 1.0056 153 128 97
-0.5135 -0.0725 1.0046 159 113 63
-0.5075 -0.0725 1.0046 162 119 66
-0.5015 -0.0725 1.0046 165 123 73
-0.4954 -0.0725 1.0046 169 123 74
-0.4894 -0.0725 1.0046 140 97 52
-0.4833 -0.0725 1.0046 152 107 65
-0.4773 -0.0725 1.0046 149 105 60
-0.4712 -0.0725 1.0046 147 105 57
-0.4652 -0.0725 1.0046 144 99 57
-0.4592 -0.0725 1.0046 153 105 65
-0.4531 -0.0725 1.0046 146 102 57
-0.4471 -0.0725 1.0045 152 107 65
-0.4410 -0.0725 1.0045 153 107 58
-0.4350 -0.0725 1.0045 153 104 63
-0.4289 -0.0725 1.0045 153 106 62
-0.4229 -0.0725 1.0045 149 104 62
-0.4169 -0.0725 1.0045 159 110 69
-0.4108 -0.0725 1.0045 144 101 58
-0.4048 -0.0725 1.0045 144 101 56
-0.3987 -0.0725 1.0046 147 103 56
-0.3927 -0.0725 1.0046 149 105 60
-0.3867 -0.0725 1.0046 149 103 54
-0.3806 -0.0725 1.0046 162 111 66
-0.3746 -0.0725 1.0046 142 97 55
-0.3685 -0.0725 1.0046 146 104 56
-0.3625 -0.0725 1.0046 154 112 64
-0.3565 -0.0725 1.0046 146 104 56
-0.3504 -0.0725 1.0046 145 104 60
-0.3444 -0.0725 1.0046 147 104 62
-0.3384 -0.0725 1.0047 139 92 48
-0.3323 -0.0725 1.0047 153 104 63
-0.3263 -0.0725 1.0047 150 101 60
-0.3202 -0.0725 1.0047 148 99 58
-0.3142 -0.0725 1.0047 146 102 63
-0.3082 -0.0725 1.0048 138 96 46
-0.3021 -0.0725 1.0048 170 124 75
-0.2961 -0.0725 1.0048 163 120 67
-0.2901 -0.0725 1.0048 165 121 74
-0.2840 -0.0725 1.0048 170 122 76
-0.2780 -0.0725 1.0048 164 118 69
-0.2719 -0.0725 1.0049 165 117 69
-0.2659 -0.0725 1.0049 159 111 65
-0.2599 -0.0725 1.0049 165 117 71
-0.2538 -0.0725 1.0049 168 122 72
-0.2478 -0.0725 1.0049 167 119 71
-0.2417 -0.0725 1.0049 162 119 74
-0.2357 -0.0725 1.0049 159 116 63
-0.2297 -0.0725 1.0049 158 112 62
-0.2236 -0.0725 1.0050 163 116 70
-0.2176 -0.0725 1.0050 165 119 69
-0.2115 -0.0725 1.0050 164 121 70
-0.2055 -0.0725 1.0050 165 117 69
-0.1995 -0.0725 1.0050 169 121 72
-0.1934 -0.0725 1.0050 165 120 65
-0.1874 -0.0725 1.0050 172 126 77
-0.1813 -0.0725 1.0050 161 117 68
-0.1753 -0.0725 1.0050 165 121 72
-0.1692 -0.0725 1.0050 165 122 71
-0.1632 -0.0725 1.0051 162 121 69
-0.1572 -0.0725 1.0051 140 100 48
-0.1511 -0.0725 1.0051 167 124 73
-0.1451 -0.0725 1.0051 170 129 77
-0.1390 -0.0725 1.0051 166 123 72
-0.1330 -0.0725 1.0051 165 119 70
-0.1269 -0.0725 1.0051 159 116 65
-0.1209 -0.0725 1.0051 166 120 70
-0.1149 -0.0725 1.0051 167 117 68
-0.1088 -0.0725 1.0051 170 124 74
-0.1028 -0.0725 1.0052 178 127 80
-0.0967 -0.0725 1.0052 159 122 80
-0.0907 -0.0725 1.0052 83 62 31
-0.0846 -0.0725 1.0052 81 53 29
-0.0786 -0.0725 1.0052 89 65 39
-0.0725 -0.0725 1.0052 86 60 33
-0.0665 -0.0725 1.0052 89 67 44
-0.0605 -0.0725 1.0053 91 65 42
-0.0544 -0.0725 1.0053 85 59 34
-0.0484 -0.0725 1.0053 79 53 30
-0.0423 -0.0725 1.0053 86 58 36
-0.0363 -0.0725 1.0053 87 63 39
-0.0302 -0.0725 1.0053 81 57 31
-0.0242 -0.0725 1.0053 76 52 26
-0.0181 -0.0726 1.0053 89 65 39
-0.0121 -0.0726 1.0053 87 61 38
-0.0060 -0.0726 1.0053 84 58 33
0.0000 -0.0726 1.0053 88 65 34
0.0060 -0.0726 1.0053 92 64 40
0.0121 -0.0726 1.0053 79 51 29
0.0181 -0.0726 1.0053 79 51 29
0.0242 -0.0726 1.0053 91 66 44
0.0302 -0.0726 1.0053 79 53 28
0.0363 -0.0726 1.0053 88 64 36
0.0423 -0.0726 1.0053 82 51 31
0.0484 -0.0726 1.0053 89 60 42
0.0544 -0.0725 1.0053 87 59 37
0.0605 -0.0725 1.0053 91 67 43
0.0665 -0.0725 1.0053 84 60 36
0.0725 -0.0725 1.0053 83 59 35
0.0786 -0.0725 1.0052 85 60 38
0.0846 -0.0725 1.0052 97 67 41
0.0907 -0.0725 1.0052 99 65 30
0.0967 -0.0725 1.0052 157 119 72
0.1028 -0.0725 1.0052 167 121 69
0.1088 -0.0725 1.0052 164 124 73
0.1149 -0.0725 1.0052 160 119 63
0.1209 -0.0725 1.0052 163 120 69
0.1269 -0.0725 1.0051 164 120 71
0.1330 -0.0725 1.0051 163 119 70
0.1390 -0.0725 1.0051 174 128 78
0.1451 -0.0725 1.0051 165 122 71
0.1511 -0.0725 1.0051 174 124 75
0.1572 -0.0725 1.0051 161 118 67
0.1632 -0.0725 1.0051 160 123 70
0.1692 -0.0725 1.0050 168 122 72
0.1753 -0.0725 1.0050 136 89 45
0.1813 -0.0725 1.0050 167 120 74
0.1874 -0.0725 1.0050 159 113 63
0.1934 -0.0725 1.0050 170 127 74
0.1995 -0.0725 1.0050 160 116 67
0.2055 -0.0725 1.0050 163 119 70
0.2115 -0.0725 1.0050 166 122 75
0.2176 -0.0725 1.0050 170 128 80
0.2236 -0.0725 1.0050 162 121 67
0.2297 -0.0725 1.0049 165 122 67
0.2357 -0.0725 1.0049 164 121 68
0.2417 -0.0725 1.0049 161 118 65
0.2478 -0.0725 1.0049 169 126 75
0.2538 -0.0725 1.0049 164 121 70
0.2599 -0.0725 1.0049 164 125 70
0.2659 -0.0725 1.0049 165 124 72
0.2720 -0.0725 1.0049 169 128 76
0.2780 -0.0725 1.0049 169 121 72
0.2840 -0.0725 1.0049 170 122 73
0.2901 -0.0725 1.0049 167 121 69
0.2961 -0.0725 1.0049 170 127 76
0.3022 -0.0725 1.0049 161 118 65
0.3082 -0.0725 1.0048 143 99 50
0.3142 -0.0725 1.0048 158 111 65
0.3203 -0.0725 1.0048 154 105 64
0.3263 -0.0725 1.0048 150 106 59
0.3324 -0.0725 1.0048 151 107 58
0.3384 -0.0725 1.0048 158 114 65
0.3444 -0.0725 1.0048 144 96 48
0.3505 -0.0725 1.0048 140 97 52
0.3565 -0.0725 1.0048 151 106 65
0.3626 -0.0725 1.0048 151 107 62
0.3686 -0.0725 1.0048 149 105 58
0.3747 -0.0725 1.0048 152 108 61
0.3807 -0.0725 1.0048 155 108 64
0.3867 -0.0725 1.0048 138 95 50
0.3928 -0.0725 1.0048 150 107 62
0.3988 -0.0725 1.0048 156 109 65
0.4049 -0.0725 1.0048 146 99 55
0.4109 -0.0725 1.0048 151 107 62
0.4169 -0.0725 1.0048 153 109 62
0.4230 -0.0725 1.0048 150 107 62
0.4290 -0.0725 1.0048 141 96 54
0.4351 -0.0725 1.0048 147 99 53
0.4411 -0.0725 1.0047 157 106 63
0.4471 -0.0725 1.0047 144 101 56
0.4532 -0.0725 1.0047 148 99 59
0.4592 -0.0725 1.0047 150 102 56
0.4653 -0.0725 1.0048 149 100 57
0.4713 -0.0725 1.0048 153 109 62
0.4774 -0.0725 1.0048 163 116 70
0.4834 -0.0725 1.0048 151 109 61
0.4895 -0.0725 1.0048 153 106 60
0.4955 -0.0725 1.0048 163 117 67
0.5015 -0.0725 1.0047 165 119 69
0.5076 -0.0725 1.0048 143 94 53
0.5137 -0.0725 1.0049 169 126 75
0.5231 -0.0730 1.0115 137 125 103
0.5763 -0.0795 1.1014 140 173 204
0.5655 -0.0771 1.0684 138 167 199
0.5719 -0.0771 1.0684 141 171 199
0.5783 -0.0771 1.0684 132 166 193
0.5847 -0.0771 1.0684 143 174 205
0.5912 -0.0771 1.0684 144 173 205
0.5976 -0.0771 1.0684 131 164 195
0.6040 -0.0771 1.0684 133 168 198
0.6104 -0.0771 1.0684 136 170 198
-0.6183 -0.0837 1.0710 133 166 197
-0.6037 -0.0826 1.0566 131 165 193
-0.5921 -0.0819 1.0474 137 171 199
-0.5828 -0.0815 1.0420 134 167 198
-0.5788 -0.0818 1.0461 131 161 195
-0.5728 -0.0818 1.0466 145 175 209
-0.5642 -0.0815 1.0424 144 173 203
-0.5538 -0.0809 1.0346 133 163 191
-0.5506 -0.0813 1.0403 130 165 195
-0.5392 -0.0806 1.0305 127 160 191
-0.5201 -0.0786 1.0055 135 108 79
-0.5135 -0.0785 1.0046 133 86 40
-0.5075 -0.0785 1.0046 136 94 46
-0.5015 -0.0785 1.0046 141 97 52
-0.4954 -0.0785 1.0046 138 94 49
-0.4894 -0.0785 1.0046 130 87 45
-0.4833 -0.0785 1.0046 147 104 61
-0.4773 -0.0785 1.0046 136 93 50
-0.4712 -0.0785 1.0046 141 98 55
-0.4652 -0.0785 1.0046 138 93 51
-0.4592 -0.0785 1.0046 149 102 60
-0.4531 -0.0785 1.0045 140 95 56
-0.4471 -0.0785 1.0045 137 95 47
-0.4410 -0.0785 1.0045 140 95 54
-0.4350 -0.0785 1.0045 144 100 55
-0.4289 -0.0785 1.0045 143 98 56
-0.4229 -0.0785 1.0045 142 99 56
-0.4169 -0.0785 1.0045 134 87 45
-0.4108 -0.0785 1.0045 138 97 51
-0.4048 -0.0785 1.0045 138 95 52
-0.3987 -0.0785 1.0046 133 88 49
-0.3927 -0.0785 1.0046 139 96 54
-0.3867 -0.0785 1.0046 132 94 47
-0.3806 -0.0785 1.0046 137 96 52
-0.3746 -0.0785 1.0046 139 96 53
-0.3685 -0.0785 1.0046 141 93 53
-0.3625 -0.0785 1.0046 146 101 60
-0.3565 -0.0785 1.0046 143 100 58
-0.3504 -0.0785 1.0046 149 106 63
-0.3444 -0.0785 1.0046 141 96 54
-0.3384 -0.0785 1.0047 133 92 46
-0.3323 -0.0785 1.0047 137 96 52
-0.3263 -0.0785 1.0047 138 97 53
-0.3202 -0.0786 1.0047 142 101 55
-0.3142 -0.0786 1.0047 130 88 48
-0.3082 -0.0786 1.0047 138 93 51
-0.3021 -0.0786 1.0048 136 90 41
-0.2961 -0.0786 1.0048 137 93 46
-0.2901 -0.0786 1.0048 136 94 44
-0.2840 -0.0786 1.0048 129 85 36
-0.2780 -0.0786 1.0048 144 100 55
-0.2719 -0.0786 1.0048 132 87 45
-0.2659 -0.0786 1.0049 143 96 52
-0.2599 -0.0786 1.0049 139 95 50
-0.2538 -0.0786 1.0049 133 91 41
-0.2478 -0.0786 1.0049 135 88 42
-0.2417 -0.0786 1.0049 127 89 44
-0.2357 -0.0786 1.0049 142 100 50
-0.2297 -0.0786 1.0049 137 93 46
-0.2236 -0.0786 1.0049 137 94 49
-0.2176 -0.0786 1.0049 142 100 50
-0.2115 -0.0786 1.0050 131 93 44
-0.2055 -0.0786 1.0050 130 88 40
-0.1995 -0.0786 1.0050 135 93 43
-0.1934 -0.0786 1.0050 148 105 54
-0.1874 -0.0786 1.0050 137 93 48
-0.1813 -0.0786 1.0050 136 92 47
-0.1753 -0.0786 1.0050 134 90 43
-0.1692 -0.0786 1.0050 144 97 55
-0.1632 -0.0786 1.0050 140 93 51
-0.1572 -0.0786 1.0050 141 94 50
-0.1511 -0.0786 1.0051 141 94 48
-0.1451 -0.0786 1.0051 138 94 45
-0.1390 -0.0786 1.0051 132 88 41
-0.1330 -0.0786 1.0051 132 85 41
-0.1269 -0.0786 1.0051 144 100 53
-0.1209 -0.0786 1.0051 137 95 45
-0.1149 -0.0786 1.0051 139 99 50
-0.1088 -0.0786 1.0051 129 88 44
-0.1028 -0.0786 1.0051 132 94 45
-0.0967 -0.0786 1.0052 135 92 58
-0.0907 -0.0786 1.0052 123 92 64
-0.0846 -0.0786 1.0052 131 96 66
-0.0786 -0.0786 1.0052 126 102 68
-0.0725 -0.0786 1.0052 136 106 68
-0.0665 -0.0786 1.0052 127 101 68
-0.0605 -0.0786 1.0052 136 103 68
-0.0544 -0.0786 1.0052 133 100 67
-0.0484 -0.0786 1.0052 129 96 65
-0.0423 -0.0786 1.0052 131 95 63
-0.0363 -0.0786 1.0052 129 94 62
-0.0302 -0.0786 1.0052 128 93 61
-0.0242 -0.0786 1.0052 129 98 69
-0.0181 -0.0786 1.0052 134 103 75
-0.0121 -0.0786 1.0052 127 96 68
-0.0060 -0.0786 1.0052 126 95 67
0.0000 -0.0786 1.0052 128 102 69
0.0060 -0.0786 1.0053 128 95 64
0.0121 -0.0786 1.0053 131 102 72
0.0181 -0.0786 1.0053 128 102 69
0.0242 -0.0786 1.0053 129 102 73
0.0302 -0.0786 1.0053 134 101 68
0.0363 -0.0786 1.0053 127 99 62
0.0423 -0.0786 1.0052 126 93 62
0.0484 -0.0786 1.0052 132 103 71
0.0544 -0.0786 1.0052 135 107 70
0.0605 -0.0786 1.0052 125 96 64
0.0665 -0.0786 1.0052 128 99 67
0.0725 -0.0786 1.0052 131 103 64
0.0786 -0.0786 1.0052 123 97 64
0.0846 -0.0786 1.0052 126 91 59
0.0907 -0.0786 1.0052 132 96 60
0.0967 -0.0786 1.0052 128 94 56
0.1028 -0.0786 1.0051 136 93 42
0.1088 -0.0786 1.0051 137 97 48
0.1149 -0.0786 1.0051 135 95 44
0.1209 -0.0786 1.0051 135 93 45
0.1269 -0.0786 1.0051 138 98 49
0.1330 -0.0786 1.0051 132 91 45
0.1390 -0.0786 1.0051 134 94 45
0.1451 -0.0786 1.0051 137 95 47
0.1511 -0.0786 1.0051 142 95 49
0.1572 -0.0786 1.0050 136 96 45
0.1632 -0.0786 1.0050 139 99 50
0.1692 -0.0786 1.0050 139 97 49
0.1753 -0.0786 1.0050 138 95 53
0.1813 -0.0786 1.0050 137 94 51
0.1874 -0.0786 1.0050 137 93 46
0.1934 -0.0786 1.0050 144 99 58
0.1995 -0.0786 1.0050 141 97 48
0.2055 -0.0786 1.0050 140 96 49
0.2115 -0.0786 1.0050 139 97 47
0.2176 -0.0786 1.0049 134 92 44
0.2236 -0.0786 1.0049 132 88 41
0.2297 -0.0786 1.0049 139 95 48
0.2357 -0.0786 1.0049 139 95 48
0.2417 -0.0786 1.0049 133 89 42
0.2478 -0.0786 1.0049 135 91 44
0.2538 -0.0786 1.0049 139 96 51
0.2599 -0.0786 1.0049 135 93 45
0.2659 -0.0786 1.0049 143 97 47
0.2720 -0.0786 1.0049 138 96 46
0.2780 -0.0786 1.0049 141 99 51
0.2840 -0.0786 1.0049 130 87 42
0.2901 -0.0786 1.0049 149 107 57
0.2961 -0.0786 1.0048 144 96 48
0.3022 -0.0786 1.0048 134 91 40
0.3082 -0.0786 1.0048 136 92 45
0.3142 -0.0786 1.0048 130 92 45
0.3203 -0.0786 1.0048 136 97 54
0.3263 -0.0786 1.0048 135 90 48
0.3324 -0.0786 1.0048 147 100 56
0.3384 -0.0786 1.0048 136 93 51
0.3444 -0.0786 1.0048 145 97 59
0.3505 -0.0786 1.0048 144 101 58
0.3565 -0.0786 1.0048 130 86 41
0.3626 -0.0786 1.0048 137 90 48
0.3686 -0.0786 1.0048 135 88 46
0.3746 -0.0786 1.0048 139 96 54
0.3807 -0.0786 1.0048 135 90 49
0.3867 -0.0786 1.0048 145 100 58
0.3928 -0.0786 1.0047 139 98 54
0.3988 -0.0786 1.0047 142 97 55
0.4049 -0.0786 1.0047 145 102 59
0.4109 -0.0786 1.0047 139 98 54
0.4169 -0.0786 1.0047 142 98 51
0.4230 -0.0786 1.0047 142 101 57
0.4290 -0.0786 1.0048 126 88 43
0.4351 -0.0786 1.0048 142 93 52
0.4411 -0.0786 1.0047 131 88 45
0.4471 -0.0786 1.0047 138 95 53
0.4532 -0.0786 1.0047 129 90 49
0.4592 -0.0786 1.0047 139 95 50
0.4653 -0.0786 1.0048 142 97 56
0.4713 -0.0786 1.0048 136 93 50
0.4774 -0.0786 1.0048 135 90 48
0.4834 -0.0786 1.0048 136 93 48
0.4895 -0.0786 1.0048 146 104 54
0.4955 -0.0786 1.0047 138 96 48
0.5015 -0.0786 1.0047 141 98 53
0.5076 -0.0786 1.0048 135 94 50
0.5137 -0.0786 1.0049 138 98 47
0.5235 -0.0791 1.0121 116 99 81
0.5752 -0.0860 1.0994 145 171 204
0.5655 -0.0835 1.0684 139 172 207
0.5719 -0.0835 1.0684 136 171 199
0.5783 -0.0835 1.0684 131 160 192
0.5847 -0.0835 1.0684 138 164 199
0.5912 -0.0835 1.0684 135 166 197
0.5976 -0.0835 1.0684 141 172 203
0.6040 -0.0835 1.0684 144 175 206
0.6104 -0.0835 1.0684 136 167 198
-0.6110 -0.0891 1.0582 137 170 205
-0.5977 -0.0881 1.0461 131 164 195
-0.5873 -0.0875 1.0389 132 165 196
-0.5797 -0.0873 1.0364 127 160 191
-0.5755 -0.0876 1.0402 136 167 198
-0.5693 -0.0876 1.0403 133 167 195
-0.5612 -0.0873 1.0369 136 167 198
-0.5521 -0.0868 1.0315 136 167 196
-0.5468 -0.0870 1.0331 131 164 197
-0.5373 -0.0865 1.0269 130 165 197
-0.5200 -0.0847 1.0054 148 121 91
-0.5135 -0.0846 1.0046 162 114 66
-0.5075 -0.0846 1.0046 163 119 70
-0.5015 -0.0846 1.0046 165 119 67
-0.4954 -0.0846 1.0046 163 117 68
-0.4894 -0.0846 1.0046 141 94 52
-0.4833 -0.0846 1.0046 152 108 61
-0.4773 -0.0846 1.0046 144 99 57
-0.4712 -0.0846 1.0046 141 96 54
-0.4652 -0.0846 1.0046 152 108 61
-0.4591 -0.0846 1.0046 149 102 56
-0.4531 -0.0846 1.0045 148 104 57
-0.4471 -0.0846 1.0045 153 109 64
-0.4410 -0.0846 1.0045 151 107 60
-0.4350 -0.0846 1.0045 150 107 62
-0.4289 -0.0846 1.0045 155 108 64
-0.4229 -0.0846 1.0045 153 110 65
-0.4169 -0.0846 1.0045 147 103 58
-0.4108 -0.0846 1.0045 144 102 54
-0.4048 -0.0846 1.0045 151 107 62
-0.3987 -0.0846 1.0046 146 101 60
-0.3927 -0.0846 1.0046 145 102 59
-0.3867 -0.0846 1.0046 153 108 66
-0.3806 -0.0846 1.0046 143 102 56
-0.3746 -0.0846 1.0046 146 104 56
-0.3685 -0.0846 1.0046 144 99 57
-0.3625 -0.0846 1.0046 155 108 66
-0.3565 -0.0846 1.0046 150 106 61
-0.3504 -0.0846 1.0046 149 106 55
-0.3444 -0.0846 1.0046 152 109 58
-0.3384 -0.0846 1.0047 144 97 53
-0.3323 -0.0846 1.0047 149 100 59
-0.3263 -0.0846 1.0047 148 101 59
-0.3202 -0.0846 1.0047 154 105 62
-0.3142 -0.0846 1.0047 150 106 61
-0.3082 -0.0846 1.0047 154 110 65
-0.3021 -0.0846 1.0048 162 119 66
-0.2961 -0.0846 1.0048 159 115 68
-0.2901 -0.0846 1.0048 166 120 70
-0.2840 -0.0846 1.0048 164 118 68
-0.2780 -0.0846 1.0048 165 119 69
-0.2719 -0.0846 1.0048 167 121 71
-0.2659 -0.0846 1.0048 162 116 67
-0.2599 -0.0846 1.0049 167 123 74
-0.2538 -0.0846 1.0049 163 119 70
-0.2478 -0.0846 1.0049 169 123 74
-0.2417 -0.0846 1.0049 162 120 72
-0.2357 -0.0846 1.0049 162 118 69
-0.2297 -0.0846 1.0049 165 122 71
-0.2236 -0.0846 1.0049 168 124 75
-0.2176 -0.0846 1.0049 164 116 68
-0.2115 -0.0846 1.0049 172 128 79
-0.2055 -0.0846 1.0050 169 121 73
-0.1994 -0.0846 1.0050 165 119 70
-0.1934 -0.0846 1.0050 172 129 78
-0.1874 -0.0846 1.0050 162 119 66
-0.1813 -0.0846 1.0050 163 120 67
-0.1753 -0.0846 1.0050 164 121 68
-0.1692 -0.0846 1.0050 167 126 74
-0.1632 -0.0846 1.0050 169 126 75
-0.1572 -0.0846 1.0050 142 98 51
-0.1511 -0.0846 1.0050 168 124 77
-0.1451 -0.0846 1.0051 165 122 71
-0.1390 -0.0846 1.0051 165 122 71
-0.1330 -0.0846 1.0051 160 116 67
-0.1269 -0.0846 1.0051 166 122 73
-0.1209 -0.0846 1.0051 168 122 72
-0.1148 -0.0846 1.0051 164 118 68
-0.1088 -0.0846 1.0051 165 114 71
-0.1028 -0.0846 1.0051 162 121 67
-0.0967 -0.0846 1.0051 91 60 29
-0.0907 -0.0846 1.0051 68 48 23
-0.0846 -0.0846 1.0052 84 63 34
-0.0786 -0.0846 1.0052 88 68 41
-0.0725 -0.0846 1.0052 83 57 30
-0.0665 -0.0846 1.0052 79 55 31
-0.0605 -0.0846 1.0052 87 63 39
-0.0544 -0.0846 1.0052 83 58 36
-0.0484 -0.0846 1.0052 79 54 32
-0.0423 -0.0846 1.0052 86 64 41
-0.0363 -0.0846 1.0052 92 68 44
-0.0302 -0.0846 1.0052 84 58 35
-0.0242 -0.0846 1.0052 88 62 35
-0.0181 -0.0846 1.0052 87 61 34
-0.0121 -0.0846 1.0052 85 61 35
-0.0060 -0.0846 1.0052 90 66 38
0.0000 -0.0846 1.0052 87 62 40
0.0060 -0.0846 1.0052 83 50 31
0.0121 -0.0846 1.0052 96 68 44
0.0181 -0.0846 1.0052 91 65 42
0.0242 -0.0846 1.0052 84 57 36
0.0302 -0.0846 1.0052 93 60 41
0.0363 -0.0846 1.0052 82 54 32
0.0423 -0.0846 1.0052 92 61 40
0.0484 -0.0846 1.0052 79 51 27
0.0544 -0.0846 1.0052 96 65 44
0.0605 -0.0846 1.0052 87 56 35
0.0665 -0.0846 1.0052 88 63 41
0.0725 -0.0846 1.0052 80 54 31
0.0786 -0.0846 1.0052 91 62 44
0.0846 -0.0846 1.0052 90 63 36
0.0907 -0.0846 1.0052 87 61 28
0.0967 -0.0846 1.0051 95 68 38
0.1028 -0.0846 1.0051 162 121 67
0.1088 -0.0846 1.0051 170 129 75
0.1149 -0.0846 1.0051 161 119 71
0.1209 -0.0846 1.0051 166 120 71
0.1269 -0.0846 1.0051 172 126 76
0.1330 -0.0846 1.0051 169 123 74
0.1390 -0.0846 1.0051 162 116 67
0.1451 -0.0846 1.0051 155 109 59
0.1511 -0.0846 1.0051 164 118 68
0.1572 -0.0846 1.0050 156 113 62
0.1632 -0.0846 1.0050 163 115 66
0.1692 -0.0846 1.0050 164 121 70
0.1753 -0.0846 1.0050 144 100 53
0.1813 -0.0846 1.0050 167 124 73
0.1874 -0.0846 1.0050 166 120 68
0.1934 -0.0846 1.0050 166 123 72
0.1995 -0.0846 1.0050 166 124 74
0.2055 -0.0846 1.0050 171 130 78
0.2115 -0.0846 1.0049 159 119 67
0.2176 -0.0846 1.0049 163 117 68
0.2236 -0.0846 1.0049 161 114 68
0.2297 -0.0846 1.0049 162 118 71
0.2357 -0.0846 1.0049 171 127 78
0.2417 -0.0846 1.0049 164 118 69
0.2478 -0.0846 1.0049 163 119 72
0.2538 -0.0846 1.0049 159 117 69
0.2599 -0.0846 1.0049 163 121 73
0.2659 -0.0846 1.0049 167 119 71
0.2719 -0.0846 1.0049 167 123 74
0.2780 -0.0846 1.0049 159 115 66
0.2840 -0.0846 1.0049 161 115 66
0.2901 -0.0846 1.0048 167 116 69
0.2961 -0.0846 1.0048 167 123 76
0.3022 -0.0846 1.0048 163 115 67
0.3082 -0.0846 1.0048 153 106 60
0.3142 -0.0846 1.0048 163 116 72
0.3203 -0.0846 1.0048 156 108 62
0.3263 -0.0846 1.0048 147 100 56
0.3324 -0.0846 1.0048 153 109 64
0.3384 -0.0846 1.0048 150 107 62
0.3444 -0.0846 1.0048 151 104 60
0.3505 -0.0846 1.0048 145 104 58
0.3565 -0.0846 1.0048 150 106 61
0.3626 -0.0846 1.0048 149 102 58
0.3686 -0.0846 1.0048 154 107 63
0.3746 -0.0846 1.0048 151 107 62
0.3807 -0.0846 1.0048 153 109 64
0.3867 -0.0846 1.0047 148 105 60
0.3928 -0.0846 1.0047 148 101 57
0.3988 -0.0846 1.0047 145 101 56
0.4049 -0.0846 1.0047 148 105 60
0.4109 -0.0846 1.0047 147 102 61
0.4169 -0.0846 1.0047 147 98 55
0.4230 -0.0846 1.0047 150 105 63
0.4290 -0.0846 1.0048 138 97 53
0.4351 -0.0846 1.0048 153 109 62
0.4411 -0.0846 1.0047 153 106 60
0.4471 -0.0846 1.0047 148 108 59
0.4532 -0.0846 1.0047 153 106 62
0.4592 -0.0846 1.0047 151 109 61
0.4653 -0.0846 1.0048 148 104 57
0.4713 -0.0846 1.0048 151 107 62
0.4774 -0.0846 1.0048 152 105 61
0.4834 -0.0846 1.0048 147 103 58
0.4895 -0.0846 1.0048 156 112 65
0.4955 -0.0846 1.0047 166 129 77
0.5015 -0.0846 1.0047 158 118 66
0.5076 -0.0846 1.0048 141 101 52
0.5137 -0.0846 1.0049 164 121 70
0.5236 -0.0852 1.0123 144 127 111
0.5750 -0.0925 1.0989 135 166 197
0.5655 -0.0900 1.0684 134 169 199
0.5719 -0.0900 1.0684 136 167 198
0.5783 -0.0900 1.0684 129 160 189
0.5847 -0.0900 1.0684 134 167 198
0.5912 -0.0900 1.0684 135 168 199
0.5976 -0.0900 1.0684 133 168 198
0.6040 -0.0900 1.0684 130 163 194
0.6104 -0.0900 1.0684 145 175 209
-0.6048 -0.0945 1.0475 143 173 209
-0.5935 -0.0937 1.0388 131 161 195
-0.5846 -0.0933 1.0340 139 170 201
-0.5775 -0.0931 1.0325 135 168 199
-0.5728 -0.0934 1.0352 136 166 200
-0.5665 -0.0934 1.0351 136 169 202
-0.5588 -0.0931 1.0325 132 163 192
-0.5506 -0.0928 1.0287 130 161 190
-0.5449 -0.0929 1.0295 127 156 190
-0.5361 -0.0924 1.0247 131 166 196
-0.5200 -0.0907 1.0054 156 127 95
-0.5135 -0.0906 1.0046 168 122 73
-0.5075 -0.0906 1.0046 163 120 69
-0.5015 -0.0906 1.0046 163 118 61
-0.4954 -0.0906 1.0046 162 116 67
-0.4894 -0.0906 1.0046 137 88 48
-0.4833 -0.0906 1.0046 156 109 63
-0.4773 -0.0906 1.0046 148 101 55
-0.4712 -0.0906 1.0046 155 111 64
-0.4652 -0.0906 1.0046 145 103 55
-0.4591 -0.0906 1.0045 150 107 64
-0.4531 -0.0906 1.0045 151 107 62
-0.4471 -0.0906 1.0045 147 100 56
-0.4410 -0.0906 1.0045 150 103 57
-0.4350 -0.0906 1.0045 149 106 61
-0.4289 -0.0906 1.0045 153 104 61
-0.4229 -0.0906 1.0045 154 110 65
-0.4169 -0.0906 1.0045 151 107 60
-0.4108 -0.0906 1.0045 155 111 66
-0.4048 -0.0906 1.0046 154 110 65
-0.3987 -0.0906 1.0046 151 104 60
-0.3927 -0.0906 1.0046 159 115 70
-0.3867 -0.0906 1.0046 152 104 56
-0.3806 -0.0906 1.0046 151 109 61
-0.3746 -0.0906 1.0046 160 116 69
-0.3685 -0.0906 1.0046 155 108 62
-0.3625 -0.0906 1.0046 152 105 59
-0.3565 -0.0906 1.0046 154 110 61
-0.3504 -0.0906 1.0046 150 106 59
-0.3444 -0.0906 1.0046 149 105 56
-0.3384 -0.0906 1.0047 146 104 56
-0.3323 -0.0906 1.0047 151 107 62
-0.3263 -0.0906 1.0047 155 112 69
-0.3202 -0.0906 1.0047 145 102 57
-0.3142 -0.0906 1.0047 154 105 62
-0.3082 -0.0906 1.0047 152 106 56
-0.3021 -0.0906 1.0048 163 120 69
-0.2961 -0.0906 1.0048 168 122 70
-0.2901 -0.0906 1.0048 165 119 69
-0.2840 -0.0906 1.0048 169 123 73
-0.2780 -0.0906 1.0048 167 121 69
-0.2719 -0.0906 1.0048 162 119 66
-0.2659 -0.0906 1.0048 171 125 75
-0.2599 -0.0906 1.0049 162 117 62
-0.2538 -0.0907 1.0049 149 103 53
-0.2478 -0.0907 1.0049 165 119 69
-0.2417 -0.0907 1.0049 163 119 70
-0.2357 -0.0907 1.0049 166 119 75
-0.2297 -0.0907 1.0049 165 122 69
-0.2236 -0.0907 1.0049 167 121 71
-0.2176 -0.0907 1.0049 166 122 73
-0.2115 -0.0907 1.0049 164 122 72
-0.2055 -0.0907 1.0050 170 128 78
-0.1994 -0.0907 1.0050 168 126 76
-0.1934 -0.0907 1.0050 162 118 69
-0.1874 -0.0907 1.0050 167 122 67
-0.1813 -0.0907 1.0050 164 118 66
-0.1753 -0.0907 1.0050 164 121 70
-0.1692 -0.0907 1.0050 170 127 76
-0.1632 -0.0907 1.0050 169 126 71
-0.1572 -0.0907 1.0050 140 96 49
-0.1511 -0.0907 1.0050 159 115 68
-0.1451 -0.0907 1.0050 157 111 61
-0.1390 -0.0907 1.0051 167 121 71
-0.1330 -0.0907 1.0051 170 124 74
-0.1269 -0.0907 1.0051 169 123 74
-0.1209 -0.0907 1.0051 164 120 71
-0.1148 -0.0907 1.0051 169 129 70
-0.1088 -0.0907 1.0051 169 123 74
-0.1028 -0.0907 1.0051 165 130 74
-0.0967 -0.0907 1.0051 82 56 29
-0.0907 -0.0907 1.0051 80 56 32
-0.0846 -0.0907 1.0052 69 48 21
-0.0786 -0.0907 1.0052 85 57 36
-0.0725 -0.0907 1.0052 80 54 29
-0.0665 -0.0907 1.0052 84 65 33
-0.0605 -0.0907 1.0052 78 56 32
-0.0544 -0.0907 1.0052 81 61 37
-0.0484 -0.0907 1.0052 85 57 35
-0.0423 -0.0907 1.0052 83 61 37
-0.0363 -0.0907 1.0052 84 56 32
-0.0302 -0.0907 1.0052 81 53 31
-0.0242 -0.0907 1.0052 81 55 30
-0.0181 -0.0907 1.0052 91 65 40
-0.0121 -0.0907 1.0052 89 67 43
-0.0060 -0.0907 1.0052 82 62 37
0.0000 -0.0907 1.0052 77 57 30
0.0060 -0.0907 1.0052 84 56 32
0.0121 -0.0907 1.0052 81 53 29
0.0181 -0.0907 1.0052 87 61 34
0.0242 -0.0907 1.0052 84 60 32
0.0302 -0.0907 1.0052 87 61 36
0.0363 -0.0907 1.0052 87 62 40
0.0423 -0.0907 1.0052 78 52 29
0.0484 -0.0907 1.0052 89 63 36
0.0544 -0.0907 1.0052 85 59 36
0.0605 -0.0907 1.0052 86 62 38
0.0665 -0.0907 1.0052 76 52 26
0.0725 -0.0907 1.0052 88 65 34
0.0786 -0.0907 1.0052 88 64 38
0.0846 -0.0907 1.0052 93 67 40
0.0907 -0.0907 1.0051 84 59 28
0.0967 -0.0907 1.0051 81 60 29
0.1028 -0.0907 1.0051 172 131 77
0.1088 -0.0907 1.0051 163 120 67
0.1149 -0.0907 1.0051 166 124 76
0.1209 -0.0907 1.0051 165 122 69
0.1269 -0.0907 1.0051 162 116 66
0.1330 -0.0907 1.0051 167 119 70
0.1390 -0.0907 1.0051 167 119 71
0.1451 -0.0907 1.0051 166 119 67
0.1511 -0.0907 1.0051 170 124 72
0.1572 -0.0907 1.0050 159 113 63
0.1632 -0.0907 1.0050 167 121 69
0.1692 -0.0907 1.0050 170 124 72
0.1753 -0.0907 1.0050 142 98 49
0.1813 -0.0907 1.0050 163 120 65
0.1874 -0.0907 1.0050 161 116 61
0.1934 -0.0907 1.0050 174 128 76
0.1995 -0.0907 1.0050 168 122 72
0.2055 -0.0907 1.0050 163 120 69
0.2115 -0.0907 1.0050 172 128 79
0.2176 -0.0907 1.0049 177 131 79
0.2236 -0.0907 1.0049 160 117 66
0.2297 -0.0907 1.0049 169 125 76
0.2357 -0.0907 1.0049 171 125 73
0.2417 -0.0907 1.0049 160 112 63
0.2478 -0.0907 1.0049 167 123 74
0.2538 -0.0907 1.0049 165 123 75
0.2599 -0.0907 1.0049 165 121 72
0.2659 -0.0907 1.0049 165 119 69
0.2719 -0.0906 1.0049 157 114 63
0.2780 -0.0906 1.0049 158 110 61
0.2840 -0.0906 1.0048 171 125 75
0.2901 -0.0906 1.0048 165 122 69
0.2961 -0.0906 1.0048 173 122 75
0.3022 -0.0906 1.0048 163 117 68
0.3082 -0.0906 1.0048 148 104 59
0.3142 -0.0906 1.0048 157 106 63
0.3203 -0.0906 1.0048 148 98 49
0.3263 -0.0906 1.0048 150 104 55
0.3324 -0.0906 1.0048 145 101 56
0.3384 -0.0906 1.0048 151 105 56
0.3444 -0.0906 1.0048 145 97 51
0.3505 -0.0906 1.0048 146 103 58
0.3565 -0.0906 1.0048 136 93 48
0.3626 -0.0906 1.0048 148 104 57
0.3686 -0.0906 1.0048 151 107 58
0.3746 -0.0906 1.0048 144 97 51
0.3807 -0.0906 1.0047 152 105 59
0.3867 -0.0906 1.0047 149 106 61
0.3928 -0.0906 1.0047 150 103 59
0.3988 -0.0906 1.0047 149 102 58
0.4049 -0.0906 1.0047 148 104 59
0.4109 -0.0906 1.0047 157 113 68
0.4169 -0.0906 1.0047 150 102 56
0.4230 -0.0906 1.0047 151 104 62
0.4290 -0.0906 1.0047 154 109 68
0.4351 -0.0906 1.0048 151 102 59
0.4411 -0.0906 1.0047 154 110 65
0.4471 -0.0906 1.0047 147 98 55
0.4532 -0.0906 1.0047 150 108 60
0.4592 -0.0906 1.0047 155 107 67
0.4653 -0.0906 1.0048 148 101 59
0.4713 -0.0906 1.0048 147 99 61
0.4774 -0.0906 1.0048 147 102 61
0.4834 -0.0906 1.0048 152 108 63
0.4895 -0.0906 1.0048 149 101 53
0.4955 -0.0906 1.0047 160 117 66
0.5015 -0.0906 1.0047 159 116 65
0.5076 -0.0906 1.0048 140 97 54
0.5137 -0.0907 1.0049 170 122 73
0.5236 -0.0913 1.0124 141 128 109
0.5748 -0.0991 1.0986 134 168 196
0.5655 -0.0964 1.0684 136 165 195
0.5719 -0.0964 1.0684 139 169 203
0.5783 -0.0964 1.0684 136 170 198
0.5847 -0.0964 1.0684 130 164 191
0.5912 -0.0964 1.0684 131 164 195
0.5976 -0.0964 1.0684 137 170 203
0.6040 -0.0964 1.0684 136 166 202
0.6104 -0.0964 1.0684 138 169 198
-0.6005 -0.1001 1.0401 142 172 206
-0.5908 -0.0995 1.0340 137 167 201
-0.5825 -0.0992 1.0305 140 173 204
-0.5756 -0.0990 1.0292 132 165 198
-0.5705 -0.0992 1.0311 127 153 186
-0.5643 -0.0992 1.0310 141 172 201
-0.5570 -0.0990 1.0290 128 159 188
-0.5492 -0.0987 1.0261 140 169 201
-0.5432 -0.0988 1.0264 144 173 205
-0.5351 -0.0984 1.0228 140 175 203
-0.5200 -0.0967 1.0054 145 122 91
-0.5135 -0.0967 1.0046 164 120 71
-0.5075 -0.0967 1.0046 160 117 66
-0.5015 -0.0967 1.0046 166 123 70
-0.4954 -0.0967 1.0046 162 119 68
-0.4894 -0.0967 1.0046 135 92 47
-0.4833 -0.0967 1.0046 155 108 64
-0.4773 -0.0967 1.0046 150 106 59
-0.4712 -0.0967 1.0046 153 106 62
-0.4652 -0.0967 1.0045 147 100 54
-0.4591 -0.0967 1.0045 150 102 56
-0.4531 -0.0967 1.0045 148 101 57
-0.4471 -0.0967 1.0045 150 106 61
-0.4410 -0.0967 1.0045 155 108 66
-0.4350 -0.0967 1.0045 150 107 62
-0.4289 -0.0967 1.0045 147 104 59
-0.4229 -0.0967 1.0045 152 110 62
-0.4169 -0.0967 1.0045 152 108 63
-0.4108 -0.0967 1.0045 152 108 63
-0.4048 -0.0967 1.0046 155 108 62
-0.3987 -0.0967 1.0046 149 102 56
-0.3927 -0.0967 1.0046 148 104 57
-0.3867 -0.0967 1.0046 150 106 59
-0.3806 -0.0967 1.0046 147 104 59
-0.3746 -0.0967 1.0046 154 110 65
-0.3685 -0.0967 1.0046 162 115 71
-0.3625 -0.0967 1.0046 147 104 59
-0.3565 -0.0967 1.0046 147 102 60
-0.3504 -0.0967 1.0046 143 94 53
-0.3444 -0.0967 1.0046 148 103 61
-0.3384 -0.0967 1.0047 149 101 55
-0.3323 -0.0967 1.0047 148 101 55
-0.3263 -0.0967 1.0047 151 107 60
-0.3202 -0.0967 1.0047 150 101 58
-0.3142 -0.0967 1.0047 150 102 62
-0.3082 -0.0967 1.0047 156 109 63
-0.3021 -0.0967 1.0047 160 116 69
-0.2961 -0.0967 1.0048 167 123 74
-0.2901 -0.0967 1.0048 165 118 72
-0.2840 -0.0967 1.0048 168 121 75
-0.2780 -0.0967 1.0048 167 119 73
-0.2719 -0.0967 1.0048 163 117 68
-0.2659 -0.0967 1.0048 157 114 63
-0.2599 -0.0967 1.0048 168 125 72
-0.2538 -0.0967 1.0049 166 120 70
-0.2478 -0.0967 1.0049 159 113 64
-0.2417 -0.0967 1.0049 164 118 69
-0.2357 -0.0967 1.0049 158 118 69
-0.2297 -0.0967 1.0049 163 119 72
-0.2236 -0.0967 1.0049 167 119 71
-0.2176 -0.0967 1.0049 168 120 74
-0.2115 -0.0967 1.0049 161 113 64
-0.2055 -0.0967 1.0049 169 123 73
-0.1994 -0.0967 1.0049 164 118 68
-0.1934 -0.0967 1.0050 174 126 80
-0.1874 -0.0967 1.0050 157 111 61
-0.1813 -0.0967 1.0050 158 116 68
-0.1753 -0.0967 1.0050 161 113 67
-0.1692 -0.0967 1.0050 173 125 77
-0.1632 -0.0967 1.0050 160 114 65
-0.1571 -0.0967 1.0050 146 99 53
-0.1511 -0.0967 1.0050 165 117 69
-0.1451 -0.0967 1.0050 170 124 74
-0.1390 -0.0967 1.0050 162 118 69
-0.1330 -0.0967 1.0050 165 118 72
-0.1269 -0.0967 1.0050 168 121 75
-0.1209 -0.0967 1.0051 165 117 71
-0.1148 -0.0967 1.0051 165 122 69
-0.1088 -0.0967 1.0051 167 127 75
-0.1028 -0.0967 1.0051 165 121 76
-0.0967 -0.0967 1.0051 65 41 17
-0.0907 -0.0967 1.0051 81 56 34
-0.0846 -0.0967 1.0052 87 63 39
-0.0786 -0.0967 1.0052 86 62 38
-0.0725 -0.0967 1.0052 81 57 29
-0.0665 -0.0967 1.0052 80 59 32
-0.0605 -0.0967 1.0052 87 63 39
-0.0544 -0.0967 1.0052 81 57 33
-0.0484 -0.0967 1.0052 89 63 38
-0.0423 -0.0967 1.0052 86 58 34
-0.0363 -0.0967 1.0052 86 54 31
-0.0302 -0.0967 1.0052 89 57 34
-0.0242 -0.0967 1.0052 90 62 40
-0.0181 -0.0967 1.0052 86 58 36
-0.0121 -0.0967 1.0052 84 58 33
-0.0060 -0.0967 1.0052 86 62 34
0.0000 -0.0967 1.0052 82 56 31
0.0060 -0.0967 1.0052 83 53 25
0.0121 -0.0967 1.0052 88 62 39
0.0181 -0.0967 1.0052 84 56 32
0.0242 -0.0967 1.0052 91 65 38
0.0302 -0.0967 1.0052 84 61 30
0.0363 -0.0967 1.0052 87 63 35
0.0423 -0.0967 1.0052 84 60 32
0.0484 -0.0967 1.0052 81 55 30
0.0544 -0.0967 1.0052 84 56 32
0.0605 -0.0967 1.0052 88 60 36
0.0665 -0.0967 1.0052 85 55 31
0.0725 -0.0967 1.0052 82 50 25
0.0786 -0.0967 1.0052 83 57 34
0.0846 -0.0967 1.0051 93 67 40
0.0907 -0.0967 1.0051 90 56 28
0.0967 -0.0967 1.0051 47 30 12
0.1028 -0.0967 1.0051 170 121 78
0.1088 -0.0967 1.0051 164 113 66
0.1148 -0.0967 1.0051 164 124 75
0.1209 -0.0967 1.0051 166 120 70
0.1269 -0.0967 1.0051 167 120 74
0.1330 -0.0967 1.0051 160 114 65
0.1390 -0.0967 1.0051 171 123 75
0.1451 -0.0967 1.0051 162 114 65
0.1511 -0.0967 1.0050 161 118 65
0.1572 -0.0967 1.0050 160 117 64
0.1632 -0.0967 1.0050 159 118 66
0.1692 -0.0967 1.0050 162 119 68
0.1753 -0.0967 1.0050 139 95 50
0.1813 -0.0967 1.0050 161 117 68
0.1874 -0.0967 1.0050 163 120 69
0.1934 -0.0967 1.0050 163 117 68
0.1995 -0.0967 1.0050 173 123 74
0.2055 -0.0967 1.0050 164 120 71
0.2115 -0.0967 1.0049 161 115 66
0.2176 -0.0967 1.0049 165 122 71
0.2236 -0.0967 1.0049 164 118 69
0.2297 -0.0967 1.0049 157 115 67
0.2357 -0.0967 1.0049 169 127 79
0.2417 -0.0967 1.0049 163 117 65
0.2478 -0.0967 1.0049 167 121 69
0.2538 -0.0967 1.0049 173 127 77
0.2599 -0.0967 1.0049 157 116 64
0.2659 -0.0967 1.0049 166 120 68
0.2719 -0.0967 1.0049 176 130 78
0.2780 -0.0967 1.0048 162 119 66
0.2840 -0.0967 1.0048 166 120 70
0.2901 -0.0967 1.0048 162 117 62
0.2961 -0.0967 1.0048 160 119 67
0.3022 -0.0967 1.0048 166 118 69
0.3082 -0.0967 1.0048 148 102 53
0.3142 -0.0967 1.0048 159 112 66
0.3203 -0.0967 1.0048 148 106 58
0.3263 -0.0967 1.0048 157 110 64
0.3324 -0.0967 1.0048 156 109 65
0.3384 -0.0967 1.0048 143 100 57
0.3444 -0.0967 1.0048 145 98 54
0.3505 -0.0967 1.0048 154 107 61
0.3565 -0.0967 1.0048 156 109 67
0.3626 -0.0967 1.0048 154 111 66
0.3686 -0.0967 1.0048 148 101 57
0.3746 -0.0967 1.0047 151 107 62
0.3807 -0.0967 1.0047 146 99 55
0.3867 -0.0967 1.0047 147 103 58
0.3928 -0.0967 1.0047 147 103 58
0.3988 -0.0967 1.0047 152 105 61
0.4048 -0.0967 1.0047 153 102 59
0.4109 -0.0967 1.0047 145 99 50
0.4169 -0.0967 1.0047 142 98 51
0.4230 -0.0967 1.0047 144 101 58
0.4290 -0.0967 1.0047 145 100 61
0.4351 -0.0967 1.0047 144 99 57
0.4411 -0.0967 1.0047 156 108 62
0.4471 -0.0967 1.0047 156 109 65
0.4532 -0.0967 1.0047 160 116 71
0.4592 -0.0967 1.0047 144 100 55
0.4653 -0.0967 1.0047 144 100 55
0.4713 -0.0967 1.0048 147 100 54
0.4774 -0.0967 1.0048 154 107 63
0.4834 -0.0967 1.0048 151 109 61
0.4895 -0.0967 1.0047 148 97 50
0.4955 -0.0967 1.0047 170 124 72
0.5015 -0.0967 1.0047 162 119 66
0.5076 -0.0967 1.0047 136 92 47
0.5137 -0.0967 1.0048 160 119 67
0.5239 -0.0975 1.0130 139 127 105
0.5741 -0.1056 1.0971 143 172 204
0.5655 -0.1028 1.0684 132 156 192
0.5719 -0.1028 1.0684 141 165 201
0.5783 -0.1028 1.0684 131 164 195
0.5847 -0.1028 1.0684 131 166 196
0.5912 -0.1028 1.0684 133 166 199
0.5976 -0.1028 1.0684 130 160 194
0.6040 -0.1028 1.0684 134 163 195
0.6104 -0.1028 1.0684 142 172 206
-0.5972 -0.1058 1.0344 138 167 197
-0.5886 -0.1053 1.0302 138 169 198
-0.5809 -0.1051 1.0275 135 166 195
-0.5741 -0.1049 1.0264 134 165 194
-0.5687 -0.1051 1.0278 142 171 205
-0.5625 -0.1051 1.0278 131 164 197
-0.5554 -0.1049 1.0262 133 164 195
-0.5481 -0.1047 1.0239 135 166 197
-0.5418 -0.1047 1.0237 130 160 194
-0.5343 -0.1044 1.0211 126 159 192
-0.5200 -0.1028 1.0055 152 125 95
-0.5135 -0.1027 1.0046 161 118 67
-0.5075 -0.1027 1.0046 164 122 72
-0.5015 -0.1027 1.0046 169 123 74
-0.4954 -0.1027 1.0046 163 119 72
-0.4894 -0.1027 1.0046 134 93 49
-0.4833 -0.1027 1.0046 149 100 60
-0.4773 -0.1027 1.0046 151 104 62
-0.4712 -0.1027 1.0046 143 94 53
-0.4652 -0.1027 1.0045 153 104 63
-0.4591 -0.1027 1.0045 147 100 56
-0.4531 -0.1027 1.0045 141 97 52
-0.4471 -0.1027 1.0045 150 107 64
-0.4410 -0.1027 1.0045 145 102 59
-0.4350 -0.1027 1.0045 141 98 55
-0.4289 -0.1027 1.0045 153 108 66
-0.4229 -0.1027 1.0045 149 102 60
-0.4169 -0.1027 1.0045 162 115 73
-0.4108 -0.1027 1.0045 150 106 61
-0.4048 -0.1027 1.0046 149 105 60
-0.3987 -0.1027 1.0046 152 105 61
-0.3927 -0.1027 1.0046 154 110 65
-0.3867 -0.1027 1.0046 151 108 63
-0.3806 -0.1027 1.0046 144 101 56
-0.3746 -0.1027 1.0046 151 108 63
-0.3685 -0.1027 1.0046 149 105 60
-0.3625 -0.1027 1.0046 148 104 57
-0.3565 -0.1027 1.0046 147 103 56
-0.3504 -0.1027 1.0046 150 106 59
-0.3444 -0.1027 1.0046 153 110 59
-0.3384 -0.1027 1.0047 144 100 53
-0.3323 -0.1027 1.0047 149 109 60
-0.3263 -0.1027 1.0047 150 106 61
-0.3202 -0.1027 1.0047 151 106 64
-0.3142 -0.1027 1.0047 149 104 63
-0.3082 -0.1027 1.0047 147 103 58
-0.3021 -0.1027 1.0047 159 115 66
-0.2961 -0.1027 1.0048 164 122 74
-0.2901 -0.1027 1.0048 171 125 76
-0.2840 -0.1027 1.0048 170 126 77
-0.2780 -0.1027 1.0048 163 117 67
-0.2719 -0.1027 1.0048 165 122 69
-0.2659 -0.1027 1.0048 161 118 67
-0.2599 -0.1027 1.0048 159 116 65
-0.2538 -0.1027 1.0049 163 116 70
-0.2478 -0.1027 1.0049 165 118 72
-0.2417 -0.1027 1.0049 172 126 77
-0.2357 -0.1027 1.0049 163 122 70
-0.2297 -0.1027 1.0049 156 112 65
-0.2236 -0.1027 1.0049 163 117 68
-0.2176 -0.1027 1.0049 157 111 62
-0.2115 -0.1027 1.0049 166 120 71
-0.2055 -0.1027 1.0049 161 118 67
-0.1994 -0.1027 1.0049 164 120 71
-0.1934 -0.1027 1.0049 170 124 75
-0.1874 -0.1027 1.0050 165 125 73
-0.1813 -0.1027 1.0050 162 120 72
-0.1753 -0.1027 1.0050 158 116 66
-0.1692 -0.1027 1.0050 164 117 71
-0.1632 -0.1027 1.0050 158 114 65
-0.1571 -0.1027 1.0050 138 94 47
-0.1511 -0.1028 1.0050 161 117 68
-0.1451 -0.1028 1.0050 165 122 71
-0.1390 -0.1028 1.0050 167 121 72
-0.1330 -0.1028 1.0050 161 115 65
-0.1269 -0.1028 1.0050 165 118 72
-0.1209 -0.1028 1.0050 167 125 77
-0.1148 -0.1028 1.0051 163 121 71
-0.1088 -0.1028 1.0051 163 120 69
-0.1028 -0.1028 1.0051 169 124 69
-0.0967 -0.1028 1.0051 82 55 25
-0.0907 -0.1028 1.0051 78 54 28
-0.0846 -0.1028 1.0051 85 58 31
-0.0786 -0.1028 1.0052 81 55 30
-0.0725 -0.1028 1.0052 91 63 39
-0.0665 -0.1028 1.0052 85 59 36
-0.0605 -0.1028 1.0052 85 57 35
-0.0544 -0.1028 1.0052 86 59 40
-0.0484 -0.1028 1.0052 84 58 35
-0.0423 -0.1028 1.0052 78 56 32
-0.0363 -0.1028 1.0052 81 61 37
-0.0302 -0.1028 1.0052 87 63 39
-0.0242 -0.1028 1.0052 92 68 44
-0.0181 -0.1028 1.0052 90 64 39
-0.0121 -0.1028 1.0052 83 57 30
-0.0060 -0.1028 1.0052 91 65 38
0.0000 -0.1028 1.0052 79 55 27
0.0060 -0.1028 1.0052 84 58 35
0.0121 -0.1028 1.0052 86 62 36
0.0181 -0.1028 1.0052 80 54 29
0.0242 -0.1028 1.0052 82 60 39
0.0302 -0.1028 1.0052 83 61 37
0.0363 -0.1028 1.0052 84 60 36
0.0423 -0.1028 1.0052 89 64 42
0.0484 -0.1028 1.0052 83 61 38
0.0544 -0.1028 1.0052 88 67 40
0.0605 -0.1028 1.0052 81 60 33
0.0665 -0.1028 1.0052 83 62 35
0.0725 -0.1028 1.0052 85 61 37
0.0786 -0.1028 1.0051 79 57 34
0.0846 -0.1028 1.0051 82 61 34
0.0907 -0.1028 1.0051 90 64 31
0.0967 -0.1028 1.0051 86 58 34
0.1028 -0.1028 1.0051 170 129 75
0.1088 -0.1028 1.0051 167 126 74
0.1148 -0.1028 1.0051 167 124 79
0.1209 -0.1028 1.0051 170 124 72
0.1269 -0.1028 1.0051 167 121 72
0.1330 -0.1028 1.0051 168 122 70
0.1390 -0.1028 1.0051 175 129 77
0.1451 -0.1028 1.0050 160 116 67
0.1511 -0.1028 1.0050 169 125 76
0.1572 -0.1028 1.0050 167 123 74
0.1632 -0.1028 1.0050 162 118 71
0.1692 -0.1028 1.0050 176 130 80
0.1753 -0.1028 1.0050 145 98 52
0.1813 -0.1027 1.0050 164 118 69
0.1874 -0.1027 1.0050 167 121 69
0.1934 -0.1027 1.0050 162 118 69
0.1994 -0.1027 1.0050 168 122 73
0.2055 -0.1027 1.0049 154 117 65
0.2115 -0.1027 1.0049 166 118 70
0.2176 -0.1027 1.0049 167 126 74
0.2236 -0.1027 1.0049 162 119 66
0.2297 -0.1027 1.0049 164 123 69
0.2357 -0.1027 1.0049 166 123 72
0.2417 -0.1027 1.0049 160 109 62
0.2478 -0.1027 1.0049 164 116 70
0.2538 -0.1027 1.0049 162 116 66
0.2599 -0.1027 1.0049 162 119 66
0.2659 -0.1027 1.0049 154 106 58
0.2719 -0.1027 1.0048 165 118 72
0.2780 -0.1027 1.0048 166 122 73
0.2840 -0.1027 1.0048 168 121 75
0.2901 -0.1027 1.0048 164 120 71
0.2961 -0.1027 1.0048 158 117 65
0.3022 -0.1027 1.0048 162 116 66
0.3082 -0.1027 1.0048 148 104 55
0.3142 -0.1027 1.0048 145 98 54
0.3203 -0.1027 1.0048 148 105 60
0.3263 -0.1027 1.0048 154 110 63
0.3324 -0.1027 1.0048 146 102 57
0.3384 -0.1027 1.0048 145 103 63
0.3444 -0.1027 1.0048 151 108 66
0.3505 -0.1027 1.0048 151 106 64
0.3565 -0.1027 1.0048 149 106 64
0.3626 -0.1027 1.0048 148 105 62
0.3686 -0.1027 1.0047 161 117 72
0.3746 -0.1027 1.0047 153 110 65
0.3807 -0.1027 1.0047 148 105 62
0.3867 -0.1027 1.0047 153 109 64
0.3928 -0.1027 1.0047 153 109 64
0.3988 -0.1027 1.0047 157 110 68
0.4048 -0.1027 1.0047 150 101 58
0.4109 -0.1027 1.0047 151 104 62
0.4169 -0.1027 1.0047 149 106 63
0.4230 -0.1027 1.0047 148 107 63
0.4290 -0.1027 1.0047 149 105 60
0.4351 -0.1027 1.0047 144 101 56
0.4411 -0.1027 1.0047 149 102 58
0.4471 -0.1027 1.0047 148 103 62
0.4532 -0.1027 1.0047 140 97 55
0.4592 -0.1027 1.0047 152 109 64
0.4653 -0.1027 1.0047 142 99 54
0.4713 -0.1027 1.0048 161 114 70
0.4774 -0.1027 1.0048 145 98 54
0.4834 -0.1027 1.0047 143 100 57
0.4894 -0.1027 1.0047 155 108 64
0.4955 -0.1027 1.0047 163 119 72
0.5015 -0.1027 1.0047 161 117 68
0.5076 -0.1027 1.0047 137 95 47
0.5137 -0.1027 1.0048 162 121 69
0.5243 -0.1036 1.0136 150 139 121
0.5732 -0.1120 1.0956 133 162 194
0.5655 -0.1092 1.0684 133 166 201
0.5719 -0.1092 1.0684 134 167 200
0.5783 -0.1092 1.0684 135 164 198
0.5847 -0.1092 1.0684 133 159 194
0.5912 -0.1092 1.0684 131 161 195
0.5976 -0.1092 1.0684 133 164 195
0.6040 -0.1092 1.0684 140 171 199
0.6104 -0.1092 1.0684 144 178 206
-0.5943 -0.1114 1.0294 133 162 194
-0.5863 -0.1111 1.0262 126 157 188
-0.5794 -0.1109 1.0248 130 161 192
-0.5728 -0.1109 1.0241 133 162 194
-0.5672 -0.1110 1.0250 139 168 202
-0.5611 -0.1110 1.0252 132 165 200
-0.5542 -0.1108 1.0239 130 159 189
-0.5471 -0.1106 1.0220 131 162 191
-0.5407 -0.1106 1.0216 137 171 196
-0.5336 -0.1104 1.0198 129 164 192
-0.5201 -0.1089 1.0056 145 122 90
-0.5135 -0.1087 1.0046 158 113 71
-0.5075 -0.1088 1.0046 163 121 73
-0.5015 -0.1088 1.0046 166 122 73
-0.4954 -0.1088 1.0046 165 122 71
-0.4894 -0.1088 1.0046 136 96 47
-0.4833 -0.1087 1.0046 160 111 71
-0.4773 -0.1087 1.0046 150 103 59
-0.4712 -0.1087 1.0046 153 105 59
-0.4652 -0.1087 1.0045 154 107 63
-0.4591 -0.1087 1.0045 147 104 59
-0.4531 -0.1087 1.0045 142 95 51
-0.4471 -0.1087 1.0045 153 104 63
-0.4410 -0.1087 1.0045 143 98 56
-0.4350 -0.1087 1.0045 152 109 64
-0.4289 -0.1087 1.0045 151 109 61
-0.4229 -0.1087 1.0045 148 104 57
-0.4169 -0.1087 1.0045 144 100 53
-0.4108 -0.1087 1.0045 149 105 60
-0.4048 -0.1087 1.0046 151 107 62
-0.3987 -0.1087 1.0046 148 104 59
-0.3927 -0.1087 1.0046 146 102 57
-0.3867 -0.1087 1.0046 153 110 67
-0.3806 -0.1087 1.0046 144 101 56
-0.3746 -0.1088 1.0046 148 105 60
-0.3685 -0.1088 1.0046 147 104 59
-0.3625 -0.1088 1.0046 150 103 59
-0.3565 -0.1088 1.0046 147 103 58
-0.3504 -0.1088 1.0046 145 103 55
-0.3444 -0.1088 1.0046 153 109 62
-0.3384 -0.1088 1.0047 144 101 56
-0.3323 -0.1088 1.0047 149 104 62
-0.3263 -0.1088 1.0047 154 107 65
-0.3202 -0.1088 1.0047 154 109 67
-0.3142 -0.1088 1.0047 147 103 58
-0.3082 -0.1088 1.0047 146 102 57
-0.3021 -0.1088 1.0047 173 129 84
-0.2961 -0.1088 1.0048 163 119 72
-0.2901 -0.1088 1.0048 163 116 72
-0.2840 -0.1088 1.0048 160 117 74
-0.2780 -0.1088 1.0048 162 118 73
-0.2719 -0.1088 1.0048 168 124 79
-0.2659 -0.1088 1.0048 165 121 76
-0.2599 -0.1088 1.0048 161 115 66
-0.2538 -0.1088 1.0049 167 123 78
-0.2478 -0.1088 1.0049 163 119 72
-0.2417 -0.1088 1.0049 162 115 69
-0.2357 -0.1088 1.0049 166 120 70
-0.2297 -0.1088 1.0049 167 126 74
-0.2236 -0.1088 1.0049 166 124 74
-0.2176 -0.1088 1.0049 169 122 76
-0.2115 -0.1088 1.0049 168 124 75
-0.2055 -0.1088 1.0049 162 118 69
-0.1994 -0.1088 1.0049 162 118 71
-0.1934 -0.1088 1.0049 160 114 65
-0.1874 -0.1088 1.0050 161 118 67
-0.1813 -0.1088 1.0050 172 124 78
-0.1753 -0.1088 1.0050 167 123 74
-0.1692 -0.1088 1.0050 165 119 70
-0.1632 -0.1088 1.0050 164 118 69
-0.1571 -0.1088 1.0050 128 81 35
-0.1511 -0.1088 1.0050 159 113 64
-0.1451 -0.1088 1.0050 169 123 74
-0.1390 -0.1088 1.0050 173 127 77
-0.1330 -0.1088 1.0050 160 117 64
-0.1269 -0.1088 1.0050 161 117 68
-0.1209 -0.1088 1.0050 168 121 69
-0.1148 -0.1088 1.0050 169 123 73
-0.1088 -0.1088 1.0051 162 120 70
-0.1028 -0.1088 1.0051 172 125 73
-0.0967 -0.1088 1.0051 90 63 33
-0.0907 -0.1088 1.0051 81 55 28
-0.0846 -0.1088 1.0051 93 66 39
-0.0786 -0.1088 1.0052 82 56 33
-0.0725 -0.1088 1.0052 89 59 31
-0.0665 -0.1088 1.0052 89 62 33
-0.0605 -0.1088 1.0052 92 65 35
-0.0544 -0.1088 1.0052 87 61 36
-0.0484 -0.1088 1.0052 86 60 33
-0.0423 -0.1088 1.0052 88 63 33
-0.0363 -0.1088 1.0052 86 59 29
-0.0302 -0.1088 1.0052 93 70 39
-0.0242 -0.1088 1.0052 84 63 32
-0.0181 -0.1088 1.0052 86 62 34
-0.0121 -0.1088 1.0052 85 61 33
-0.0060 -0.1088 1.0052 91 65 40
0.0000 -0.1088 1.0052 84 58 33
0.0060 -0.1088 1.0052 95 66 34
0.0121 -0.1088 1.0052 81 51 27
0.0181 -0.1088 1.0052 92 60 35
0.0242 -0.1088 1.0052 85 55 29
0.0302 -0.1088 1.0052 89 59 33
0.0363 -0.1088 1.0052 91 60 32
0.0423 -0.1088 1.0052 90 58 33
0.0484 -0.1088 1.0052 80 54 29
0.0544 -0.1088 1.0052 82 57 27
0.0605 -0.1088 1.0052 88 61 32
0.0665 -0.1088 1.0052 87 62 32
0.0725 -0.1088 1.0051 86 59 30
0.0786 -0.1088 1.0051 85 59 34
0.0846 -0.1088 1.0051 91 59 38
0.0907 -0.1088 1.0051 92 56 32
0.0967 -0.1088 1.0051 97 70 43
0.1028 -0.1088 1.0051 164 114 65
0.1088 -0.1088 1.0051 160 119 67
0.1148 -0.1088 1.0051 154 116 67
0.1209 -0.1088 1.0051 172 124 75
0.1269 -0.1088 1.0051 165 119 70
0.1330 -0.1088 1.0051 165 119 69
0.1390 -0.1088 1.0051 171 125 73
0.1451 -0.1088 1.0051 163 121 71
0.1511 -0.1088 1.0050 160 116 69
0.1572 -0.1088 1.0050 166 119 73
0.1632 -0.1088 1.0050 159 115 70
0.1692 -0.1088 1.0050 164 120 71
0.1753 -0.1088 1.0050 141 97 50
0.1813 -0.1088 1.0050 164 118 69
0.1874 -0.1088 1.0050 166 120 68
0.1934 -0.1088 1.0050 167 125 77
0.1994 -0.1088 1.0050 162 116 67
0.2055 -0.1088 1.0050 168 124 75
0.2115 -0.1088 1.0049 165 121 72
0.2176 -0.1088 1.0049 158 115 70
0.2236 -0.1088 1.0049 164 122 74
0.2297 -0.1088 1.0049 162 118 71
0.2357 -0.1088 1.0049 164 120 71
0.2417 -0.1088 1.0049 165 117 69
0.2478 -0.1088 1.0049 163 115 67
0.2538 -0.1088 1.0049 162 121 69
0.2599 -0.1088 1.0049 174 131 80
0.2659 -0.1088 1.0049 160 112 66
0.2719 -0.1088 1.0048 159 113 64
0.2780 -0.1088 1.0048 158 115 64
0.2840 -0.1088 1.0048 164 120 71
0.2901 -0.1088 1.0048 166 124 74
0.2961 -0.1088 1.0048 165 121 72
0.3022 -0.1088 1.0048 154 111 60
0.3082 -0.1088 1.0048 148 104 55
0.3142 -0.1088 1.0048 154 109 68
0.3203 -0.1088 1.0048 152 107 65
0.3263 -0.1088 1.0048 152 109 64
0.3324 -0.1088 1.0048 153 109 64
0.3384 -0.1088 1.0048 136 91 50
0.3444 -0.1088 1.0048 146 101 60
0.3505 -0.1088 1.0048 151 107 62
0.3565 -0.1088 1.0048 155 111 64
0.3626 -0.1088 1.0048 146 102 57
0.3686 -0.1088 1.0048 155 112 67
0.3746 -0.1088 1.0047 150 103 59
0.3807 -0.1088 1.0047 146 105 61
0.3867 -0.1088 1.0047 146 103 58
0.3928 -0.1088 1.0047 147 104 61
0.3988 -0.1088 1.0047 151 106 65
0.4048 -0.1088 1.0047 154 107 65
0.4109 -0.1088 1.0047 137 93 48
0.4169 -0.1088 1.0047 148 105 60
0.4230 -0.1088 1.0047 154 113 69
0.4290 -0.1088 1.0047 146 103 60
0.4351 -0.1088 1.0047 150 106 61
0.4411 -0.1088 1.0047 150 101 60
0.4471 -0.1088 1.0047 147 102 60
0.4532 -0.1088 1.0047 151 107 62
0.4592 -0.1088 1.0047 147 104 61
0.4653 -0.1088 1.0047 143 100 55
0.4713 -0.1088 1.0048 145 101 56
0.4774 -0.1088 1.0048 150 105 63
0.4834 -0.1088 1.0048 152 105 63
0.4895 -0.1088 1.0047 144 101 56
0.4955 -0.1088 1.0047 160 116 67
0.5015 -0.1088 1.0047 164 120 71
0.5076 -0.1088 1.0048 144 102 52
0.5137 -0.1088 1.0048 165 124 72
0.5244 -0.1098 1.0140 140 129 111
0.5729 -0.1185 1.0949 132 163 194
0.5655 -0.1157 1.0684 130 163 194
0.5719 -0.1157 1.0684 129 162 193
0.5783 -0.1157 1.0684 135 164 194
0.5847 -0.1157 1.0684 142 169 199
0.5912 -0.1157 1.0684 133 163 197
0.5976 -0.1157 1.0684 140 170 204
0.6040 -0.1157 1.0684 131 162 191
0.6104 -0.1157 1.0684 134 167 198
-0.5921 -0.1172 1.0255 134 165 196
-0.5845 -0.1169 1.0230 135 165 199
-0.5784 -0.1169 1.0231 127 157 191
-0.5716 -0.1168 1.0220 135 165 199
-0.5659 -0.1169 1.0228 130 159 193
-0.5599 -0.1169 1.0230 132 163 194
-0.5532 -0.1168 1.0220 141 170 200
-0.5462 -0.1166 1.0205 139 170 199
-0.5398 -0.1166 1.0200 128 158 192
-0.5331 -0.1164 1.0188 132 167 197
-0.5202 -0.1149 1.0057 146 120 93
-0.5135 -0.1148 1.0045 166 123 70
-0.5075 -0.1148 1.0046 161 118 67
-0.5015 -0.1148 1.0046 159 116 63
-0.4954 -0.1148 1.0046 172 129 78
-0.4894 -0.1148 1.0046 133 90 45
-0.4833 -0.1148 1.0046 146 99 53
-0.4773 -0.1148 1.0046 143 99 52
-0.4712 -0.1148 1.0046 155 108 66
-0.4652 -0.1148 1.0045 153 106 62
-0.4591 -0.1148 1.0045 151 107 60
-0.4531 -0.1148 1.0045 138 94 47
-0.4471 -0.1148 1.0045 150 103 59
-0.4410 -0.1148 1.0045 156 107 64
-0.4350 -0.1148 1.0045 156 112 65
-0.4289 -0.1148 1.0045 150 106 61
-0.4229 -0.1148 1.0045 150 106 61
-0.4169 -0.1148 1.0045 148 106 58
-0.4108 -0.1148 1.0046 153 109 64
-0.4048 -0.1148 1.0046 139 96 53
-0.3987 -0.1148 1.0046 141 98 55
-0.3927 -0.1148 1.0046 149 105 60
-0.3867 -0.1148 1.0046 140 97 54
-0.3806 -0.1148 1.0046 149 104 62
-0.3746 -0.1148 1.0046 148 101 57
-0.3685 -0.1148 1.0046 158 115 70
-0.3625 -0.1148 1.0046 157 114 71
-0.3565 -0.1148 1.0046 148 104 59
-0.3504 -0.1148 1.0046 148 101 57
-0.3444 -0.1148 1.0047 157 110 68
-0.3384 -0.1148 1.0047 145 101 56
-0.3323 -0.1148 1.0047 148 99 56
-0.3263 -0.1148 1.0047 149 106 61
-0.3202 -0.1148 1.0047 144 100 53
-0.3142 -0.1148 1.0047 151 105 56
-0.3082 -0.1148 1.0047 159 112 66
-0.3021 -0.1148 1.0047 165 118 72
-0.2961 -0.1148 1.0048 167 123 74
-0.2901 -0.1148 1.0048 164 121 70
-0.2840 -0.1148 1.0048 161 118 67
-0.2780 -0.1148 1.0048 162 119 68
-0.2719 -0.1148 1.0048 167 124 73
-0.2659 -0.1148 1.0048 166 122 73
-0.2599 -0.1148 1.0048 158 112 62
-0.2538 -0.1148 1.0049 165 121 72
-0.2478 -0.1148 1.0049 161 117 68
-0.2417 -0.1148 1.0049 165 122 77
-0.2357 -0.1148 1.0049 172 126 77
-0.2297 -0.1148 1.0049 166 123 70
-0.2236 -0.1148 1.0049 162 118 69
-0.2176 -0.1148 1.0049 169 121 72
-0.2115 -0.1148 1.0049 165 119 69
-0.2055 -0.1148 1.0049 158 112 62
-0.1994 -0.1148 1.0049 173 127 77
-0.1934 -0.1148 1.0050 168 122 72
-0.1874 -0.1148 1.0050 165 119 67
-0.1813 -0.1148 1.0050 165 117 69
-0.1753 -0.1148 1.0050 170 122 74
-0.1692 -0.1148 1.0050 163 117 67
-0.1632 -0.1148 1.0050 165 119 67
-0.1571 -0.1148 1.0050 137 91 42
-0.1511 -0.1148 1.0050 171 125 76
-0.1451 -0.1148 1.0050 163 119 72
-0.1390 -0.1148 1.0050 167 123 76
-0.1330 -0.1148 1.0050 169 123 74
-0.1269 -0.1148 1.0050 160 112 64
-0.1209 -0.1148 1.0050 165 117 68
-0.1148 -0.1148 1.0050 167 121 71
-0.1088 -0.1148 1.0051 164 122 74
-0.1028 -0.1148 1.0051 163 116 70
-0.0967 -0.1149 1.0051 85 59 34
-0.0907 -0.1149 1.0051 89 65 41
-0.0846 -0.1149 1.0051 84 58 33
-0.0786 -0.1149 1.0052 83 59 35
-0.0725 -0.1149 1.0052 91 64 37
-0.0665 -0.1149 1.0052 91 65 40
-0.0605 -0.1149 1.0052 89 63 38
-0.0544 -0.1149 1.0052 92 68 44
-0.0484 -0.1149 1.0052 79 57 34
-0.0423 -0.1149 1.0052 88 64 40
-0.0363 -0.1149 1.0052 76 48 26
-0.0302 -0.1149 1.0052 77 55 32
-0.0242 -0.1149 1.0052 84 58 31
-0.0181 -0.1149 1.0052 84 59 28
-0.0121 -0.1149 1.0052 85 60 30
-0.0060 -0.1149 1.0052 86 61 31
0.0000 -0.1149 1.0052 84 63 34
0.0060 -0.1149 1.0052 81 57 33
0.0121 -0.1149 1.0052 83 59 35
0.0181 -0.1149 1.0052 85 61 35
0.0242 -0.1149 1.0052 83 58 36
0.0302 -0.1149 1.0052 82 60 37
0.0363 -0.1149 1.0052 85 61 37
0.0423 -0.1149 1.0052 78 57 30
0.0484 -0.1149 1.0052 86 61 41
0.0544 -0.1149 1.0052 89 63 38
0.0605 -0.1149 1.0052 94 68 43
0.0665 -0.1149 1.0052 87 62 40
0.0725 -0.1149 1.0051 84 61 30
0.0786 -0.1149 1.0051 87 67 40
0.0846 -0.1149 1.0051 96 72 46
0.0907 -0.1149 1.0051 86 57 27
0.0967 -0.1149 1.0051 90 67 36
0.1028 -0.1148 1.0051 164 112 65
0.1088 -0.1148 1.0051 164 116 68
0.1148 -0.1148 1.0051 165 123 73
0.1209 -0.1148 1.0051 166 118 70
0.1269 -0.1148 1.0051 167 120 76
0.1330 -0.1148 1.0051 165 118 72
0.1390 -0.1148 1.0051 171 125 76
0.1451 -0.1148 1.0051 167 117 68
0.1511 -0.1148 1.0051 163 117 67
0.1572 -0.1148 1.0050 161 119 69
0.1632 -0.1148 1.0050 164 120 71
0.1692 -0.1148 1.0050 159 116 65
0.1753 -0.1148 1.0050 138 96 46
0.1813 -0.1148 1.0050 166 122 73
0.1874 -0.1148 1.0050 162 119 64
0.1934 -0.1148 1.0050 156 112 63
0.1995 -0.1148 1.0050 156 108 59
0.2055 -0.1148 1.0050 172 129 76
0.2115 -0.1148 1.0049 164 112 64
0.2176 -0.1148 1.0049 168 122 72
0.2236 -0.1148 1.0049 175 132 79
0.2297 -0.1148 1.0049 163 117 65
0.2357 -0.1148 1.0049 167 121 69
0.2417 -0.1148 1.0049 169 126 75
0.2478 -0.1148 1.0049 166 123 72
0.2538 -0.1148 1.0049 169 123 71
0.2599 -0.1148 1.0049 164 121 68
0.2659 -0.1148 1.0049 166 120 71
0.2719 -0.1148 1.0049 165 122 69
0.2780 -0.1148 1.0048 162 119 66
0.2840 -0.1148 1.0048 163 117 67
0.2901 -0.1148 1.0048 162 121 67
0.2961 -0.1148 1.0048 165 119 69
0.3022 -0.1148 1.0048 172 131 77
0.3082 -0.1148 1.0048 152 108 59
0.3142 -0.1148 1.0048 150 105 63
0.3203 -0.1148 1.0048 153 106 62
0.3263 -0.1148 1.0048 151 107 62
0.3324 -0.1148 1.0048 145 101 56
0.3384 -0.1148 1.0048 152 105 61
0.3444 -0.1148 1.0048 150 106 61
0.3505 -0.1148 1.0048 149 107 59
0.3565 -0.1148 1.0048 150 108 60
0.3626 -0.1148 1.0048 160 112 66
0.3686 -0.1148 1.0048 150 108 60
0.3746 -0.1148 1.0047 151 100 57
0.3807 -0.1148 1.0047 142 101 55
0.3867 -0.1148 1.0047 147 103 56
0.3928 -0.1148 1.0047 154 110 65
0.3988 -0.1148 1.0047 149 100 59
0.4048 -0.1148 1.0047 149 102 58
0.4109 -0.1148 1.0047 147 103 58
0.4169 -0.1148 1.0047 147 104 59
0.4230 -0.1148 1.0047 145 104 60
0.4290 -0.1148 1.0047 153 110 67
0.4351 -0.1148 1.0047 149 107 59
0.4411 -0.1148 1.0047 151 104 62
0.4471 -0.1148 1.0047 151 107 62
0.4532 -0.1148 1.0047 154 112 64
0.4592 -0.1148 1.0047 152 108 63
0.4653 -0.1148 1.0047 147 103 58
0.4713 -0.1148 1.0048 153 106 62
0.4774 -0.1148 1.0048 149 104 62
0.4834 -0.1148 1.0048 152 107 65
0.4895 -0.1148 1.0048 157 109 61
0.4955 -0.1148 1.0047 166 123 72
0.5015 -0.1148 1.0047 162 122 70
0.5076 -0.1148 1.0048 140 96 49
0.5137 -0.1148 1.0048 155 114 60
0.5245 -0.1159 1.0142 141 129 107
0.5726 -0.1251 1.0944 134 163 195
0.5655 -0.1221 1.0684 130 158 195
0.5719 -0.1221 1.0684 133 162 196
0.5783 -0.1221 1.0684 134 165 194
0.5847 -0.1221 1.0684 132 163 192
0.5912 -0.1221 1.0684 136 165 197
0.5976 -0.1221 1.0684 133 162 194
0.6040 -0.1221 1.0684 133 162 194
0.6104 -0.1221 1.0684 131 162 193
-0.5904 -0.1230 1.0225 141 171 199
-0.5834 -0.1228 1.0212 137 166 198
-0.5773 -0.1228 1.0212 133 162 194
-0.5706 -0.1227 1.0202 139 165 198
-0.5648 -0.1228 1.0208 136 165 199
-0.5588 -0.1228 1.0211 138 168 202
-0.5523 -0.1227 1.0204 140 170 206
-0.5455 -0.1226 1.0191 135 166 197
-0.5391 -0.1225 1.0187 138 164 197
-0.5326 -0.1224 1.0180 132 161 195
-0.5203 -0.1210 1.0059 151 126 96
-0.5135 -0.1208 1.0045 171 125 76
-0.5075 -0.1208 1.0046 168 125 72
-0.5015 -0.1208 1.0046 161 115 65
-0.4954 -0.1208 1.0046 164 118 68
-0.4894 -0.1208 1.0046 140 95 53
-0.4833 -0.1208 1.0046 147 100 58
-0.4773 -0.1208 1.0046 152 104 64
-0.4712 -0.1208 1.0046 152 109 66
-0.4652 -0.1208 1.0046 155 111 64
-0.4591 -0.1208 1.0045 149 105 58
-0.4531 -0.1208 1.0045 147 103 58
-0.4471 -0.1208 1.0045 148 104 57
-0.4410 -0.1208 1.0045 151 108 63
-0.4350 -0.1208 1.0045 155 113 63
-0.4289 -0.1208 1.0045 147 104 59
-0.4229 -0.1208 1.0045 154 107 63
-0.4169 -0.1208 1.0045 154 107 63
-0.4108 -0.1208 1.0046 146 99 57
-0.4048 -0.1208 1.0046 154 109 67
-0.3987 -0.1208 1.0046 142 97 55
-0.3927 -0.1208 1.0046 152 105 61
-0.3867 -0.1208 1.0046 154 107 61
-0.3806 -0.1208 1.0046 148 104 57
-0.3746 -0.1208 1.0046 153 110 65
-0.3685 -0.1208 1.0046 147 103 58
-0.3625 -0.1208 1.0046 151 107 62
-0.3565 -0.1208 1.0046 143 99 52
-0.3504 -0.1208 1.0046 154 108 59
-0.3444 -0.1208 1.0047 151 103 57
-0.3384 -0.1208 1.0047 156 112 67
-0.3323 -0.1208 1.0047 144 102 54
-0.3263 -0.1208 1.0047 147 104 61
-0.3202 -0.1208 1.0047 146 103 60
-0.3142 -0.1208 1.0047 154 107 61
-0.3082 -0.1209 1.0047 149 102 58
-0.3021 -0.1209 1.0047 167 124 73
-0.2961 -0.1209 1.0048 172 129 76
-0.2901 -0.1209 1.0048 164 120 71
-0.2840 -0.1209 1.0048 171 125 76
-0.2780 -0.1209 1.0048 159 113 64
-0.2719 -0.1209 1.0048 162 118 69
-0.2659 -0.1209 1.0048 171 127 78
-0.2599 -0.1209 1.0048 165 123 73
-0.2538 -0.1209 1.0049 152 108 59
-0.2478 -0.1209 1.0049 171 125 76
-0.2417 -0.1209 1.0049 166 123 78
-0.2357 -0.1209 1.0049 166 119 73
-0.2297 -0.1209 1.0049 158 115 64
-0.2236 -0.1209 1.0049 161 117 68
-0.2176 -0.1209 1.0049 157 111 59
-0.2115 -0.1209 1.0049 158 112 60
-0.2055 -0.1209 1.0049 169 117 67
-0.1994 -0.1209 1.0049 171 124 72
-0.1934 -0.1209 1.0050 164 121 70
-0.1874 -0.1209 1.0050 158 115 64
-0.1813 -0.1209 1.0050 168 120 71
-0.1753 -0.1209 1.0050 164 118 69
-0.1692 -0.1209 1.0050 166 118 69
-0.1632 -0.1209 1.0050 167 123 74
-0.1571 -0.1209 1.0050 135 88 42
-0.1511 -0.1209 1.0050 168 122 73
-0.1451 -0.1209 1.0050 161 120 68
-0.1390 -0.1209 1.0050 163 117 65
-0.1330 -0.1209 1.0050 166 123 70
-0.1269 -0.1209 1.0050 158 115 62
-0.1209 -0.1209 1.0050 159 113 63
-0.1148 -0.1209 1.0050 169 123 74
-0.1088 -0.1209 1.0051 163 115 66
-0.1028 -0.1209 1.0051 169 126 75
-0.0967 -0.1209 1.0051 85 58 29
-0.0907 -0.1209 1.0051 78 56 32
-0.0846 -0.1209 1.0052 89 62 33
-0.0786 -0.1209 1.0052 87 63 35
-0.0725 -0.1209 1.0052 82 54 32
-0.0665 -0.1209 1.0052 86 61 39
-0.0605 -0.1209 1.0052 92 68 44
-0.0544 -0.1209 1.0052 86 60 37
-0.0484 -0.1209 1.0052 85 57 35
-0.0423 -0.1209 1.0052 86 59 32
-0.0363 -0.1209 1.0052 87 60 39
-0.0302 -0.1209 1.0052 87 59 37
-0.0242 -0.1209 1.0052 84 58 33
-0.0181 -0.1209 1.0052 89 63 36
-0.0121 -0.1209 1.0052 89 61 37
-0.0060 -0.1209 1.0052 83 55 31
0.0000 -0.1209 1.0052 93 69 41
0.0060 -0.1209 1.0052 92 67 36
0.0121 -0.1209 1.0052 81 57 29
0.0181 -0.1209 1.0052 79 58 29
0.0242 -0.1209 1.0052 88 60 36
0.0302 -0.1209 1.0052 96 70 45
0.0363 -0.1209 1.0052 80 58 34
0.0423 -0.1209 1.0052 86 65 38
0.0484 -0.1209 1.0052 85 61 33
0.0544 -0.1209 1.0052 90 60 34
0.0605 -0.1209 1.0052 92 66 39
0.0665 -0.1209 1.0052 92 62 38
0.0725 -0.1209 1.0052 89 65 39
0.0786 -0.1209 1.0051 85 59 32
0.0846 -0.1209 1.0051 87 61 34
0.0907 -0.1209 1.0051 93 58 26
0.0967 -0.1209 1.0051 92 65 38
0.1028 -0.1209 1.0051 167 124 71
0.1088 -0.1209 1.0051 160 117 64
0.1148 -0.1209 1.0051 159 116 63
0.1209 -0.1209 1.0051 165 122 71
0.1269 -0.1209 1.0051 163 120 69
0.1330 -0.1209 1.0051 162 119 68
0.1390 -0.1209 1.0051 162 119 68
0.1451 -0.1209 1.0051 166 120 71
0.1511 -0.1209 1.0051 164 120 71
0.1572 -0.1209 1.0050 164 118 69
0.1632 -0.1209 1.0050 165 123 73
0.1692 -0.1209 1.0050 165 121 72
0.1753 -0.1209 1.0050 132 90 42
0.1813 -0.1209 1.0050 165 122 71
0.1874 -0.1209 1.0050 161 115 63
0.1934 -0.1209 1.0050 163 117 68
0.1995 -0.1209 1.0050 160 114 64
0.2055 -0.1209 1.0050 171 128 77
0.2115 -0.1209 1.0050 164 121 70
0.2176 -0.1209 1.0049 162 116 67
0.2236 -0.1209 1.0049 163 122 70
0.2297 -0.1209 1.0049 163 113 64
0.2357 -0.1209 1.0049 165 124 72
0.2417 -0.1209 1.0049 164 123 67
0.2478 -0.1209 1.0049 167 124 73
0.2538 -0.1209 1.0049 162 119 68
0.2599 -0.1209 1.0049 162 118 71
0.2659 -0.1209 1.0049 176 129 77
0.2719 -0.1209 1.0049 161 115 65
0.2780 -0.1209 1.0048 165 119 70
0.2840 -0.1209 1.0048 167 121 72
0.2901 -0.1209 1.0048 161 120 66
0.2961 -0.1209 1.0048 161 115 65
0.3022 -0.1209 1.0048 164 118 68
0.3082 -0.1209 1.0048 148 104 57
0.3142 -0.1209 1.0048 154 109 67
0.3203 -0.1209 1.0048 157 113 66
0.3263 -0.1209 1.0048 149 102 60
0.3324 -0.1209 1.0048 155 108 62
0.3384 -0.1209 1.0048 153 106 62
0.3444 -0.1209 1.0048 150 103 59
0.3505 -0.1209 1.0048 148 104 57
0.3565 -0.1209 1.0048 148 106 58
0.3626 -0.1209 1.0048 146 102 55
0.3686 -0.1209 1.0048 150 106 59
0.3746 -0.1209 1.0048 150 101 58
0.3807 -0.1209 1.0047 147 103 58
0.3867 -0.1209 1.0047 159 115 68
0.3928 -0.1209 1.0047 152 108 61
0.3988 -0.1209 1.0047 146 103 58
0.4048 -0.1209 1.0047 146 105 59
0.4109 -0.1208 1.0047 152 108 63
0.4169 -0.1209 1.0047 155 112 69
0.4230 -0.1209 1.0047 145 102 60
0.4290 -0.1209 1.0047 148 103 61
0.4351 -0.1209 1.0047 153 109 64
0.4411 -0.1208 1.0047 145 98 54
0.4471 -0.1208 1.0047 149 102 56
0.4532 -0.1208 1.0047 151 107 62
0.4592 -0.1209 1.0047 149 105 60
0.4653 -0.1209 1.0048 149 106 61
0.4713 -0.1209 1.0048 149 105 60
0.4774 -0.1209 1.0048 154 110 65
0.4834 -0.1209 1.0048 149 104 62
0.4895 -0.1209 1.0048 152 105 61
0.4955 -0.1209 1.0047 165 119 70
0.5015 -0.1209 1.0047 171 123 74
0.5076 -0.1209 1.0048 143 95 49
0.5137 -0.1209 1.0048 167 120 68
0.5247 -0.1220 1.0144 143 128 107
0.5724 -0.1316 1.0939 134 165 196
0.5655 -0.1285 1.0684 135 168 199
0.5719 -0.1285 1.0684 131 160 194
0.5783 -0.1285 1.0684 126 159 190
0.5847 -0.1285 1.0684 136 165 197
0.5912 -0.1285 1.0684 134 163 195
0.5976 -0.1285 1.0684 137 166 196
0.6040 -0.1285 1.0684 142 173 202
0.6104 -0.1285 1.0684 139 170 201
-0.5890 -0.1288 1.0202 132 163 194
-0.5826 -0.1288 1.0198 133 163 197
-0.5764 -0.1288 1.0197 132 163 192
-0.5698 -0.1287 1.0187 132 161 193
-0.5639 -0.1287 1.0192 135 166 197
-0.5579 -0.1287 1.0194 133 164 195
-0.5515 -0.1287 1.0190 138 169 198
-0.5448 -0.1286 1.0179 137 168 199
-0.5385 -0.1285 1.0174 136 162 195
-0.5321 -0.1284 1.0170 131 160 192
-0.5203 -0.1271 1.0060 150 125 95
-0.5135 -0.1269 1.0045 162 118 69
-0.5075 -0.1269 1.0046 163 122 70
-0.5015 -0.1269 1.0046 167 123 74
-0.4954 -0.1269 1.0046 166 123 70
-0.4894 -0.1269 1.0046 136 94 44
-0.4833 -0.1269 1.0046 154 110 65
-0.4773 -0.1269 1.0046 143 95 57
-0.4712 -0.1269 1.0046 153 110 65
-0.4652 -0.1269 1.0046 153 111 61
-0.4592 -0.1269 1.0046 154 109 67
-0.4531 -0.1269 1.0046 152 107 66
-0.4471 -0.1269 1.0045 148 104 57
-0.4410 -0.1269 1.0045 151 104 58
-0.4350 -0.1269 1.0045 149 105 60
-0.4289 -0.1269 1.0045 142 100 58
-0.4229 -0.1269 1.0045 152 108 63
-0.4169 -0.1269 1.0046 152 105 59
-0.4108 -0.1269 1.0046 150 103 59
-0.4048 -0.1269 1.0046 149 105 60
-0.3987 -0.1269 1.0046 149 105 58
-0.3927 -0.1269 1.0046 150 106 59
-0.3867 -0.1269 1.0046 145 101 56
-0.3806 -0.1269 1.0046 156 109 65
-0.3746 -0.1269 1.0046 154 107 63
-0.3686 -0.1269 1.0046 150 103 59
-0.3625 -0.1269 1.0046 150 103 61
-0.3565 -0.1269 1.0046 147 103 58
-0.3504 -0.1269 1.0047 149 105 58
-0.3444 -0.1269 1.0047 150 106 61
-0.3384 -0.1269 1.0047 144 100 55
-0.3323 -0.1269 1.0047 147 103 54
-0.3263 -0.1269 1.0047 149 102 58
-0.3202 -0.1269 1.0047 145 100 58
-0.3142 -0.1269 1.0047 150 106 61
-0.3082 -0.1269 1.0047 148 104 57
-0.3021 -0.1269 1.0048 161 119 69
-0.2961 -0.1269 1.0048 163 121 71
-0.2901 -0.1269 1.0048 171 127 78
-0.2840 -0.1269 1.0048 160 116 67
-0.2780 -0.1269 1.0048 166 122 73
-0.2719 -0.1269 1.0048 165 122 71
-0.2659 -0.1269 1.0048 153 110 59
-0.2599 -0.1269 1.0049 164 123 71
-0.2538 -0.1269 1.0049 165 124 72
-0.2478 -0.1269 1.0049 163 117 67
-0.2417 -0.1269 1.0049 167 125 77
-0.2357 -0.1269 1.0049 160 113 67
-0.2297 -0.1269 1.0049 167 123 74
-0.2236 -0.1269 1.0049 165 123 73
-0.2176 -0.1269 1.0049 161 117 68
-0.2115 -0.1269 1.0049 169 127 77
-0.2055 -0.1269 1.0050 172 126 77
-0.1994 -0.1269 1.0050 167 121 72
-0.1934 -0.1269 1.0050 163 119 70
-0.1874 -0.1269 1.0050 167 126 74
-0.1813 -0.1269 1.0050 164 118 68
-0.1753 -0.1269 1.0050 168 122 72
-0.1692 -0.1269 1.0050 171 127 78
-0.1632 -0.1269 1.0050 168 120 74
-0.1571 -0.1269 1.0050 142 98 53
-0.1511 -0.1269 1.0050 162 120 72
-0.1451 -0.1269 1.0050 166 119 73
-0.1390 -0.1269 1.0050 163 114 71
-0.1330 -0.1269 1.0050 164 117 71
-0.1269 -0.1269 1.0050 164 117 71
-0.1209 -0.1269 1.0050 163 119 70
-0.1148 -0.1269 1.0050 157 113 64
-0.1088 -0.1269 1.0051 167 119 71
-0.1028 -0.1269 1.0051 165 122 69
-0.0967 -0.1269 1.0051 88 61 31
-0.0907 -0.1269 1.0051 87 66 39
-0.0846 -0.1269 1.0052 90 60 34
-0.0786 -0.1270 1.0052 81 60 33
-0.0725 -0.1270 1.0052 84 58 31
-0.0665 -0.1270 1.0052 75 52 21
-0.0605 -0.1270 1.0052 87 61 34
-0.0544 -0.1270 1.0052 85 58 31
-0.0484 -0.1270 1.0052 81 55 30
-0.0423 -0.1270 1.0052 83 62 33
-0.0363 -0.1270 1.0052 75 53 29
-0.0302 -0.1270 1.0052 85 61 37
-0.0242 -0.1270 1.0052 84 58 35
-0.0181 -0.1270 1.0052 89 63 36
-0.0121 -0.1270 1.0052 87 60 33
-0.0060 -0.1270 1.0052 85 58 31
0.0000 -0.1270 1.0052 87 61 38
0.0060 -0.1270 1.0052 87 59 37
0.0121 -0.1270 1.0052 85 57 36
0.0181 -0.1269 1.0052 88 61 40
0.0242 -0.1269 1.0052 87 57 31
0.0302 -0.1269 1.0052 84 57 30
0.0363 -0.1269 1.0052 87 61 34
0.0423 -0.1269 1.0052 93 66 37
0.0484 -0.1269 1.0052 81 57 29
0.0544 -0.1269 1.0052 87 60 33
0.0605 -0.1269 1.0052 86 62 36
0.0665 -0.1269 1.0052 79 51 27
0.0725 -0.1269 1.0052 93 67 42
0.0786 -0.1269 1.0052 83 59 31
0.0846 -0.1269 1.0051 86 58 34
0.0907 -0.1269 1.0051 90 60 24
0.0967 -0.1269 1.0051 93 67 40
0.1028 -0.1269 1.0051 162 116 64
0.1088 -0.1269 1.0051 170 124 75
0.1149 -0.1269 1.0051 156 111 56
0.1209 -0.1269 1.0051 170 127 76
0.1269 -0.1269 1.0051 161 118 67
0.1330 -0.1269 1.0051 175 131 82
0.1390 -0.1269 1.0051 158 114 65
0.1451 -0.1269 1.0051 170 126 77
0.1511 -0.1269 1.0051 171 123 74
0.1572 -0.1269 1.0051 167 124 73
0.1632 -0.1269 1.0050 162 116 66
0.1692 -0.1269 1.0050 164 120 75
0.1753 -0.1269 1.0050 142 99 54
0.1813 -0.1269 1.0050 164 123 71
0.1874 -0.1269 1.0050 163 120 67
0.1934 -0.1269 1.0050 172 126 76
0.1995 -0.1269 1.0050 168 122 72
0.2055 -0.1269 1.0050 165 119 70
0.2115 -0.1269 1.0050 159 113 63
0.2176 -0.1269 1.0049 159 116 63
0.2236 -0.1269 1.0049 168 118 69
0.2297 -0.1269 1.0049 161 117 68
0.2357 -0.1269 1.0049 166 118 72
0.2417 -0.1269 1.0049 159 116 65
0.2478 -0.1269 1.0049 154 111 60
0.2538 -0.1269 1.0049 171 125 73
0.2599 -0.1269 1.0049 159 112 66
0.2659 -0.1269 1.0049 170 122 73
0.2719 -0.1269 1.0049 165 118 72
0.2780 -0.1269 1.0049 168 124 77
0.2840 -0.1269 1.0049 169 127 79
0.2901 -0.1269 1.0048 166 123 72
0.2961 -0.1269 1.0048 167 119 71
0.3022 -0.1269 1.0048 163 117 67
0.3082 -0.1269 1.0048 147 100 54
0.3142 -0.1269 1.0048 148 104 59
0.3203 -0.1269 1.0048 150 105 64
0.3263 -0.1269 1.0048 147 103 56
0.3324 -0.1269 1.0048 151 106 64
0.3384 -0.1269 1.0048 152 111 65
0.3444 -0.1269 1.0048 143 102 58
0.3505 -0.1269 1.0048 152 107 65
0.3565 -0.1269 1.0048 148 101 57
0.3626 -0.1269 1.0048 150 108 60
0.3686 -0.1269 1.0048 150 107 62
0.3746 -0.1269 1.0048 151 106 64
0.3807 -0.1269 1.0048 149 104 62
0.3867 -0.1269 1.0047 156 109 65
0.3928 -0.1269 1.0047 153 106 62
0.3988 -0.1269 1.0047 151 107 62
0.4049 -0.1269 1.0047 155 111 66
0.4109 -0.1269 1.0047 150 103 57
0.4169 -0.1269 1.0047 152 105 59
0.4230 -0.1269 1.0047 153 106 62
0.4290 -0.1269 1.0047 146 99 53
0.4351 -0.1269 1.0047 153 109 64
0.4411 -0.1269 1.0047 152 109 64
0.4471 -0.1269 1.0047 150 106 61
0.4532 -0.1269 1.0047 148 104 59
0.4592 -0.1269 1.0047 148 101 59
0.4653 -0.1269 1.0048 149 104 62
0.4713 -0.1269 1.0048 144 99 57
0.4774 -0.1269 1.0048 145 100 58
0.4834 -0.1269 1.0048 150 105 64
0.4895 -0.1269 1.0048 154 109 67
0.4955 -0.1269 1.0048 170 126 81
0.5015 -0.1269 1.0047 168 124 77
0.5076 -0.1269 1.0048 138 94 49
0.5137 -0.1269 1.0049 168 122 72
0.5246 -0.1281 1.0143 140 125 104
0.5725 -0.1382 1.0941 124 155 184
0.5655 -0.1349 1.0684 135 166 195
0.5719 -0.1349 1.0684 127 164 191
0.5783 -0.1349 1.0684 134 165 194
0.5847 -0.1349 1.0684 133 168 198
0.5912 -0.1349 1.0684 130 161 190
0.5976 -0.1349 1.0684 138 169 198
0.6040 -0.1349 1.0684 131 162 193
0.6104 -0.1349 1.0684 137 166 200
-0.5880 -0.1348 1.0185 132 162 196
-0.5820 -0.1348 1.0186 129 157 194
-0.5757 -0.1347 1.0184 136 162 195
-0.5691 -0.1346 1.0175 137 164 194
-0.5632 -0.1347 1.0178 130 159 193
-0.5571 -0.1347 1.0179 135 164 196
-0.5508 -0.1347 1.0177 133 164 195
-0.5442 -0.1345 1.0168 126 156 192
-0.5379 -0.1345 1.0164 127 157 191
-0.5316 -0.1344 1.0160 137 167 203
-0.5203 -0.1331 1.0060 126 100 73
-0.5135 -0.1329 1.0045 134 91 48
-0.5075 -0.1329 1.0046 140 98 48
-0.5015 -0.1329 1.0046 128 86 36
-0.4954 -0.1329 1.0046 128 86 36
-0.4894 -0.1329 1.0046 136 95 51
-0.4833 -0.1329 1.0046 136 93 50
-0.4773 -0.1329 1.0046 134 89 48
-0.4712 -0.1329 1.0046 136 93 48
-0.4652 -0.1329 1.0046 137 93 46
-0.4592 -0.1329 1.0046 142 94 46
-0.4531 -0.1329 1.0046 146 103 58
-0.4471 -0.1329 1.0045 135 94 48
-0.4410 -0.1329 1.0045 136 93 50
-0.4350 -0.1329 1.0045 139 97 49
-0.4289 -0.1329 1.0045 136 95 49
-0.4229 -0.1329 1.0046 136 92 47
-0.4169 -0.1329 1.0046 133 88 46
-0.4108 -0.1329 1.0046 133 88 47
-0.4048 -0.1329 1.0046 142 97 55
-0.3987 -0.1329 1.0046 145 100 58
-0.3927 -0.1329 1.0046 140 97 54
-0.3867 -0.1329 1.0046 135 93 51
-0.3806 -0.1329 1.0046 145 102 59
-0.3746 -0.1329 1.0046 136 92 47
-0.3686 -0.1329 1.0046 143 99 52
-0.3625 -0.1329 1.0046 140 97 54
-0.3565 -0.1329 1.0046 142 99 56
-0.3504 -0.1329 1.0047 137 94 51
-0.3444 -0.1329 1.0047 129 86 41
-0.3384 -0.1329 1.0047 142 97 55
-0.3323 -0.1329 1.0047 134 91 46
-0.3263 -0.1329 1.0047 137 94 51
-0.3203 -0.1329 1.0047 141 99 57
-0.3142 -0.1329 1.0047 136 91 49
-0.3082 -0.1329 1.0047 141 97 48
-0.3021 -0.1329 1.0048 134 94 45
-0.2961 -0.1329 1.0048 140 99 53
-0.2901 -0.1329 1.0048 145 101 54
-0.2840 -0.1329 1.0048 144 100 53
-0.2780 -0.1329 1.0048 135 91 42
-0.2719 -0.1329 1.0048 140 96 47
-0.2659 -0.1330 1.0048 141 94 48
-0.2599 -0.1330 1.0049 132 90 42
-0.2538 -0.1330 1.0049 141 97 50
-0.2478 -0.1330 1.0049 133 89 42
-0.2417 -0.1330 1.0049 135 92 47
-0.2357 -0.1330 1.0049 138 91 47
-0.2297 -0.1330 1.0049 138 96 48
-0.2236 -0.1330 1.0049 130 87 42
-0.2176 -0.1330 1.0049 140 98 50
-0.2115 -0.1330 1.0049 133 93 44
-0.2055 -0.1330 1.0050 137 101 51
-0.1994 -0.1330 1.0050 135 93 45
-0.1934 -0.1330 1.0050 133 89 44
-0.1874 -0.1330 1.0050 135 92 47
-0.1813 -0.1330 1.0050 135 91 44
-0.1753 -0.1330 1.0050 139 92 46
-0.1692 -0.1330 1.0050 139 90 47
-0.1632 -0.1330 1.0050 138 95 52
-0.1571 -0.1330 1.0050 135 87 47
-0.1511 -0.1330 1.0050 133 88 46
-0.1451 -0.1330 1.0050 134 91 46
-0.1390 -0.1330 1.0050 142 95 53
-0.1330 -0.1330 1.0050 140 95 53
-0.1269 -0.1330 1.0050 138 95 52
-0.1209 -0.1330 1.0050 141 100 54
-0.1148 -0.1330 1.0050 135 97 50
-0.1088 -0.1330 1.0051 138 94 49
-0.1028 -0.1330 1.0051 138 98 47
-0.0967 -0.1330 1.0051 121 86 54
-0.0907 -0.1330 1.0051 118 88 62
-0.0846 -0.1330 1.0052 131 96 64
-0.0786 -0.1330 1.0052 130 100 66
-0.0725 -0.1330 1.0052 130 99 68
-0.0665 -0.1330 1.0052 123 96 66
-0.0605 -0.1330 1.0052 123 93 65
-0.0544 -0.1330 1.0052 122 91 62
-0.0484 -0.1330 1.0052 126 95 64
-0.0423 -0.1330 1.0052 129 98 67
-0.0363 -0.1330 1.0052 124 93 62
-0.0302 -0.1330 1.0052 127 96 65
-0.0242 -0.1330 1.0052 130 98 73
-0.0181 -0.1330 1.0052 128 98 70
-0.0121 -0.1330 1.0052 127 98 68
-0.0060 -0.1330 1.0052 124 95 65
0.0000 -0.1330 1.0052 122 97 67
0.0060 -0.1330 1.0052 122 95 65
0.0121 -0.1330 1.0052 134 103 74
0.0181 -0.1330 1.0052 127 98 68
0.0242 -0.1330 1.0052 130 103 73
0.0302 -0.1330 1.0052 130 101 71
0.0363 -0.1330 1.0052 124 98 65
0.0423 -0.1330 1.0052 135 104 73
0.0484 -0.1330 1.0052 126 95 66
0.0544 -0.1330 1.0052 128 97 68
0.0605 -0.1330 1.0052 128 97 69
0.0665 -0.1330 1.0052 131 100 71
0.0725 -0.1330 1.0052 124 93 64
0.0786 -0.1330 1.0052 118 94 60
0.0846 -0.1330 1.0051 127 96 68
0.0907 -0.1330 1.0051 130 98 57
0.0967 -0.1330 1.0051 125 100 69
0.1028 -0.1330 1.0051 137 95 45
0.1088 -0.1330 1.0051 141 98 53
0.1149 -0.1330 1.0051 138 97 45
0.1209 -0.1330 1.0051 146 102 53
0.1269 -0.1330 1.0051 138 94 45
0.1330 -0.1330 1.0051 138 94 47
0.1390 -0.1330 1.0051 133 89 42
0.1451 -0.1330 1.0051 135 88 42
0.1511 -0.1330 1.0051 139 92 46
0.1572 -0.1330 1.0051 134 86 40
0.1632 -0.1330 1.0051 142 100 52
0.1692 -0.1330 1.0050 138 91 49
0.1753 -0.1330 1.0050 145 97 57
0.1813 -0.1330 1.0050 133 89 40
0.1874 -0.1330 1.0050 143 101 51
0.1934 -0.1330 1.0050 138 98 46
0.1995 -0.1330 1.0050 136 96 44
0.2055 -0.1330 1.0050 141 99 49
0.2115 -0.1330 1.0050 135 93 43
0.2176 -0.1330 1.0050 142 95 49
0.2236 -0.1330 1.0049 134 92 44
0.2297 -0.1330 1.0049 138 96 46
0.2357 -0.1330 1.0049 137 93 44
0.2417 -0.1330 1.0049 137 95 45
0.2478 -0.1330 1.0049 132 90 40
0.2538 -0.1330 1.0049 137 96 42
0.2599 -0.1330 1.0049 139 96 51
0.2659 -0.1330 1.0049 140 98 50
0.2720 -0.1330 1.0049 133 89 44
0.2780 -0.1330 1.0049 139 95 48
0.2840 -0.1330 1.0049 138 96 46
0.2901 -0.1330 1.0049 139 95 46
0.2961 -0.1330 1.0049 142 100 50
0.3022 -0.1330 1.0048 130 90 38
0.3082 -0.1330 1.0048 136 95 49
0.3142 -0.1329 1.0048 142 94 54
0.3203 -0.1329 1.0048 137 92 50
0.3263 -0.1329 1.0048 133 90 48
0.3324 -0.1329 1.0048 140 97 52
0.3384 -0.1329 1.0048 144 101 59
0.3444 -0.1329 1.0048 146 102 63
0.3505 -0.1329 1.0048 138 94 55
0.3565 -0.1329 1.0048 135 91 52
0.3626 -0.1329 1.0048 135 93 51
0.3686 -0.1329 1.0048 134 93 49
0.3746 -0.1329 1.0048 129 86 43
0.3807 -0.1329 1.0048 145 100 58
0.3867 -0.1329 1.0048 142 98 53
0.3928 -0.1329 1.0048 146 102 57
0.3988 -0.1329 1.0047 138 95 50
0.4049 -0.1329 1.0047 130 87 42
0.4109 -0.1329 1.0047 137 94 49
0.4169 -0.1329 1.0047 143 100 57
0.4230 -0.1329 1.0047 137 92 50
0.4290 -0.1329 1.0047 139 95 50
0.4351 -0.1329 1.0047 142 99 56
0.4411 -0.1329 1.0047 139 96 51
0.4471 -0.1329 1.0047 141 98 53
0.4532 -0.1329 1.0047 138 95 50
0.4592 -0.1329 1.0047 136 91 49
0.4653 -0.1329 1.0048 140 95 53
0.4713 -0.1329 1.0048 137 94 51
0.4774 -0.1329 1.0048 137 94 51
0.4834 -0.1329 1.0048 138 95 53
0.4895 -0.1329 1.0048 138 93 52
0.4955 -0.1329 1.0048 140 96 51
0.5015 -0.1329 1.0048 139 97 49
0.5076 -0.1329 1.0048 141 100 56
0.5137 -0.1330 1.0049 142 98 49
0.5243 -0.1341 1.0137 113 98 77
0.5708 -0.1444 1.0910 132 161 191
0.5655 -0.1414 1.0684 134 165 194
0.5719 -0.1414 1.0684 138 165 195
0.5783 -0.1414 1.0684 130 164 192
0.5847 -0.1414 1.0684 130 159 189
0.5912 -0.1414 1.0684 132 163 194
0.5976 -0.1414 1.0684 138 169 200
0.6040 -0.1414 1.0684 138 167 201
0.6105 -0.1414 1.0686 135 163 200
-0.5872 -0.1407 1.0170 122 155 186
-0.5814 -0.1408 1.0176 135 165 199
-0.5750 -0.1407 1.0172 141 168 198
-0.5685 -0.1406 1.0165 131 160 190
-0.5625 -0.1406 1.0166 128 157 189
-0.5563 -0.1406 1.0165 141 170 202
-0.5502 -0.1406 1.0165 132 162 196
-0.5437 -0.1405 1.0158 137 167 201
-0.5374 -0.1405 1.0154 136 166 200
-0.5311 -0.1404 1.0150 130 159 193
-0.5202 -0.1391 1.0059 153 126 97
-0.5135 -0.1389 1.0045 157 113 66
-0.5075 -0.1390 1.0046 161 118 67
-0.5015 -0.1390 1.0046 163 115 67
-0.4954 -0.1390 1.0046 161 115 66
-0.4894 -0.1390 1.0046 140 95 53
-0.4833 -0.1390 1.0046 151 106 64
-0.4773 -0.1390 1.0046 144 100 55
-0.4712 -0.1390 1.0046 149 107 59
-0.4652 -0.1390 1.0046 145 101 54
-0.4592 -0.1390 1.0046 154 110 61
-0.4531 -0.1390 1.0046 153 109 64
-0.4471 -0.1390 1.0045 148 106 58
-0.4410 -0.1390 1.0045 141 101 52
-0.4350 -0.1390 1.0045 150 108 58
-0.4289 -0.1390 1.0046 151 109 61
-0.4229 -0.1390 1.0046 145 101 54
-0.4169 -0.1390 1.0046 148 104 59
-0.4108 -0.1390 1.0046 151 109 67
-0.4048 -0.1390 1.0046 150 107 64
-0.3987 -0.1390 1.0046 142 95 51
-0.3927 -0.1390 1.0046 151 107 62
-0.3867 -0.1390 1.0046 149 104 62
-0.3806 -0.1390 1.0046 153 110 67
-0.3746 -0.1390 1.0046 153 112 66
-0.3686 -0.1390 1.0046 146 102 55
-0.3625 -0.1390 1.0046 147 105 57
-0.3565 -0.1390 1.0047 148 104 59
-0.3504 -0.1390 1.0047 149 102 58
-0.3444 -0.1390 1.0047 152 105 61
-0.3384 -0.1390 1.0047 151 107 62
-0.3323 -0.1390 1.0047 143 100 55
-0.3263 -0.1390 1.0047 148 105 62
-0.3203 -0.1390 1.0047 146 103 60
-0.3142 -0.1390 1.0047 153 106 62
-0.3082 -0.1390 1.0047 155 108 64
-0.3021 -0.1390 1.0048 169 127 77
-0.2961 -0.1390 1.0048 168 126 76
-0.2901 -0.1390 1.0048 166 123 72
-0.2840 -0.1390 1.0048 165 119 69
-0.2780 -0.1390 1.0048 170 124 75
-0.2719 -0.1390 1.0048 167 123 74
-0.2659 -0.1390 1.0048 167 121 72
-0.2599 -0.1390 1.0049 170 128 78
-0.2538 -0.1390 1.0049 165 121 72
-0.2478 -0.1390 1.0049 162 118 69
-0.2417 -0.1390 1.0049 173 130 85
-0.2357 -0.1390 1.0049 165 118 74
-0.2297 -0.1390 1.0049 160 114 65
-0.2236 -0.1390 1.0049 164 118 69
-0.2176 -0.1390 1.0049 169 128 76
-0.2115 -0.1390 1.0049 166 120 70
-0.2055 -0.1390 1.0050 169 126 75
-0.1994 -0.1390 1.0050 159 116 65
-0.1934 -0.1390 1.0050 163 115 66
-0.1874 -0.1390 1.0050 164 120 71
-0.1813 -0.1390 1.0050 161 117 68
-0.1753 -0.1390 1.0050 162 118 69
-0.1692 -0.1390 1.0050 164 122 72
-0.1632 -0.1390 1.0050 169 121 75
-0.1571 -0.1390 1.0050 139 97 49
-0.1511 -0.1390 1.0050 161 119 69
-0.1451 -0.1390 1.0050 164 123 71
-0.1390 -0.1390 1.0050 163 120 67
-0.1330 -0.1390 1.0050 163 120 69
-0.1269 -0.1390 1.0050 168 124 75
-0.1209 -0.1390 1.0050 162 118 73
-0.1148 -0.1390 1.0050 163 122 70
-0.1088 -0.1390 1.0051 167 123 74
-0.1028 -0.1390 1.0051 166 126 77
-0.0967 -0.1390 1.0051 88 58 30
-0.0907 -0.1390 1.0051 88 66 43
-0.0846 -0.1390 1.0052 88 61 40
-0.0786 -0.1390 1.0052 85 60 40
-0.0725 -0.1390 1.0052 92 65 38
-0.0665 -0.1390 1.0052 81 57 29
-0.0605 -0.1390 1.0052 81 57 31
-0.0544 -0.1390 1.0052 83 57 30
-0.0484 -0.1390 1.0052 89 65 39
-0.0423 -0.1390 1.0052 88 63 43
-0.0363 -0.1390 1.0052 92 68 44
-0.0302 -0.1390 1.0052 89 65 41
-0.0242 -0.1390 1.0052 85 58 37
-0.0181 -0.1390 1.0052 87 61 34
-0.0121 -0.1390 1.0052 83 57 30
-0.0060 -0.1390 1.0052 82 55 28
0.0000 -0.1390 1.0052 85 57 35
0.0060 -0.1390 1.0052 87 61 36
0.0121 -0.1390 1.0052 87 55 34
0.0181 -0.1390 1.0052 91 65 40
0.0242 -0.1390 1.0052 90 66 42
0.0302 -0.1390 1.0052 84 63 36
0.0363 -0.1390 1.0052 84 63 36
0.0423 -0.1390 1.0052 77 53 27
0.0484 -0.1390 1.0052 86 60 33
0.0544 -0.1390 1.0052 82 63 31
0.0605 -0.1390 1.0052 89 63 36
0.0665 -0.1390 1.0052 86 65 36
0.0725 -0.1390 1.0052 86 60 33
0.0786 -0.1390 1.0052 89 63 40
0.0846 -0.1390 1.0052 59 33 16
0.0907 -0.1390 1.0051 90 55 25
0.0967 -0.1390 1.0051 73 52 23
0.1028 -0.1390 1.0051 158 117 65
0.1088 -0.1390 1.0051 155 112 67
0.1149 -0.1390 1.0051 164 120 71
0.1209 -0.1390 1.0051 163 119 72
0.1269 -0.1390 1.0051 161 117 68
0.1330 -0.1390 1.0051 167 123 74
0.1390 -0.1390 1.0051 163 121 71
0.1451 -0.1390 1.0051 167 121 72
0.1511 -0.1390 1.0051 164 121 70
0.1572 -0.1390 1.0051 168 120 71
0.1632 -0.1390 1.0051 167 125 75
0.1692 -0.1390 1.0050 168 122 73
0.1753 -0.1390 1.0050 141 94 48
0.1813 -0.1390 1.0050 166 118 70
0.1874 -0.1390 1.0050 170 123 79
0.1934 -0.1390 1.0050 160 113 67
0.1995 -0.1390 1.0050 165 121 72
0.2055 -0.1390 1.0050 165 121 72
0.2115 -0.1390 1.0050 172 129 78
0.2176 -0.1390 1.0050 166 122 75
0.2236 -0.1390 1.0050 166 124 76
0.2297 -0.1390 1.0049 165 119 70
0.2357 -0.1390 1.0049 161 119 69
0.2417 -0.1390 1.0049 163 120 69
0.2478 -0.1390 1.0049 154 110 61
0.2538 -0.1390 1.0049 165 119 70
0.2599 -0.1390 1.0049 162 115 71
0.2659 -0.1390 1.0049 165 122 71
0.2720 -0.1390 1.0049 169 125 76
0.2780 -0.1390 1.0049 172 125 79
0.2840 -0.1390 1.0049 164 120 71
0.2901 -0.1390 1.0049 165 121 72
0.2961 -0.1390 1.0049 161 117 68
0.3022 -0.1390 1.0049 165 122 71
0.3082 -0.1390 1.0048 149 106 61
0.3142 -0.1390 1.0048 147 103 58
0.3203 -0.1390 1.0048 146 102 57
0.3263 -0.1390 1.0048 150 105 64
0.3324 -0.1390 1.0048 152 105 61
0.3384 -0.1390 1.0048 142 97 55
0.3444 -0.1390 1.0048 147 103 58
0.3505 -0.1390 1.0048 145 101 56
0.3565 -0.1390 1.0048 152 107 65
0.3626 -0.1390 1.0048 155 110 69
0.3686 -0.1390 1.0048 143 98 56
0.3747 -0.1390 1.0048 147 104 59
0.3807 -0.1390 1.0048 148 104 59
0.3867 -0.1390 1.0048 142 97 55
0.3928 -0.1390 1.0048 157 114 71
0.3988 -0.1390 1.0048 151 108 63
0.4049 -0.1390 1.0047 157 114 69
0.4109 -0.1390 1.0047 149 108 64
0.4169 -0.1390 1.0047 147 104 61
0.4230 -0.1390 1.0047 145 100 58
0.4290 -0.1390 1.0047 150 105 63
0.4351 -0.1390 1.0047 139 96 51
0.4411 -0.1390 1.0047 155 111 66
0.4471 -0.1390 1.0047 156 112 67
0.4532 -0.1390 1.0047 151 107 62
0.4592 -0.1390 1.0047 148 104 59
0.4653 -0.1390 1.0048 142 98 53
0.4713 -0.1390 1.0048 156 112 67
0.4774 -0.1390 1.0048 151 107 62
0.4834 -0.1390 1.0048 150 103 61
0.4895 -0.1390 1.0048 155 108 66
0.4955 -0.1390 1.0048 163 116 70
0.5015 -0.1390 1.0048 169 125 76
0.5076 -0.1390 1.0048 142 97 55
0.5137 -0.1390 1.0049 166 120 71
0.5239 -0.1401 1.0129 139 122 102
0.5655 -0.1495 1.0808 132 161 191
0.5655 -0.1478 1.0684 147 174 204
0.5719 -0.1478 1.0684 132 163 192
0.5783 -0.1478 1.0684 140 166 199
0.5847 -0.1478 1.0684 134 167 198
0.5912 -0.1478 1.0684 136 165 199
0.5976 -0.1478 1.0684 136 165 199
0.6040 -0.1478 1.0684 131 160 194
0.6089 -0.1474 1.0658 136 165 197
-0.5863 -0.1466 1.0155 130 154 188
-0.5807 -0.1467 1.0164 135 165 199
-0.5745 -0.1467 1.0162 134 158 194
-0.5680 -0.1466 1.0155 130 160 194
-0.5618 -0.1465 1.0153 129 158 190
-0.5556 -0.1465 1.0152 132 161 191
-0.5496 -0.1466 1.0154 128 157 187
-0.5432 -0.1465 1.0149 127 158 187
-0.5369 -0.1464 1.0145 128 157 187
-0.5306 -0.1464 1.0140 130 159 191
-0.5202 -0.1452 1.0057 146 121 90
-0.5135 -0.1450 1.0045 165 125 73
-0.5075 -0.1450 1.0046 166 118 69
-0.5015 -0.1450 1.0046 157 112 57
-0.4954 -0.1450 1.0046 161 117 68
-0.4894 -0.1450 1.0046 134 93 49
-0.4833 -0.1450 1.0046 148 105 60
-0.4773 -0.1450 1.0046 149 106 61
-0.4712 -0.1450 1.0046 146 102 55
-0.4652 -0.1450 1.0046 157 110 64
-0.4592 -0.1450 1.0046 144 102 54
-0.4531 -0.1450 1.0046 157 112 70
-0.4471 -0.1450 1.0046 153 104 63
-0.4410 -0.1450 1.0046 149 105 58
-0.4350 -0.1450 1.0046 148 102 53
-0.4289 -0.1450 1.0046 152 105 59
-0.4229 -0.1450 1.0046 158 111 67
-0.4169 -0.1450 1.0046 145 98 54
-0.4108 -0.1450 1.0046 153 109 62
-0.4048 -0.1450 1.0046 150 105 63
-0.3987 -0.1450 1.0046 147 100 58
-0.3927 -0.1450 1.0046 152 105 63
-0.3867 -0.1450 1.0046 138 93 52
-0.3806 -0.1450 1.0046 144 99 57
-0.3746 -0.1450 1.0046 153 109 64
-0.3686 -0.1450 1.0046 157 113 66
-0.3625 -0.1450 1.0046 140 97 52
-0.3565 -0.1450 1.0047 143 99 52
-0.3504 -0.1450 1.0047 155 109 60
-0.3444 -0.1450 1.0047 151 105 56
-0.3384 -0.1450 1.0047 149 108 62
-0.3323 -0.1450 1.0047 147 102 60
-0.3263 -0.1450 1.0047 149 106 63
-0.3203 -0.1450 1.0047 155 107 61
-0.3142 -0.1450 1.0047 155 109 60
-0.3082 -0.1450 1.0048 151 103 57
-0.3021 -0.1450 1.0048 160 114 64
-0.2961 -0.1450 1.0048 159 116 63
-0.2901 -0.1450 1.0048 166 125 69
-0.2840 -0.1450 1.0048 165 119 69
-0.2780 -0.1450 1.0048 166 120 70
-0.2719 -0.1450 1.0048 166 122 77
-0.2659 -0.1450 1.0049 166 120 70
-0.2599 -0.1450 1.0049 164 118 68
-0.2538 -0.1450 1.0049 163 117 68
-0.2478 -0.1450 1.0049 159 118 66
-0.2417 -0.1450 1.0049 168 128 79
-0.2357 -0.1450 1.0049 172 131 79
-0.2297 -0.1450 1.0049 155 115 63
-0.2236 -0.1450 1.0049 171 125 75
-0.2176 -0.1450 1.0049 164 118 68
-0.2115 -0.1451 1.0049 166 120 70
-0.2055 -0.1451 1.0050 172 124 75
-0.1994 -0.1451 1.0050 161 113 64
-0.1934 -0.1451 1.0050 168 122 70
-0.1874 -0.1451 1.0050 157 117 65
-0.1813 -0.1451 1.0050 175 127 79
-0.1753 -0.1451 1.0050 160 114 65
-0.1692 -0.1451 1.0050 168 122 70
-0.1632 -0.1451 1.0050 160 113 69
-0.1571 -0.1451 1.0050 132 88 39
-0.1511 -0.1451 1.0050 168 121 75
-0.1451 -0.1451 1.0050 164 122 72
-0.1390 -0.1451 1.0050 157 115 65
-0.1330 -0.1451 1.0050 165 119 70
-0.1269 -0.1451 1.0050 167 119 73
-0.1209 -0.1451 1.0050 165 121 72
-0.1148 -0.1451 1.0051 165 119 70
-0.1088 -0.1451 1.0051 159 115 66
-0.1028 -0.1451 1.0051 160 116 69
-0.0967 -0.1451 1.0051 91 60 29
-0.0907 -0.1451 1.0051 86 60 35
-0.0846 -0.1451 1.0052 90 63 36
-0.0786 -0.1451 1.0052 92 62 34
-0.0725 -0.1451 1.0052 82 52 26
-0.0665 -0.1451 1.0052 86 60 37
-0.0605 -0.1451 1.0052 81 59 36
-0.0544 -0.1451 1.0052 83 61 38
-0.0484 -0.1451 1.0052 86 61 31
-0.0423 -0.1451 1.0052 90 63 36
-0.0363 -0.1451 1.0052 75 48 21
-0.0302 -0.1451 1.0052 87 60 33
-0.0242 -0.1451 1.0052 90 64 39
-0.0181 -0.1451 1.0052 86 60 35
-0.0121 -0.1451 1.0052 84 58 35
-0.0060 -0.1451 1.0052 85 57 35
0.0000 -0.1451 1.0052 84 56 35
0.0060 -0.1451 1.0052 93 64 34
0.0121 -0.1451 1.0052 88 58 32
0.0181 -0.1451 1.0052 82 57 26
0.0242 -0.1451 1.0052 81 56 34
0.0302 -0.1451 1.0052 80 53 32
0.0363 -0.1451 1.0052 85 59 36
0.0423 -0.1451 1.0052 85 59 36
0.0484 -0.1451 1.0052 83 59 33
0.0544 -0.1451 1.0052 80 54 29
0.0605 -0.1451 1.0052 83 57 32
0.0665 -0.1451 1.0052 87 60 39
0.0725 -0.1451 1.0052 83 62 35
0.0786 -0.1451 1.0052 92 72 47
0.0846 -0.1451 1.0052 88 60 38
0.0907 -0.1451 1.0051 85 56 26
0.0967 -0.1451 1.0051 84 57 27
0.1028 -0.1451 1.0051 169 123 73
0.1088 -0.1451 1.0051 168 120 71
0.1149 -0.1451 1.0051 177 129 80
0.1209 -0.1451 1.0051 160 116 67
0.1269 -0.1451 1.0051 171 127 78
0.1330 -0.1451 1.0051 167 123 74
0.1390 -0.1451 1.0051 165 118 72
0.1451 -0.1451 1.0051 165 121 74
0.1511 -0.1451 1.0051 173 122 75
0.1572 -0.1451 1.0051 167 121 72
0.1632 -0.1451 1.0051 167 119 73
0.1692 -0.1451 1.0051 173 127 75
0.1753 -0.1451 1.0050 142 100 50
0.1813 -0.1451 1.0050 164 121 66
0.1874 -0.1451 1.0050 153 110 59
0.1934 -0.1451 1.0050 163 122 68
0.1995 -0.1451 1.0050 163 117 65
0.2055 -0.1451 1.0050 163 120 69
0.2115 -0.1451 1.0050 160 117 64
0.2176 -0.1451 1.0050 168 122 72
0.2236 -0.1451 1.0050 165 121 72
0.2297 -0.1451 1.0049 165 119 69
0.2357 -0.1450 1.0049 162 116 66
0.2417 -0.1450 1.0049 169 125 78
0.2478 -0.1450 1.0049 163 116 70
0.2538 -0.1450 1.0049 159 115 68
0.2599 -0.1450 1.0049 172 126 74
0.2659 -0.1450 1.0049 164 117 71
0.2720 -0.1450 1.0049 160 116 67
0.2780 -0.1450 1.0049 169 126 75
0.2840 -0.1450 1.0049 164 118 69
0.2901 -0.1450 1.0049 167 121 71
0.2961 -0.1450 1.0049 175 125 76
0.3022 -0.1450 1.0049 166 119 67
0.3082 -0.1450 1.0049 146 99 53
0.3142 -0.1450 1.0048 149 105 58
0.3203 -0.1450 1.0048 149 104 62
0.3263 -0.1450 1.0048 149 104 62
0.3324 -0.1450 1.0048 149 102 60
0.3384 -0.1450 1.0048 148 104 59
0.3444 -0.1450 1.0048 155 111 66
0.3505 -0.1450 1.0048 147 100 54
0.3565 -0.1450 1.0048 153 106 62
0.3626 -0.1450 1.0048 153 108 66
0.3686 -0.1450 1.0048 158 111 67
0.3747 -0.1450 1.0048 152 105 63
0.3807 -0.1450 1.0048 147 100 58
0.3867 -0.1450 1.0048 152 107 66
0.3928 -0.1450 1.0048 151 104 60
0.3988 -0.1450 1.0048 151 108 65
0.4049 -0.1450 1.0048 144 99 57
0.4109 -0.1450 1.0047 148 104 57
0.4169 -0.1450 1.0047 149 102 58
0.4230 -0.1450 1.0047 147 102 60
0.4290 -0.1450 1.0047 150 102 62
0.4351 -0.1450 1.0047 145 101 56
0.4411 -0.1450 1.0047 148 104 59
0.4471 -0.1450 1.0047 143 99 54
0.4532 -0.1450 1.0047 148 104 59
0.4592 -0.1450 1.0047 148 104 55
0.4653 -0.1450 1.0048 143 99 54
0.4713 -0.1450 1.0048 148 103 62
0.4774 -0.1450 1.0048 145 96 55
0.4834 -0.1450 1.0048 157 108 68
0.4895 -0.1450 1.0048 151 102 59
0.4955 -0.1450 1.0048 163 117 68
0.5015 -0.1450 1.0048 166 120 71
0.5076 -0.1450 1.0048 136 92 45
0.5137 -0.1450 1.0049 170 122 73
0.5236 -0.1461 1.0124 146 129 111
0.5614 -0.1549 1.0730 128 157 187
0.5655 -0.1542 1.0684 122 148 181
0.5719 -0.1542 1.0684 133 162 194
0.5783 -0.1542 1.0684 131 165 193
0.5847 -0.1542 1.0684 129 160 189
0.5912 -0.1542 1.0684 129 158 190
0.5976 -0.1542 1.0684 128 159 188
0.6040 -0.1542 1.0684 127 156 186
0.6074 -0.1534 1.0631 132 158 191
-0.5855 -0.1525 1.0142 122 151 183
-0.5800 -0.1526 1.0152 136 160 194
-0.5738 -0.1526 1.0150 127 156 188
-0.5673 -0.1525 1.0144 132 156 190
-0.5611 -0.1525 1.0141 124 154 188
-0.5550 -0.1525 1.0141 133 162 194
-0.5490 -0.1525 1.0143 135 161 194
-0.5428 -0.1525 1.0140 134 165 196
-0.5365 -0.1524 1.0137 132 161 193
-0.5301 -0.1523 1.0131 132 161 193
-0.5201 -0.1512 1.0056 144 121 90
-0.5135 -0.1510 1.0045 160 118 68
-0.5075 -0.1510 1.0046 172 127 72
-0.5015 -0.1510 1.0046 162 119 68
-0.4954 -0.1510 1.0046 159 118 66
-0.4894 -0.1510 1.0046 137 93 46
-0.4833 -0.1510 1.0046 148 105 60
-0.4773 -0.1510 1.0046 148 104 59
-0.4712 -0.1510 1.0046 153 110 67
-0.4652 -0.1510 1.0046 147 106 60
-0.4592 -0.1510 1.0046 151 104 58
-0.4531 -0.1510 1.0046 152 105 59
-0.4471 -0.1510 1.0046 151 103 57
-0.4410 -0.1510 1.0045 152 104 58
-0.4350 -0.1510 1.0046 149 102 56
-0.4289 -0.1510 1.0046 151 104 60
-0.4229 -0.1510 1.0046 147 103 58
-0.4169 -0.1510 1.0046 156 109 63
-0.4108 -0.1510 1.0046 153 105 59
-0.4048 -0.1510 1.0046 150 105 63
-0.3987 -0.1510 1.0046 150 106 61
-0.3927 -0.1510 1.0046 155 107 61
-0.3867 -0.1510 1.0046 153 109 64
-0.3806 -0.1510 1.0046 145 101 56
-0.3746 -0.1510 1.0046 151 107 60
-0.3686 -0.1510 1.0046 151 107 60
-0.3625 -0.1511 1.0047 150 105 63
-0.3565 -0.1511 1.0047 150 106 59
-0.3504 -0.1511 1.0047 150 106 59
-0.3444 -0.1511 1.0047 149 105 58
-0.3384 -0.1511 1.0047 142 104 55
-0.3323 -0.1511 1.0047 146 99 55
-0.3263 -0.1511 1.0047 151 110 64
-0.3203 -0.1511 1.0047 148 104 57
-0.3142 -0.1511 1.0048 147 103 54
-0.3082 -0.1511 1.0048 152 108 59
-0.3021 -0.1511 1.0048 161 117 68
-0.2961 -0.1511 1.0048 170 127 74
-0.2901 -0.1511 1.0048 175 132 79
-0.2840 -0.1511 1.0048 170 122 74
-0.2780 -0.1511 1.0048 170 124 72
-0.2719 -0.1511 1.0048 159 117 69
-0.2659 -0.1511 1.0049 172 126 74
-0.2599 -0.1511 1.0049 165 115 66
-0.2538 -0.1511 1.0049 163 112 65
-0.2478 -0.1511 1.0049 169 123 74
-0.2417 -0.1511 1.0049 160 118 68
-0.2357 -0.1511 1.0049 166 120 70
-0.2297 -0.1511 1.0049 171 125 73
-0.2236 -0.1511 1.0049 158 112 60
-0.2176 -0.1511 1.0049 176 128 79
-0.2115 -0.1511 1.0049 159 115 66
-0.2055 -0.1511 1.0050 154 108 59
-0.1994 -0.1511 1.0050 161 115 65
-0.1934 -0.1511 1.0050 160 118 70
-0.1874 -0.1511 1.0050 164 120 71
-0.1813 -0.1511 1.0050 153 107 57
-0.1753 -0.1511 1.0050 173 128 73
-0.1692 -0.1511 1.0050 163 117 65
-0.1632 -0.1511 1.0050 156 113 62
-0.1571 -0.1511 1.0050 132 89 44
-0.1511 -0.1511 1.0050 173 127 77
-0.1451 -0.1511 1.0050 169 122 76
-0.1390 -0.1511 1.0050 155 111 62
-0.1330 -0.1511 1.0050 167 123 74
-0.1269 -0.1511 1.0050 166 122 73
-0.1209 -0.1511 1.0050 166 125 73
-0.1148 -0.1511 1.0051 169 123 74
-0.1088 -0.1511 1.0051 153 111 61
-0.1028 -0.1511 1.0051 164 120 71
-0.0967 -0.1511 1.0051 85 60 29
-0.0907 -0.1511 1.0051 81 60 33
-0.0846 -0.1511 1.0052 86 63 32
-0.0786 -0.1511 1.0052 87 55 30
-0.0725 -0.1511 1.0052 88 63 33
-0.0665 -0.1511 1.0052 84 60 32
-0.0605 -0.1511 1.0052 82 56 29
-0.0544 -0.1511 1.0052 86 62 36
-0.0484 -0.1511 1.0052 84 61 30
-0.0423 -0.1511 1.0052 86 62 34
-0.0363 -0.1511 1.0052 87 63 37
-0.0302 -0.1511 1.0052 84 58 33
-0.0242 -0.1511 1.0052 86 60 35
-0.0181 -0.1511 1.0052 83 57 32
-0.0121 -0.1511 1.0052 82 56 33
-0.0060 -0.1511 1.0052 79 53 30
0.0000 -0.1511 1.0052 83 63 39
0.0060 -0.1511 1.0052 83 61 37
0.0121 -0.1511 1.0052 80 56 28
0.0181 -0.1511 1.0052 86 58 37
0.0242 -0.1511 1.0052 93 62 41
0.0302 -0.1511 1.0052 94 68 43
0.0363 -0.1511 1.0052 83 63 36
0.0423 -0.1511 1.0052 83 57 32
0.0484 -0.1511 1.0052 76 56 31
0.0544 -0.1511 1.0052 82 60 36
0.0605 -0.1511 1.0052 77 57 30
0.0665 -0.1511 1.0052 81 59 35
0.0725 -0.1511 1.0052 78 52 27
0.0786 -0.1511 1.0052 99 72 51
0.0846 -0.1511 1.0052 90 58 35
0.0907 -0.1511 1.0052 90 59 30
0.0967 -0.1511 1.0052 86 61 39
0.1028 -0.1511 1.0051 158 108 59
0.1088 -0.1511 1.0051 164 121 70
0.1149 -0.1511 1.0051 163 120 69
0.1209 -0.1511 1.0051 169 119 70
0.1269 -0.1511 1.0051 167 120 68
0.1330 -0.1511 1.0051 162 116 64
0.1390 -0.1511 1.0051 170 120 69
0.1451 -0.1511 1.0051 165 121 72
0.1511 -0.1511 1.0051 163 117 67
0.1572 -0.1511 1.0051 173 127 77
0.1632 -0.1511 1.0051 164 120 71
0.1692 -0.1511 1.0051 168 125 74
0.1753 -0.1511 1.0050 138 97 51
0.1813 -0.1511 1.0050 166 125 71
0.1874 -0.1511 1.0050 170 126 79
0.1934 -0.1511 1.0050 159 118 66
0.1995 -0.1511 1.0050 168 122 72
0.2055 -0.1511 1.0050 167 126 74
0.2115 -0.1511 1.0050 155 114 62
0.2176 -0.1511 1.0050 170 130 78
0.2236 -0.1511 1.0050 170 123 77
0.2297 -0.1511 1.0050 165 124 72
0.2357 -0.1511 1.0049 165 125 74
0.2417 -0.1511 1.0049 153 109 60
0.2478 -0.1511 1.0049 167 124 71
0.2538 -0.1511 1.0049 163 122 70
0.2599 -0.1511 1.0049 161 119 69
0.2659 -0.1511 1.0049 165 119 70
0.2720 -0.1511 1.0049 159 113 63
0.2780 -0.1511 1.0049 171 124 72
0.2840 -0.1511 1.0049 167 120 68
0.2901 -0.1511 1.0049 164 118 68
0.2961 -0.1511 1.0049 165 117 68
0.3022 -0.1511 1.0049 169 123 71
0.3082 -0.1511 1.0049 149 102 56
0.3142 -0.1511 1.0049 150 103 57
0.3203 -0.1511 1.0048 160 111 68
0.3263 -0.1511 1.0048 150 101 58
0.3324 -0.1511 1.0048 150 103 57
0.3384 -0.1511 1.0048 146 99 55
0.3445 -0.1511 1.0048 144 99 57
0.3505 -0.1511 1.0048 154 107 61
0.3565 -0.1511 1.0048 139 90 47
0.3626 -0.1511 1.0048 146 99 55
0.3686 -0.1511 1.0048 149 102 56
0.3747 -0.1511 1.0048 143 99 52
0.3807 -0.1511 1.0048 148 101 55
0.3867 -0.1511 1.0048 152 108 63
0.3928 -0.1511 1.0048 151 107 60
0.3988 -0.1511 1.0048 148 104 59
0.4049 -0.1511 1.0048 147 103 58
0.4109 -0.1511 1.0047 151 107 62
0.4169 -0.1511 1.0047 155 108 66
0.4230 -0.1511 1.0047 149 111 64
0.4290 -0.1511 1.0047 153 106 60
0.4351 -0.1511 1.0047 149 105 58
0.4411 -0.1511 1.0047 159 112 68
0.4471 -0.1511 1.0047 150 103 59
0.4532 -0.1511 1.0047 138 91 47
0.4592 -0.1511 1.0047 148 104 57
0.4653 -0.1511 1.0048 145 102 57
0.4713 -0.1511 1.0048 158 115 70
0.4774 -0.1511 1.0048 150 101 58
0.4834 -0.1511 1.0048 148 100 60
0.4895 -0.1511 1.0048 148 101 55
0.4955 -0.1511 1.0048 163 120 69
0.5016 -0.1511 1.0048 175 132 81
0.5076 -0.1511 1.0048 135 93 45
0.5137 -0.1511 1.0049 167 119 70
0.5235 -0.1522 1.0121 141 126 107
0.5584 -0.1605 1.0672 134 161 191
0.5655 -0.1606 1.0684 131 162 191
0.5719 -0.1606 1.0684 135 162 192
0.5783 -0.1606 1.0684 128 153 184
0.5847 -0.1606 1.0684 136 167 198
0.5912 -0.1606 1.0684 126 155 189
0.5976 -0.1606 1.0684 137 168 199
0.6040 -0.1606 1.0684 130 157 187
0.6060 -0.1595 1.0606 127 156 186
-0.5850 -0.1584 1.0133 127 154 184
-0.5794 -0.1586 1.0141 129 155 188
-0.5732 -0.1585 1.0139 129 158 190
-0.5667 -0.1584 1.0132 129 160 189
-0.5605 -0.1584 1.0130 122 151 185
-0.5545 -0.1584 1.0132 130 159 193
-0.5484 -0.1584 1.0132 133 159 192
-0.5423 -0.1584 1.0132 124 157 190
-0.5360 -0.1584 1.0129 128 157 189
-0.5296 -0.1583 1.0122 139 168 202
-0.5200 -0.1572 1.0054 145 119 92
-0.5135 -0.1571 1.0045 170 126 79
-0.5075 -0.1571 1.0046 166 119 73
-0.5015 -0.1571 1.0046 165 124 70
-0.4954 -0.1571 1.0046 155 111 66
-0.4894 -0.1571 1.0046 132 83 43
-0.4833 -0.1571 1.0046 145 101 52
-0.4773 -0.1571 1.0046 147 99 53
-0.4712 -0.1571 1.0046 149 105 60
-0.4652 -0.1571 1.0046 153 110 65
-0.4592 -0.1571 1.0046 146 99 57
-0.4531 -0.1571 1.0046 150 105 63
-0.4471 -0.1571 1.0045 151 108 65
-0.4410 -0.1571 1.0045 152 107 65
-0.4350 -0.1571 1.0045 150 106 61
-0.4289 -0.1571 1.0046 151 104 62
-0.4229 -0.1571 1.0046 153 109 62
-0.4169 -0.1571 1.0046 152 105 59
-0.4108 -0.1571 1.0046 150 105 63
-0.4048 -0.1571 1.0046 152 107 66
-0.3987 -0.1571 1.0046 143 98 56
-0.3927 -0.1571 1.0046 156 112 67
-0.3867 -0.1571 1.0046 152 109 64
-0.3806 -0.1571 1.0046 154 109 67
-0.3746 -0.1571 1.0046 144 99 57
-0.3686 -0.1571 1.0046 151 106 65
-0.3625 -0.1571 1.0047 148 104 59
-0.3565 -0.1571 1.0047 149 105 60
-0.3504 -0.1571 1.0047 144 100 55
-0.3444 -0.1571 1.0047 140 97 54
-0.3384 -0.1571 1.0047 145 101 56
-0.3323 -0.1571 1.0047 156 107 66
-0.3263 -0.1571 1.0047 149 106 63
-0.3203 -0.1571 1.0047 152 109 66
-0.3142 -0.1571 1.0048 138 93 51
-0.3082 -0.1571 1.0048 150 107 64
-0.3021 -0.1571 1.0048 158 114 69
-0.2961 -0.1571 1.0048 161 117 68
-0.2901 -0.1571 1.0048 160 117 66
-0.2840 -0.1571 1.0048 157 110 64
-0.2780 -0.1571 1.0048 165 122 69
-0.2719 -0.1571 1.0048 162 121 69
-0.2659 -0.1571 1.0049 163 122 68
-0.2599 -0.1571 1.0049 162 118 69
-0.2538 -0.1571 1.0049 160 113 67
-0.2478 -0.1571 1.0049 169 122 76
-0.2417 -0.1571 1.0049 166 124 76
-0.2357 -0.1571 1.0049 159 113 64
-0.2297 -0.1571 1.0049 163 117 68
-0.2236 -0.1571 1.0049 168 124 75
-0.2176 -0.1571 1.0049 164 123 71
-0.2115 -0.1571 1.0049 168 122 72
-0.2055 -0.1571 1.0050 164 121 70
-0.1994 -0.1571 1.0050 156 115 63
-0.1934 -0.1571 1.0050 161 120 68
-0.1874 -0.1571 1.0050 163 115 67
-0.1813 -0.1571 1.0050 166 122 75
-0.1753 -0.1571 1.0050 171 128 83
-0.1692 -0.1571 1.0050 166 122 73
-0.1632 -0.1571 1.0050 162 121 69
-0.1571 -0.1571 1.0050 124 81 39
-0.1511 -0.1571 1.0050 167 124 71
-0.1451 -0.1571 1.0050 164 113 68
-0.1390 -0.1572 1.0050 163 115 69
-0.1330 -0.1572 1.0050 163 119 72
-0.1269 -0.1572 1.0050 163 121 73
-0.1209 -0.1572 1.0050 164 118 69
-0.1148 -0.1572 1.0050 161 114 68
-0.1088 -0.1572 1.0051 155 113 63
-0.1028 -0.1572 1.0051 166 122 77
-0.0967 -0.1572 1.0051 85 56 26
-0.0907 -0.1572 1.0051 85 61 33
-0.0846 -0.1572 1.0051 89 66 34
-0.0786 -0.1572 1.0052 95 65 41
-0.0725 -0.1572 1.0052 82 58 32
-0.0665 -0.1572 1.0052 79 52 31
-0.0605 -0.1572 1.0052 82 51 31
-0.0544 -0.1572 1.0052 85 57 33
-0.0484 -0.1572 1.0052 82 58 32
-0.0423 -0.1572 1.0052 91 67 43
-0.0363 -0.1572 1.0052 85 61 37
-0.0302 -0.1572 1.0052 87 63 39
-0.0242 -0.1572 1.0052 81 55 32
-0.0181 -0.1572 1.0052 88 61 40
-0.0121 -0.1572 1.0052 78 51 30
-0.0060 -0.1572 1.0052 88 61 40
0.0000 -0.1572 1.0052 90 66 42
0.0060 -0.1572 1.0052 82 55 28
0.0121 -0.1572 1.0052 82 55 28
0.0181 -0.1572 1.0052 85 62 31
0.0242 -0.1572 1.0052 91 66 44
0.0302 -0.1572 1.0052 96 65 44
0.0363 -0.1572 1.0052 79 51 29
0.0423 -0.1572 1.0052 85 61 37
0.0484 -0.1572 1.0052 74 48 25
0.0544 -0.1572 1.0052 80 54 31
0.0605 -0.1572 1.0052 85 59 34
0.0665 -0.1572 1.0052 77 51 24
0.0725 -0.1572 1.0052 94 67 38
0.0786 -0.1572 1.0052 81 60 31
0.0846 -0.1572 1.0052 87 62 32
0.0907 -0.1572 1.0052 84 58 23
0.0967 -0.1572 1.0052 90 64 39
0.1028 -0.1572 1.0051 162 119 64
0.1088 -0.1572 1.0051 178 134 89
0.1149 -0.1572 1.0051 158 117 63
0.1209 -0.1572 1.0051 163 115 69
0.1269 -0.1572 1.0051 165 119 70
0.1330 -0.1572 1.0051 164 121 70
0.1390 -0.1572 1.0051 161 115 65
0.1451 -0.1572 1.0051 172 130 82
0.1511 -0.1572 1.0051 167 121 72
0.1572 -0.1572 1.0051 160 118 68
0.1632 -0.1572 1.0051 161 119 71
0.1692 -0.1572 1.0050 163 120 67
0.1753 -0.1572 1.0050 139 99 50
0.1813 -0.1572 1.0050 166 123 70
0.1874 -0.1572 1.0050 165 117 69
0.1934 -0.1571 1.0050 171 123 74
0.1995 -0.1571 1.0050 167 121 72
0.2055 -0.1571 1.0050 166 120 71
0.2115 -0.1571 1.0050 169 125 76
0.2176 -0.1571 1.0050 162 114 65
0.2236 -0.1571 1.0050 166 122 75
0.2297 -0.1571 1.0049 164 118 69
0.2357 -0.1571 1.0049 168 120 72
0.2417 -0.1571 1.0049 165 121 76
0.2478 -0.1571 1.0049 166 120 71
0.2538 -0.1571 1.0049 164 123 71
0.2599 -0.1571 1.0049 158 114 69
0.2659 -0.1571 1.0049 165 121 74
0.2720 -0.1571 1.0049 161 117 68
0.2780 -0.1571 1.0049 157 114 63
0.2840 -0.1571 1.0049 166 120 70
0.2901 -0.1571 1.0049 166 118 72
0.2961 -0.1571 1.0049 162 114 68
0.3022 -0.1571 1.0049 161 115 66
0.3082 -0.1571 1.0049 145 98 56
0.3142 -0.1571 1.0048 148 101 59
0.3203 -0.1571 1.0048 148 103 61
0.3263 -0.1571 1.0048 149 104 62
0.3324 -0.1571 1.0048 150 107 64
0.3384 -0.1571 1.0048 151 108 65
0.3444 -0.1571 1.0048 140 98 56
0.3505 -0.1571 1.0048 149 105 60
0.3565 -0.1571 1.0048 141 97 52
0.3626 -0.1571 1.0048 151 103 63
0.3686 -0.1571 1.0048 147 100 58
0.3747 -0.1571 1.0048 145 102 59
0.3807 -0.1571 1.0048 149 105 60
0.3867 -0.1571 1.0048 156 112 67
0.3928 -0.1571 1.0048 157 114 71
0.3988 -0.1571 1.0048 148 103 61
0.4049 -0.1571 1.0048 157 110 68
0.4109 -0.1571 1.0047 155 111 66
0.4169 -0.1571 1.0047 151 104 62
0.4230 -0.1571 1.0047 149 111 66
0.4290 -0.1571 1.0047 148 101 59
0.4351 -0.1571 1.0047 144 101 56
0.4411 -0.1571 1.0047 145 104 60
0.4471 -0.1571 1.0047 148 105 62
0.4532 -0.1571 1.0047 139 95 50
0.4592 -0.1571 1.0047 143 100 57
0.4653 -0.1571 1.0048 137 94 51
0.4713 -0.1571 1.0048 145 101 54
0.4774 -0.1571 1.0048 155 111 66
0.4834 -0.1571 1.0048 155 110 69
0.4895 -0.1571 1.0048 147 103 56
0.4955 -0.1571 1.0048 161 117 72
0.5016 -0.1571 1.0048 163 119 72
0.5076 -0.1571 1.0048 141 97 52
0.5137 -0.1571 1.0049 160 116 67
0.5234 -0.1582 1.0120 140 121 106
0.5561 -0.1662 1.0629 137 163 196
0.5655 -0.1671 1.0684 137 162 193
0.5707 -0.1667 1.0663 130 159 189
0.5774 -0.1668 1.0668 126 159 190
0.5849 -0.1671 1.0687 128 157 189
0.5914 -0.1671 1.0689 131 157 190
0.5964 -0.1667 1.0664 127 156 190
0.6036 -0.1670 1.0677 129 155 190
0.6047 -0.1655 1.0584 129 158 190
-0.5846 -0.1644 1.0125 131 160 192
-0.5788 -0.1645 1.0130 128 154 187
-0.5726 -0.1645 1.0129 134 163 195
-0.5661 -0.1644 1.0122 128 159 190
-0.5601 -0.1644 1.0122 132 161 191
-0.5540 -0.1644 1.0123 131 160 192
-0.5480 -0.1644 1.0124 131 157 190
-0.5418 -0.1644 1.0123 126 157 188
-0.5356 -0.1643 1.0121 136 162 195
-0.5291 -0.1642 1.0112 140 166 199
-0.5199 -0.1632 1.0052 147 122 92
-0.5135 -0.1631 1.0046 173 129 82
-0.5075 -0.1631 1.0046 167 117 68
-0.5015 -0.1631 1.0046 170 119 74
-0.4954 -0.1631 1.0046 163 116 70
-0.4894 -0.1631 1.0046 138 95 50
-0.4833 -0.1631 1.0046 151 104 58
-0.4773 -0.1631 1.0046 146 102 55
-0.4712 -0.1631 1.0046 145 96 55
-0.4652 -0.1631 1.0046 154 107 61
-0.4592 -0.1631 1.0046 154 111 66
-0.4531 -0.1631 1.0046 146 103 58
-0.4471 -0.1631 1.0045 148 104 59
-0.4410 -0.1631 1.0045 146 103 60
-0.4350 -0.1631 1.0045 156 112 67
-0.4289 -0.1631 1.0045 155 107 59
-0.4229 -0.1631 1.0046 159 115 68
-0.4169 -0.1631 1.0046 153 111 63
-0.4108 -0.1631 1.0046 148 104 59
-0.4048 -0.1631 1.0046 147 102 61
-0.3987 -0.1631 1.0046 154 107 65
-0.3927 -0.1631 1.0046 153 106 64
-0.3867 -0.1631 1.0046 148 105 60
-0.3806 -0.1631 1.0046 144 99 57
-0.3746 -0.1631 1.0046 146 101 60
-0.3686 -0.1631 1.0046 148 103 61
-0.3625 -0.1631 1.0046 159 116 71
-0.3565 -0.1631 1.0047 150 106 61
-0.3504 -0.1631 1.0047 148 104 59
-0.3444 -0.1631 1.0047 147 103 58
-0.3384 -0.1631 1.0047 152 109 64
-0.3323 -0.1631 1.0047 139 96 53
-0.3263 -0.1631 1.0047 145 98 56
-0.3203 -0.1631 1.0047 143 102 58
-0.3142 -0.1632 1.0047 152 107 65
-0.3082 -0.1632 1.0048 141 97 50
-0.3021 -0.1632 1.0048 161 118 67
-0.2961 -0.1632 1.0048 164 121 70
-0.2901 -0.1632 1.0048 163 121 71
-0.2840 -0.1632 1.0048 162 117 75
-0.2780 -0.1632 1.0048 162 118 69
-0.2719 -0.1632 1.0048 156 111 69
-0.2659 -0.1632 1.0048 165 121 72
-0.2599 -0.1632 1.0049 169 127 77
-0.2538 -0.1632 1.0049 167 126 74
-0.2478 -0.1632 1.0049 165 119 69
-0.2417 -0.1632 1.0049 157 113 64
-0.2357 -0.1632 1.0049 172 128 81
-0.2297 -0.1632 1.0049 161 119 71
-0.2236 -0.1632 1.0049 160 114 65
-0.2176 -0.1632 1.0049 160 118 70
-0.2115 -0.1632 1.0049 166 119 73
-0.2055 -0.1632 1.0049 162 118 71
-0.1994 -0.1632 1.0049 160 117 72
-0.1934 -0.1632 1.0050 166 119 75
-0.1874 -0.1632 1.0050 168 121 77
-0.1813 -0.1632 1.0050 167 125 75
-0.1753 -0.1632 1.0050 165 122 71
-0.1692 -0.1632 1.0050 167 126 72
-0.1632 -0.1632 1.0050 162 120 72
-0.1571 -0.1632 1.0050 144 100 55
-0.1511 -0.1632 1.0050 174 130 81
-0.1451 -0.1632 1.0050 169 125 76
-0.1390 -0.1632 1.0050 164 120 71
-0.1330 -0.1632 1.0050 163 116 70
-0.1269 -0.1632 1.0050 170 122 74
-0.1209 -0.1632 1.0050 170 126 77
-0.1148 -0.1632 1.0050 165 117 69
-0.1088 -0.1632 1.0051 161 115 66
-0.1028 -0.1632 1.0051 166 122 75
-0.0967 -0.1632 1.0051 87 58 28
-0.0907 -0.1632 1.0051 80 54 29
-0.0846 -0.1632 1.0051 82 58 30
-0.0786 -0.1632 1.0051 89 61 37
-0.0725 -0.1632 1.0052 87 63 35
-0.0665 -0.1632 1.0052 80 56 30
-0.0605 -0.1632 1.0051 89 63 40
-0.0544 -0.1632 1.0051 82 56 29
-0.0484 -0.1632 1.0051 84 58 31
-0.0423 -0.1632 1.0051 81 57 29
-0.0363 -0.1632 1.0051 84 61 30
-0.0302 -0.1632 1.0051 86 61 31
-0.0242 -0.1632 1.0051 88 65 34
-0.0181 -0.1632 1.0051 89 64 34
-0.0121 -0.1632 1.0051 85 58 29
-0.0060 -0.1632 1.0051 93 70 39
0.0000 -0.1632 1.0051 86 62 34
0.0060 -0.1632 1.0052 89 59 31
0.0121 -0.1632 1.0052 88 61 34
0.0181 -0.1632 1.0052 84 59 28
0.0242 -0.1632 1.0052 89 63 36
0.0302 -0.1632 1.0052 85 60 30
0.0363 -0.1632 1.0052 84 61 30
0.0423 -0.1632 1.0052 83 56 27
0.0484 -0.1632 1.0052 94 64 38
0.0544 -0.1632 1.0052 80 49 28
0.0605 -0.1632 1.0052 87 60 39
0.0665 -0.1632 1.0052 88 62 39
0.0725 -0.1632 1.0052 93 61 38
0.0786 -0.1632 1.0052 78 54 28
0.0846 -0.1632 1.0052 88 61 32
0.0907 -0.1632 1.0052 95 62 29
0.0967 -0.1632 1.0051 81 49 24
0.1028 -0.1632 1.0051 161 117 68
0.1088 -0.1632 1.0051 166 124 74
0.1149 -0.1632 1.0051 153 112 60
0.1209 -0.1632 1.0051 169 123 74
0.1269 -0.1632 1.0051 162 119 68
0.1330 -0.1632 1.0051 160 116 67
0.1390 -0.1632 1.0051 161 117 70
0.1451 -0.1632 1.0051 166 120 71
0.1511 -0.1632 1.0051 171 120 73
0.1572 -0.1632 1.0051 173 122 75
0.1632 -0.1632 1.0050 158 112 63
0.1692 -0.1632 1.0050 166 120 71
0.1753 -0.1632 1.0050 138 95 53
0.1813 -0.1632 1.0050 169 125 78
0.1874 -0.1632 1.0050 162 115 73
0.1934 -0.1632 1.0050 164 114 65
0.1995 -0.1632 1.0050 166 120 68
0.2055 -0.1632 1.0050 169 122 68
0.2115 -0.1632 1.0050 167 117 68
0.2176 -0.1632 1.0049 161 120 68
0.2236 -0.1632 1.0049 155 111 64
0.2297 -0.1632 1.0049 152 116 66
0.2357 -0.1632 1.0049 163 121 71
0.2417 -0.1632 1.0049 166 119 73
0.2478 -0.1632 1.0049 168 120 72
0.2538 -0.1632 1.0049 168 122 73
0.2599 -0.1632 1.0049 170 124 74
0.2659 -0.1632 1.0049 167 120 76
0.2720 -0.1632 1.0049 164 120 73
0.2780 -0.1632 1.0049 164 120 71
0.2840 -0.1632 1.0049 166 124 74
0.2901 -0.1632 1.0049 172 126 76
0.2961 -0.1632 1.0049 167 119 70
0.3022 -0.1632 1.0049 160 117 64
0.3082 -0.1632 1.0048 152 108 61
0.3142 -0.1632 1.0048 155 110 68
0.3203 -0.1632 1.0048 146 101 60
0.3263 -0.1632 1.0048 148 105 62
0.3324 -0.1632 1.0048 146 103 58
0.3384 -0.1632 1.0048 143 98 56
0.3444 -0.1632 1.0048 150 105 63
0.3505 -0.1632 1.0048 155 108 64
0.3565 -0.1632 1.0048 151 104 60
0.3626 -0.1632 1.0048 153 108 66
0.3686 -0.1632 1.0048 145 101 56
0.3746 -0.1632 1.0048 148 104 59
0.3807 -0.1632 1.0048 146 102 57
0.3867 -0.1632 1.0047 149 107 59
0.3928 -0.1632 1.0047 147 104 61
0.3988 -0.1631 1.0047 148 101 57
0.4049 -0.1631 1.0047 153 106 62
0.4109 -0.1631 1.0047 152 109 64
0.4169 -0.1631 1.0047 151 102 61
0.4230 -0.1631 1.0047 139 96 54
0.4290 -0.1631 1.0047 155 107 67
0.4351 -0.1631 1.0047 148 105 60
0.4411 -0.1631 1.0047 144 101 56
0.4471 -0.1631 1.0047 142 99 54
0.4532 -0.1631 1.0047 147 105 57
0.4592 -0.1631 1.0047 146 106 55
0.4653 -0.1631 1.0047 139 96 53
0.4713 -0.1632 1.0047 146 102 57
0.4774 -0.1632 1.0048 157 116 70
0.4834 -0.1632 1.0048 152 107 65
0.4895 -0.1632 1.0048 145 101 52
0.4955 -0.1632 1.0048 159 115 68
0.5015 -0.1632 1.0048 165 118 74
0.5076 -0.1632 1.0048 140 96 51
0.5137 -0.1632 1.0049 164 120 71
0.5233 -0.1643 1.0118 149 130 115
0.5539 -0.1719 1.0587 129 158 188
0.5655 -0.1735 1.0684 128 159 190
0.5663 -0.1718 1.0581 129 155 190
0.5706 -0.1712 1.0541 134 158 194
0.5804 -0.1722 1.0605 133 164 195
0.5868 -0.1722 1.0605 130 161 189
0.5893 -0.1711 1.0536 128 157 191
0.5966 -0.1714 1.0552 128 152 190
0.6025 -0.1713 1.0546 136 162 195
-0.5842 -0.1704 1.0118 133 159 192
-0.5782 -0.1704 1.0120 139 163 197
-0.5722 -0.1704 1.0121 136 165 197
-0.5657 -0.1703 1.0115 131 160 190
-0.5596 -0.1703 1.0114 133 162 194
-0.5535 -0.1703 1.0114 129 158 192
-0.5476 -0.1704 1.0116 127 153 188
-0.5413 -0.1703 1.0113 130 154 188
-0.5352 -0.1703 1.0113 129 158 188
-0.5287 -0.1701 1.0104 134 160 193
-0.5198 -0.1692 1.0050 147 120 91
-0.5135 -0.1692 1.0046 170 124 74
-0.5075 -0.1692 1.0046 158 114 65
-0.5015 -0.1692 1.0046 167 123 74
-0.4954 -0.1692 1.0046 161 119 69
-0.4894 -0.1692 1.0046 134 93 47
-0.4833 -0.1692 1.0046 149 100 59
-0.4773 -0.1692 1.0046 151 104 62
-0.4712 -0.1692 1.0046 146 105 59
-0.4652 -0.1692 1.0046 157 113 68
-0.4591 -0.1692 1.0046 152 112 63
-0.4531 -0.1692 1.0045 154 111 66
-0.4471 -0.1692 1.0045 151 107 62
-0.4410 -0.1692 1.0045 152 105 63
-0.4350 -0.1692 1.0045 150 103 59
-0.4289 -0.1692 1.0045 150 103 57
-0.4229 -0.1692 1.0045 150 107 62
-0.4169 -0.1692 1.0046 141 99 51
-0.4108 -0.1692 1.0046 145 101 56
-0.4048 -0.1692 1.0046 153 110 67
-0.3987 -0.1692 1.0046 150 109 63
-0.3927 -0.1692 1.0046 143 99 54
-0.3867 -0.1692 1.0046 153 106 64
-0.3806 -0.1692 1.0046 149 102 58
-0.3746 -0.1692 1.0046 155 108 66
-0.3686 -0.1692 1.0046 149 105 58
-0.3625 -0.1692 1.0046 145 98 54
-0.3565 -0.1692 1.0047 151 103 63
-0.3504 -0.1692 1.0047 148 105 62
-0.3444 -0.1692 1.0047 149 106 61
-0.3384 -0.1692 1.0047 147 104 59
-0.3323 -0.1692 1.0047 151 110 64
-0.3263 -0.1692 1.0047 152 109 64
-0.3203 -0.1692 1.0047 146 104 56
-0.3142 -0.1692 1.0047 154 107 63
-0.3082 -0.1692 1.0047 149 105 60
-0.3021 -0.1692 1.0048 163 119 70
-0.2961 -0.1692 1.0048 168 121 75
-0.2901 -0.1692 1.0048 161 115 66
-0.2840 -0.1692 1.0048 170 124 74
-0.2780 -0.1692 1.0048 167 121 71
-0.2719 -0.1692 1.0048 155 111 62
-0.2659 -0.1692 1.0048 161 115 66
-0.2599 -0.1692 1.0048 162 120 70
-0.2538 -0.1692 1.0049 163 117 67
-0.2478 -0.1692 1.0049 162 119 68
-0.2417 -0.1692 1.0049 176 136 85
-0.2357 -0.1692 1.0049 163 120 67
-0.2297 -0.1692 1.0049 168 124 77
-0.2236 -0.1692 1.0049 163 122 70
-0.2176 -0.1692 1.0049 163 119 74
-0.2115 -0.1692 1.0049 158 114 67
-0.2055 -0.1692 1.0049 166 120 70
-0.1994 -0.1692 1.0049 162 116 64
-0.1934 -0.1692 1.0049 169 123 73
-0.1874 -0.1692 1.0050 164 121 68
-0.1813 -0.1692 1.0050 157 116 62
-0.1753 -0.1692 1.0050 166 122 73
-0.1692 -0.1692 1.0050 165 122 71
-0.1632 -0.1692 1.0050 164 122 72
-0.1571 -0.1692 1.0050 140 98 48
-0.1511 -0.1692 1.0050 166 123 72
-0.1451 -0.1692 1.0050 166 122 73
-0.1390 -0.1692 1.0050 163 119 70
-0.1330 -0.1692 1.0050 173 125 77
-0.1269 -0.1692 1.0050 170 127 76
-0.1209 -0.1692 1.0050 167 119 71
-0.1148 -0.1692 1.0050 171 124 72
-0.1088 -0.1692 1.0050 165 115 66
-0.1028 -0.1692 1.0051 159 115 66
-0.0967 -0.1693 1.0051 87 60 30
-0.0907 -0.1693 1.0051 79 55 29
-0.0846 -0.1693 1.0051 91 63 39
-0.0786 -0.1693 1.0051 82 58 32
-0.0725 -0.1693 1.0051 81 53 31
-0.0665 -0.1693 1.0051 80 55 33
-0.0604 -0.1693 1.0051 87 60 39
-0.0544 -0.1693 1.0051 89 56 37
-0.0484 -0.1693 1.0051 87 55 34
-0.0423 -0.1693 1.0051 84 56 32
-0.0363 -0.1693 1.0051 82 52 28
-0.0302 -0.1693 1.0051 90 60 36
-0.0242 -0.1693 1.0051 84 58 35
-0.0181 -0.1693 1.0051 86 58 36
-0.0121 -0.1693 1.0051 82 54 32
-0.0060 -0.1693 1.0051 87 59 37
0.0000 -0.1693 1.0051 83 58 36
0.0060 -0.1693 1.0051 87 63 37
0.0121 -0.1693 1.0051 86 66 31
0.0181 -0.1693 1.0051 89 64 34
0.0242 -0.1693 1.0051 84 58 35
0.0302 -0.1693 1.0052 84 56 35
0.0363 -0.1693 1.0052 87 59 38
0.0423 -0.1693 1.0052 77 51 28
0.0484 -0.1693 1.0052 88 62 35
0.0544 -0.1693 1.0052 90 62 40
0.0605 -0.1693 1.0052 54 32 8
0.0665 -0.1693 1.0052 87 61 34
0.0725 -0.1693 1.0052 92 68 44
0.0786 -0.1693 1.0052 81 59 35
0.0846 -0.1693 1.0052 86 64 40
0.0907 -0.1693 1.0051 84 58 23
0.0967 -0.1693 1.0051 81 60 31
0.1028 -0.1693 1.0051 162 119 68
0.1088 -0.1693 1.0051 166 123 70
0.1148 -0.1693 1.0051 166 125 69
0.1209 -0.1693 1.0051 164 120 71
0.1269 -0.1693 1.0051 165 122 71
0.1330 -0.1693 1.0051 163 121 73
0.1390 -0.1692 1.0051 168 125 74
0.1451 -0.1692 1.0051 166 125 71
0.1511 -0.1692 1.0051 164 120 71
0.1572 -0.1692 1.0050 164 120 71
0.1632 -0.1692 1.0050 165 119 69
0.1692 -0.1692 1.0050 172 129 76
0.1753 -0.1692 1.0050 137 97 46
0.1813 -0.1692 1.0050 165 124 70
0.1874 -0.1692 1.0050 167 121 69
0.1934 -0.1692 1.0050 162 121 69
0.1994 -0.1692 1.0050 164 121 70
0.2055 -0.1692 1.0050 172 126 76
0.2115 -0.1692 1.0049 163 117 67
0.2176 -0.1692 1.0049 164 118 66
0.2236 -0.1692 1.0049 164 120 71
0.2297 -0.1692 1.0049 160 117 66
0.2357 -0.1692 1.0049 165 122 71
0.2417 -0.1692 1.0049 164 120 71
0.2478 -0.1692 1.0049 164 118 68
0.2538 -0.1692 1.0049 168 124 77
0.2599 -0.1692 1.0049 163 119 70
0.2659 -0.1692 1.0049 171 123 74
0.2720 -0.1692 1.0049 169 121 73
0.2780 -0.1692 1.0049 170 124 75
0.2840 -0.1692 1.0049 166 125 73
0.2901 -0.1692 1.0049 157 118 63
0.2961 -0.1692 1.0048 161 118 65
0.3022 -0.1692 1.0048 168 122 72
0.3082 -0.1692 1.0048 148 108 59
0.3142 -0.1692 1.0048 153 110 67
0.3203 -0.1692 1.0048 149 106 61
0.3263 -0.1692 1.0048 149 105 58
0.3324 -0.1692 1.0048 149 105 60
0.3384 -0.1692 1.0048 156 112 65
0.3444 -0.1692 1.0048 160 118 68
0.3505 -0.1692 1.0048 150 106 59
0.3565 -0.1692 1.0048 147 103 58
0.3626 -0.1692 1.0048 156 114 66
0.3686 -0.1692 1.0048 148 108 59
0.3746 -0.1692 1.0047 150 106 59
0.3807 -0.1692 1.0047 154 110 65
0.3867 -0.1692 1.0047 146 103 58
0.3928 -0.1692 1.0047 144 101 58
0.3988 -0.1692 1.0047 150 106 61
0.4048 -0.1692 1.0047 146 104 56
0.4109 -0.1692 1.0047 149 107 59
0.4169 -0.1692 1.0047 147 102 60
0.4230 -0.1692 1.0047 150 105 63
0.4290 -0.1692 1.0047 153 109 60
0.4351 -0.1692 1.0047 149 105 58
0.4411 -0.1692 1.0047 148 106 58
0.4471 -0.1692 1.0047 145 102 57
0.4532 -0.1692 1.0047 149 105 60
0.4592 -0.1692 1.0047 147 105 55
0.4653 -0.1692 1.0047 145 101 54
0.4713 -0.1692 1.0047 149 104 62
0.4774 -0.1692 1.0047 149 106 61
0.4834 -0.1692 1.0048 148 104 57
0.4895 -0.1692 1.0048 147 103 54
0.4955 -0.1692 1.0047 160 116 67
0.5015 -0.1692 1.0048 161 117 68
0.5076 -0.1692 1.0048 135 90 48
0.5137 -0.1692 1.0048 168 122 73
0.5231 -0.1703 1.0114 140 125 106
0.5504 -0.1771 1.0519 130 159 189
0.5650 -0.1798 1.0675 132 161 193
0.5588 -0.1758 1.0440 133 159 192
0.5649 -0.1758 1.0437 134 158 192
0.5731 -0.1764 1.0473 139 164 195
0.5792 -0.1763 1.0468 131 154 186
0.5834 -0.1756 1.0431 126 155 187
0.5902 -0.1758 1.0441 132 161 193
0.5967 -0.1759 1.0444 126 155 187
-0.5838 -0.1764 1.0112 135 164 194
-0.5777 -0.1764 1.0112 127 156 188
-0.5718 -0.1764 1.0115 129 162 193
-0.5654 -0.1763 1.0108 132 163 194
-0.5592 -0.1763 1.0107 116 144 181
-0.5531 -0.1763 1.0107 127 155 192
-0.5472 -0.1763 1.0109 116 145 179
-0.5409 -0.1763 1.0106 127 153 188
-0.5349 -0.1763 1.0107 121 152 183
-0.5284 -0.1761 1.0099 135 161 196
-0.5198 -0.1753 1.0050 149 122 93
-0.5135 -0.1752 1.0046 162 119 68
-0.5075 -0.1752 1.0046 169 123 74
-0.5015 -0.1752 1.0046 164 116 68
-0.4954 -0.1752 1.0046 161 118 67
-0.4894 -0.1752 1.0046 149 105 58
-0.4833 -0.1752 1.0046 149 108 64
-0.4773 -0.1752 1.0046 151 108 65
-0.4712 -0.1752 1.0046 155 108 64
-0.4652 -0.1752 1.0046 152 107 65
-0.4591 -0.1752 1.0045 149 102 58
-0.4531 -0.1752 1.0045 152 108 61
-0.4471 -0.1752 1.0045 154 110 65
-0.4410 -0.1752 1.0045 152 107 65
-0.4350 -0.1752 1.0045 161 114 72
-0.4289 -0.1752 1.0045 148 101 55
-0.4229 -0.1752 1.0045 145 102 59
-0.4169 -0.1752 1.0045 142 98 53
-0.4108 -0.1752 1.0046 153 104 63
-0.4048 -0.1752 1.0046 148 101 57
-0.3987 -0.1752 1.0046 142 99 54
-0.3927 -0.1752 1.0046 156 113 70
-0.3867 -0.1752 1.0046 151 106 64
-0.3806 -0.1752 1.0046 157 113 64
-0.3746 -0.1752 1.0046 151 106 65
-0.3686 -0.1752 1.0046 151 107 60
-0.3625 -0.1752 1.0046 159 112 66
-0.3565 -0.1752 1.0046 148 104 59
-0.3504 -0.1752 1.0047 153 109 62
-0.3444 -0.1752 1.0047 149 105 56
-0.3384 -0.1752 1.0047 146 102 57
-0.3323 -0.1752 1.0047 152 108 63
-0.3263 -0.1752 1.0047 151 107 62
-0.3203 -0.1752 1.0047 150 108 60
-0.3142 -0.1752 1.0047 147 103 58
-0.3082 -0.1752 1.0047 146 104 56
-0.3021 -0.1752 1.0048 170 129 77
-0.2961 -0.1752 1.0048 158 114 65
-0.2901 -0.1752 1.0048 158 112 63
-0.2840 -0.1752 1.0048 166 122 73
-0.2780 -0.1752 1.0048 168 124 75
-0.2719 -0.1752 1.0048 168 124 75
-0.2659 -0.1753 1.0048 162 116 66
-0.2599 -0.1753 1.0048 164 118 69
-0.2538 -0.1753 1.0048 174 128 76
-0.2478 -0.1753 1.0049 166 118 69
-0.2417 -0.1753 1.0049 161 119 69
-0.2357 -0.1753 1.0049 163 120 67
-0.2296 -0.1753 1.0049 162 118 71
-0.2236 -0.1753 1.0049 169 123 71
-0.2176 -0.1753 1.0049 167 121 71
-0.2115 -0.1753 1.0049 166 123 72
-0.2055 -0.1753 1.0049 161 117 68
-0.1994 -0.1753 1.0049 166 119 73
-0.1934 -0.1753 1.0049 161 113 67
-0.1874 -0.1753 1.0049 156 112 63
-0.1813 -0.1753 1.0049 159 116 65
-0.1753 -0.1753 1.0049 158 114 65
-0.1692 -0.1753 1.0049 168 120 71
-0.1632 -0.1753 1.0049 164 118 68
-0.1571 -0.1753 1.0049 139 95 46
-0.1511 -0.1753 1.0050 166 120 71
-0.1451 -0.1753 1.0050 170 122 73
-0.1390 -0.1753 1.0050 159 113 64
-0.1330 -0.1753 1.0050 174 126 78
-0.1269 -0.1753 1.0050 169 126 73
-0.1209 -0.1753 1.0050 175 127 78
-0.1148 -0.1753 1.0050 160 117 66
-0.1088 -0.1753 1.0050 156 110 61
-0.1028 -0.1753 1.0051 163 122 70
-0.0967 -0.1753 1.0051 86 58 36
-0.0907 -0.1753 1.0051 85 60 40
-0.0846 -0.1753 1.0051 90 62 40
-0.0786 -0.1753 1.0051 89 65 37
-0.0725 -0.1753 1.0051 85 57 33
-0.0665 -0.1753 1.0051 87 63 39
-0.0604 -0.1753 1.0051 83 59 35
-0.0544 -0.1753 1.0051 82 54 32
-0.0484 -0.1753 1.0051 85 59 36
-0.0423 -0.1753 1.0051 85 61 35
-0.0363 -0.1753 1.0051 84 58 33
-0.0302 -0.1753 1.0051 85 59 34
-0.0242 -0.1753 1.0051 90 69 42
-0.0181 -0.1753 1.0051 92 68 40
-0.0121 -0.1753 1.0051 82 56 29
-0.0060 -0.1753 1.0051 84 58 31
0.0000 -0.1753 1.0051 88 60 39
0.0060 -0.1753 1.0051 91 63 39
0.0121 -0.1753 1.0051 80 57 26
0.0181 -0.1753 1.0051 79 51 29
0.0242 -0.1753 1.0051 76 52 28
0.0302 -0.1753 1.0051 88 64 40
0.0363 -0.1753 1.0052 84 62 38
0.0423 -0.1753 1.0052 81 61 36
0.0484 -0.1753 1.0052 87 62 32
0.0544 -0.1753 1.0052 83 57 32
0.0605 -0.1753 1.0052 84 58 31
0.0665 -0.1753 1.0052 83 59 31
0.0725 -0.1753 1.0052 86 55 35
0.0786 -0.1753 1.0052 91 60 40
0.0846 -0.1753 1.0051 88 57 39
0.0907 -0.1753 1.0051 95 60 32
0.0967 -0.1753 1.0051 81 55 32
0.1028 -0.1753 1.0051 167 123 74
0.1088 -0.1753 1.0051 165 117 69
0.1148 -0.1753 1.0051 165 119 67
0.1209 -0.1753 1.0051 168 124 75
0.1269 -0.1753 1.0051 163 117 68
0.1330 -0.1753 1.0051 159 117 67
0.1390 -0.1753 1.0051 167 124 73
0.1451 -0.1753 1.0051 160 119 65
0.1511 -0.1753 1.0050 159 113 64
0.1572 -0.1753 1.0050 169 121 73
0.1632 -0.1753 1.0050 162 114 65
0.1692 -0.1753 1.0050 167 122 67
0.1753 -0.1753 1.0050 137 97 45
0.1813 -0.1753 1.0050 170 127 74
0.1874 -0.1753 1.0050 163 118 63
0.1934 -0.1753 1.0050 168 122 72
0.1994 -0.1753 1.0050 161 118 67
0.2055 -0.1753 1.0049 164 116 67
0.2115 -0.1753 1.0049 168 120 71
0.2176 -0.1753 1.0049 163 120 67
0.2236 -0.1753 1.0049 164 120 71
0.2297 -0.1753 1.0049 166 120 68
0.2357 -0.1753 1.0049 166 120 70
0.2417 -0.1753 1.0049 156 114 64
0.2478 -0.1753 1.0049 160 118 68
0.2538 -0.1753 1.0049 166 120 71
0.2599 -0.1753 1.0049 169 121 73
0.2659 -0.1753 1.0049 172 129 78
0.2719 -0.1753 1.0049 164 121 68
0.2780 -0.1753 1.0049 161 115 63
0.2840 -0.1753 1.0048 164 118 66
0.2901 -0.1753 1.0048 160 117 64
0.2961 -0.1753 1.0048 155 111 62
0.3022 -0.1752 1.0048 168 124 75
0.3082 -0.1752 1.0048 153 104 61
0.3142 -0.1752 1.0048 151 107 58
0.3203 -0.1752 1.0048 154 111 58
0.3263 -0.1752 1.0048 153 109 60
0.3324 -0.1752 1.0048 137 92 50
0.3384 -0.1752 1.0048 156 113 70
0.3444 -0.1752 1.0048 144 101 56
0.3505 -0.1752 1.0048 146 104 56
0.3565 -0.1752 1.0047 143 99 52
0.3626 -0.1752 1.0047 150 106 59
0.3686 -0.1752 1.0047 148 104 59
0.3746 -0.1752 1.0047 153 106 62
0.3807 -0.1752 1.0047 149 102 56
0.3867 -0.1752 1.0047 152 105 59
0.3928 -0.1752 1.0047 153 106 62
0.3988 -0.1752 1.0047 146 99 55
0.4048 -0.1752 1.0047 164 117 73
0.4109 -0.1752 1.0047 154 107 63
0.4169 -0.1752 1.0047 147 103 58
0.4230 -0.1752 1.0047 145 100 58
0.4290 -0.1752 1.0047 147 103 58
0.4350 -0.1752 1.0047 152 105 59
0.4411 -0.1752 1.0047 148 101 57
0.4471 -0.1752 1.0047 154 107 63
0.4532 -0.1752 1.0047 153 106 62
0.4592 -0.1752 1.0047 155 111 64
0.4653 -0.1752 1.0047 155 111 66
0.4713 -0.1752 1.0047 152 107 65
0.4774 -0.1752 1.0047 144 101 58
0.4834 -0.1752 1.0047 144 102 54
0.4895 -0.1752 1.0047 158 114 65
0.4955 -0.1752 1.0047 163 115 66
0.5015 -0.1752 1.0047 168 122 72
0.5076 -0.1752 1.0048 138 97 51
0.5137 -0.1752 1.0048 168 125 72
0.5229 -0.1763 1.0109 135 118 98
0.5443 -0.1814 1.0404 136 161 192
0.5550 -0.1829 1.0487 126 155 187
0.5541 -0.1806 1.0353 130 159 191
0.5608 -0.1807 1.0360 131 158 188
0.5681 -0.1811 1.0381 133 162 192
0.5741 -0.1810 1.0376 134 161 191
0.5791 -0.1806 1.0354 131 161 195
0.5854 -0.1806 1.0355 124 153 185
0.5922 -0.1808 1.0366 126 155 189
-0.5834 -0.1823 1.0104 130 157 187
-0.5774 -0.1823 1.0106 134 160 193
-0.5714 -0.1824 1.0107 129 159 193
-0.5650 -0.1823 1.0102 130 156 191
-0.5589 -0.1823 1.0102 132 158 193
-0.5528 -0.1822 1.0101 127 155 192
-0.5468 -0.1823 1.0102 129 157 194
-0.5407 -0.1822 1.0101 121 152 183
-0.5346 -0.1823 1.0102 139 170 199
-0.5282 -0.1821 1.0095 128 157 189
-0.5198 -0.1813 1.0050 154 129 98
-0.5135 -0.1812 1.0046 168 127 75
-0.5075 -0.1813 1.0046 167 121 72
-0.5015 -0.1813 1.0046 168 122 73
-0.4954 -0.1813 1.0046 169 126 75
-0.4894 -0.1813 1.0046 141 99 51
-0.4833 -0.1812 1.0046 151 107 62
-0.4773 -0.1812 1.0046 155 111 66
-0.4712 -0.1812 1.0046 149 104 62
-0.4652 -0.1812 1.0046 147 99 59
-0.4591 -0.1812 1.0045 152 105 61
-0.4531 -0.1812 1.0045 153 106 60
-0.4471 -0.1812 1.0045 145 102 57
-0.4410 -0.1812 1.0045 154 111 66
-0.4350 -0.1812 1.0045 149 106 61
-0.4289 -0.1812 1.0045 147 103 56
-0.4229 -0.1812 1.0045 147 104 61
-0.4169 -0.1812 1.0045 147 102 60
-0.4108 -0.1812 1.0045 153 106 62
-0.4048 -0.1812 1.0045 153 106 62
-0.3987 -0.1812 1.0045 143 100 57
-0.3927 -0.1812 1.0046 148 105 60
-0.3867 -0.1812 1.0046 149 106 61
-0.3806 -0.1812 1.0046 146 106 55
-0.3746 -0.1813 1.0046 146 103 61
-0.3685 -0.1813 1.0046 156 112 67
-0.3625 -0.1813 1.0046 150 106 57
-0.3565 -0.1813 1.0046 143 98 56
-0.3504 -0.1813 1.0046 150 106 61
-0.3444 -0.1813 1.0047 151 104 60
-0.3384 -0.1813 1.0047 153 109 64
-0.3323 -0.1813 1.0047 147 103 58
-0.3263 -0.1813 1.0047 147 103 58
-0.3202 -0.1813 1.0047 146 102 57
-0.3142 -0.1813 1.0047 151 104 62
-0.3082 -0.1813 1.0047 149 105 56
-0.3021 -0.1813 1.0047 171 128 75
-0.2961 -0.1813 1.0048 167 121 71
-0.2901 -0.1813 1.0048 161 113 65
-0.2840 -0.1813 1.0048 169 123 74
-0.2780 -0.1813 1.0048 161 117 68
-0.2719 -0.1813 1.0048 161 115 66
-0.2659 -0.1813 1.0048 163 117 68
-0.2599 -0.1813 1.0048 164 116 70
-0.2538 -0.1813 1.0048 164 118 68
-0.2478 -0.1813 1.0048 170 122 73
-0.2417 -0.1813 1.0048 166 122 75
-0.2357 -0.1813 1.0049 172 129 78
-0.2296 -0.1813 1.0049 165 123 73
-0.2236 -0.1813 1.0049 166 119 67
-0.2176 -0.1813 1.0049 167 119 71
-0.2115 -0.1813 1.0049 160 117 66
-0.2055 -0.1813 1.0049 161 118 67
-0.1994 -0.1813 1.0049 161 115 66
-0.1934 -0.1813 1.0049 163 116 70
-0.1874 -0.1813 1.0049 165 121 74
-0.1813 -0.1813 1.0049 167 123 76
-0.1753 -0.1813 1.0049 164 117 71
-0.1692 -0.1813 1.0049 163 117 67
-0.1632 -0.1813 1.0049 167 123 74
-0.1571 -0.1813 1.0049 139 97 49
-0.1511 -0.1813 1.0049 160 118 70
-0.1451 -0.1813 1.0050 161 115 65
-0.1390 -0.1813 1.0050 166 122 73
-0.1330 -0.1813 1.0050 165 123 75
-0.1269 -0.1813 1.0050 168 127 75
-0.1209 -0.1813 1.0050 164 118 68
-0.1148 -0.1813 1.0050 163 120 69
-0.1088 -0.1813 1.0050 167 120 74
-0.1028 -0.1813 1.0050 159 116 63
-0.0967 -0.1813 1.0051 85 59 32
-0.0907 -0.1813 1.0051 77 57 30
-0.0846 -0.1813 1.0051 82 58 32
-0.0786 -0.1813 1.0051 81 60 31
-0.0725 -0.1813 1.0051 84 56 34
-0.0665 -0.1813 1.0051 88 61 40
-0.0604 -0.1813 1.0051 78 51 30
-0.0544 -0.1813 1.0051 85 60 38
-0.0484 -0.1813 1.0051 90 62 40
-0.0423 -0.1813 1.0051 82 55 28
-0.0363 -0.1813 1.0051 93 66 39
-0.0302 -0.1813 1.0051 84 57 30
-0.0242 -0.1813 1.0051 81 59 35
-0.0181 -0.1813 1.0051 79 57 33
-0.0121 -0.1813 1.0051 90 66 40
-0.0060 -0.1813 1.0051 97 71 44
0.0000 -0.1813 1.0051 85 60 30
0.0060 -0.1813 1.0051 77 50 23
0.0121 -0.1813 1.0051 81 57 29
0.0181 -0.1813 1.0051 84 58 35
0.0242 -0.1813 1.0051 83 57 32
0.0302 -0.1813 1.0051 79 51 27
0.0363 -0.1813 1.0051 83 55 33
0.0423 -0.1814 1.0051 86 58 36
0.0484 -0.1814 1.0052 81 53 29
0.0544 -0.1814 1.0052 85 59 34
0.0605 -0.1814 1.0052 88 60 38
0.0665 -0.1814 1.0052 88 63 41
0.0725 -0.1814 1.0051 90 62 41
0.0786 -0.1813 1.0051 80 54 29
0.0846 -0.1813 1.0051 82 55 34
0.0907 -0.1813 1.0051 90 59 28
0.0967 -0.1813 1.0051 84 56 34
0.1028 -0.1813 1.0051 162 114 66
0.1088 -0.1813 1.0051 166 115 68
0.1148 -0.1813 1.0051 168 121 69
0.1209 -0.1813 1.0051 166 123 72
0.1269 -0.1813 1.0051 162 115 69
0.1330 -0.1813 1.0051 167 126 72
0.1390 -0.1813 1.0050 167 123 76
0.1451 -0.1813 1.0050 166 125 71
0.1511 -0.1813 1.0050 167 120 74
0.1571 -0.1813 1.0050 169 123 73
0.1632 -0.1813 1.0050 169 123 73
0.1692 -0.1813 1.0050 159 113 64
0.1753 -0.1813 1.0050 138 95 50
0.1813 -0.1813 1.0050 162 118 71
0.1874 -0.1813 1.0050 164 117 71
0.1934 -0.1813 1.0049 161 117 68
0.1994 -0.1813 1.0049 164 122 72
0.2055 -0.1813 1.0049 167 123 74
0.2115 -0.1813 1.0049 154 108 58
0.2176 -0.1813 1.0049 163 117 67
0.2236 -0.1813 1.0049 171 125 76
0.2296 -0.1813 1.0049 171 125 75
0.2357 -0.1813 1.0049 167 119 71
0.2417 -0.1813 1.0049 173 127 78
0.2478 -0.1813 1.0049 168 122 73
0.2538 -0.1813 1.0049 164 120 71
0.2599 -0.1813 1.0048 164 120 71
0.2659 -0.1813 1.0048 160 113 67
0.2719 -0.1813 1.0048 163 117 67
0.2780 -0.1813 1.0048 169 126 73
0.2840 -0.1813 1.0048 166 124 74
0.2901 -0.1813 1.0048 168 127 75
0.2961 -0.1813 1.0048 164 118 68
0.3021 -0.1813 1.0048 166 118 69
0.3082 -0.1813 1.0048 156 112 63
0.3142 -0.1813 1.0048 153 106 60
0.3203 -0.1813 1.0048 147 101 52
0.3263 -0.1813 1.0048 158 110 70
0.3323 -0.1813 1.0048 152 106 70
0.3384 -0.1813 1.0047 145 101 62
0.3444 -0.1813 1.0047 153 110 68
0.3505 -0.1813 1.0047 153 109 60
0.3565 -0.1813 1.0047 150 107 56
0.3625 -0.1813 1.0047 150 107 62
0.3686 -0.1813 1.0047 145 102 59
0.3746 -0.1813 1.0047 148 104 59
0.3807 -0.1813 1.0047 148 104 57
0.3867 -0.1813 1.0047 150 106 57
0.3927 -0.1813 1.0047 147 103 56
0.3988 -0.1813 1.0047 148 105 60
0.4048 -0.1813 1.0047 151 106 64
0.4109 -0.1813 1.0047 149 104 62
0.4169 -0.1813 1.0047 146 102 57
0.4230 -0.1813 1.0047 143 99 54
0.4290 -0.1813 1.0047 152 107 66
0.4350 -0.1813 1.0047 146 102 57
0.4411 -0.1813 1.0047 155 108 64
0.4471 -0.1813 1.0047 157 110 66
0.4532 -0.1813 1.0047 148 104 57
0.4592 -0.1813 1.0047 148 106 56
0.4652 -0.1813 1.0047 146 104 54
0.4713 -0.1813 1.0047 148 104 57
0.4773 -0.1813 1.0047 149 105 58
0.4834 -0.1813 1.0047 144 101 56
0.4894 -0.1813 1.0047 150 103 57
0.4955 -0.1813 1.0047 173 122 75
0.5015 -0.1813 1.0047 170 122 73
0.5076 -0.1813 1.0047 134 90 43
0.5136 -0.1813 1.0048 165 119 67
0.5226 -0.1823 1.0104 145 127 107
0.5397 -0.1861 1.0314 134 161 191
0.5481 -0.1868 1.0356 130 156 189
0.5505 -0.1856 1.0285 136 162 195
0.5576 -0.1859 1.0301 136 162 195
0.5644 -0.1861 1.0314 131 160 192
0.5704 -0.1860 1.0310 124 157 188
0.5759 -0.1858 1.0297 134 160 195
0.5820 -0.1858 1.0295 128 157 189
0.5888 -0.1859 1.0305 132 161 195
-0.5828 -0.1882 1.0095 129 160 191
-0.5770 -0.1883 1.0099 136 160 194
-0.5710 -0.1883 1.0101 129 153 187
-0.5648 -0.1883 1.0098 131 155 189
-0.5587 -0.1883 1.0097 129 153 187
-0.5525 -0.1882 1.0096 129 153 189
-0.5465 -0.1882 1.0097 125 154 188
-0.5404 -0.1882 1.0097 136 167 198
-0.5344 -0.1882 1.0097 128 158 192
-0.5280 -0.1881 1.0091 123 149 182
-0.5198 -0.1874 1.0050 128 103 73
-0.5135 -0.1873 1.0046 136 94 44
-0.5075 -0.1873 1.0046 134 90 43
-0.5015 -0.1873 1.0046 142 98 51
-0.4954 -0.1873 1.0046 137 97 46
-0.4894 -0.1873 1.0046 133 90 45
-0.4833 -0.1873 1.0046 133 88 46
-0.4773 -0.1873 1.0046 133 86 44
-0.4712 -0.1873 1.0046 136 91 50
-0.4652 -0.1873 1.0046 140 95 54
-0.4591 -0.1873 1.0045 142 98 53
-0.4531 -0.1873 1.0045 137 93 48
-0.4471 -0.1873 1.0045 133 90 47
-0.4410 -0.1873 1.0045 140 97 52
-0.4350 -0.1873 1.0045 138 95 52
-0.4289 -0.1873 1.0045 145 101 56
-0.4229 -0.1873 1.0045 139 96 53
-0.4169 -0.1873 1.0045 145 102 57
-0.4108 -0.1873 1.0045 132 91 47
-0.4048 -0.1873 1.0045 135 92 50
-0.3987 -0.1873 1.0045 143 102 58
-0.3927 -0.1873 1.0046 144 106 57
-0.3867 -0.1873 1.0046 132 87 46
-0.3806 -0.1873 1.0046 138 95 50
-0.3746 -0.1873 1.0046 139 96 53
-0.3685 -0.1873 1.0046 138 94 45
-0.3625 -0.1873 1.0046 140 97 52
-0.3565 -0.1873 1.0046 141 98 55
-0.3504 -0.1873 1.0046 135 92 49
-0.3444 -0.1873 1.0046 139 96 53
-0.3384 -0.1873 1.0047 137 94 51
-0.3323 -0.1873 1.0047 137 94 49
-0.3263 -0.1873 1.0047 143 99 54
-0.3202 -0.1873 1.0047 138 93 51
-0.3142 -0.1873 1.0047 139 94 53
-0.3082 -0.1873 1.0047 133 88 46
-0.3021 -0.1873 1.0047 134 92 44
-0.2961 -0.1873 1.0047 126 82 35
-0.2900 -0.1873 1.0048 145 97 51
-0.2840 -0.1873 1.0048 143 96 50
-0.2780 -0.1873 1.0048 144 100 51
-0.2719 -0.1873 1.0048 143 96 50
-0.2659 -0.1873 1.0048 145 97 51
-0.2598 -0.1873 1.0048 142 98 53
-0.2538 -0.1873 1.0048 144 96 48
-0.2478 -0.1873 1.0048 138 94 45
-0.2417 -0.1873 1.0048 134 91 46
-0.2357 -0.1873 1.0048 139 96 45
-0.2296 -0.1873 1.0048 142 98 51
-0.2236 -0.1873 1.0049 141 95 45
-0.2176 -0.1873 1.0049 135 87 39
-0.2115 -0.1873 1.0049 140 97 46
-0.2055 -0.1873 1.0049 136 96 45
-0.1994 -0.1873 1.0049 142 98 49
-0.1934 -0.1873 1.0049 136 90 41
-0.1874 -0.1874 1.0049 135 91 44
-0.1813 -0.1874 1.0049 132 90 42
-0.1753 -0.1874 1.0049 133 89 40
-0.1692 -0.1874 1.0049 144 100 51
-0.1632 -0.1874 1.0049 134 91 46
-0.1571 -0.1874 1.0049 134 91 46
-0.1511 -0.1874 1.0049 139 97 49
-0.1451 -0.1874 1.0049 135 93 45
-0.1390 -0.1874 1.0049 138 96 46
-0.1330 -0.1874 1.0049 144 104 53
-0.1269 -0.1874 1.0049 143 95 47
-0.1209 -0.1874 1.0050 137 90 44
-0.1148 -0.1874 1.0050 136 92 43
-0.1088 -0.1874 1.0050 137 93 46
-0.1028 -0.1874 1.0050 137 93 48
-0.0967 -0.1874 1.0050 134 101 68
-0.0907 -0.1874 1.0050 128 97 68
-0.0846 -0.1874 1.0051 135 98 69
-0.0786 -0.1874 1.0051 128 99 69
-0.0725 -0.1874 1.0051 130 101 67
-0.0665 -0.1874 1.0051 126 97 67
-0.0604 -0.1874 1.0051 128 94 66
-0.0544 -0.1874 1.0051 123 92 61
-0.0484 -0.1874 1.0051 127 93 65
-0.0423 -0.1874 1.0051 128 97 69
-0.0363 -0.1874 1.0051 135 101 73
-0.0302 -0.1874 1.0051 131 97 69
-0.0242 -0.1874 1.0051 122 92 64
-0.0181 -0.1874 1.0051 124 95 65
-0.0121 -0.1874 1.0051 135 106 74
-0.0060 -0.1874 1.0051 122 93 61
0.0000 -0.1874 1.0051 132 101 72
0.0060 -0.1874 1.0051 128 94 67
0.0121 -0.1874 1.0051 125 94 63
0.0181 -0.1874 1.0051 124 93 62
0.0242 -0.1874 1.0051 125 96 64
0.0302 -0.1874 1.0051 131 100 69
0.0363 -0.1874 1.0051 131 100 69
0.0423 -0.1874 1.0051 129 96 65
0.0484 -0.1874 1.0051 133 108 77
0.0544 -0.1874 1.0051 124 95 61
0.0604 -0.1874 1.0051 129 104 73
0.0665 -0.1874 1.0051 118 91 61
0.0725 -0.1874 1.0051 131 101 73
0.0786 -0.1874 1.0051 133 104 74
0.0846 -0.1874 1.0051 124 94 66
0.0907 -0.1874 1.0051 137 103 66
0.0967 -0.1874 1.0051 121 94 67
0.1028 -0.1874 1.0051 138 95 44
0.1088 -0.1874 1.0051 140 96 47
0.1148 -0.1874 1.0051 140 99 47
0.1209 -0.1874 1.0051 134 90 43
0.1269 -0.1874 1.0051 149 103 54
0.1330 -0.1874 1.0050 144 100 53
0.1390 -0.1874 1.0050 141 99 51
0.1451 -0.1874 1.0050 146 104 56
0.1511 -0.1874 1.0050 142 95 49
0.1571 -0.1874 1.0050 137 93 44
0.1632 -0.1874 1.0050 145 103 53
0.1692 -0.1874 1.0050 140 96 49
0.1753 -0.1874 1.0049 135 94 48
0.1813 -0.1874 1.0049 134 94 45
0.1874 -0.1874 1.0049 133 89 42
0.1934 -0.1874 1.0049 134 90 43
0.1994 -0.1873 1.0049 138 91 45
0.2055 -0.1873 1.0049 136 96 47
0.2115 -0.1873 1.0049 132 92 43
0.2176 -0.1873 1.0049 145 99 49
0.2236 -0.1873 1.0049 135 91 44
0.2296 -0.1873 1.0048 144 101 50
0.2357 -0.1873 1.0048 141 97 48
0.2417 -0.1873 1.0048 142 96 47
0.2478 -0.1873 1.0048 137 90 44
0.2538 -0.1873 1.0048 135 91 44
0.2599 -0.1873 1.0048 145 101 54
0.2659 -0.1873 1.0048 135 86 43
0.2719 -0.1873 1.0048 147 100 58
0.2780 -0.1873 1.0048 132 89 44
0.2840 -0.1873 1.0048 141 98 53
0.2901 -0.1873 1.0048 138 94 49
0.2961 -0.1873 1.0048 141 100 56
0.3021 -0.1873 1.0048 135 97 50
0.3082 -0.1873 1.0048 139 98 54
0.3142 -0.1873 1.0048 145 100 58
0.3203 -0.1873 1.0047 138 91 47
0.3263 -0.1873 1.0047 138 93 52
0.3323 -0.1873 1.0047 135 92 50
0.3384 -0.1873 1.0047 134 91 46
0.3444 -0.1873 1.0047 136 92 47
0.3505 -0.1873 1.0047 141 97 50
0.3565 -0.1873 1.0047 137 93 48
0.3625 -0.1873 1.0047 137 94 51
0.3686 -0.1873 1.0047 139 98 54
0.3746 -0.1873 1.0047 138 97 53
0.3807 -0.1873 1.0047 131 88 43
0.3867 -0.1873 1.0047 140 96 51
0.3927 -0.1873 1.0047 133 90 45
0.3988 -0.1873 1.0047 135 94 48
0.4048 -0.1873 1.0047 138 94 49
0.4109 -0.1873 1.0047 134 92 44
0.4169 -0.1873 1.0047 134 92 44
0.4229 -0.1873 1.0047 140 96 51
0.4290 -0.1873 1.0047 142 95 53
0.4350 -0.1873 1.0047 141 96 54
0.4411 -0.1873 1.0046 140 93 51
0.4471 -0.1873 1.0046 142 95 51
0.4531 -0.1873 1.0046 135 95 46
0.4592 -0.1873 1.0046 135 93 51
0.4652 -0.1873 1.0047 140 97 55
0.4713 -0.1873 1.0047 139 94 53
0.4773 -0.1873 1.0047 140 95 54
0.4834 -0.1873 1.0047 149 106 64
0.4894 -0.1873 1.0047 141 98 53
0.4955 -0.1873 1.0047 131 91 40
0.5015 -0.1873 1.0047 132 91 39
0.5076 -0.1873 1.0047 138 95 53
0.5136 -0.1873 1.0048 135 88 42
0.5222 -0.1882 1.0096 106 89 71
0.5362 -0.1911 1.0249 123 152 182
0.5436 -0.1915 1.0272 134 158 194
0.5478 -0.1908 1.0235 126 152 187
0.5551 -0.1912 1.0256 126 152 187
0.5617 -0.1914 1.0264 133 159 192
0.5678 -0.1913 1.0262 131 157 190
0.5736 -0.1912 1.0255 127 153 188
0.5798 -0.1912 1.0256 125 156 187
0.5861 -0.1912 1.0258 127 156 188
-0.5824 -0.1941 1.0088 127 150 182
-0.5765 -0.1942 1.0090 131 157 190
-0.5707 -0.1943 1.0095 129 158 190
-0.5645 -0.1942 1.0093 123 152 182
-0.5584 -0.1942 1.0093 129 154 185
-0.5523 -0.1942 1.0092 134 157 191
-0.5462 -0.1942 1.0091 137 161 195
-0.5402 -0.1942 1.0092 131 158 187
-0.5341 -0.1942 1.0092 125 156 184
-0.5278 -0.1941 1.0087 127 157 185
-0.5198 -0.1934 1.0050 144 117 87
-0.5135 -0.1933 1.0046 169 123 73
-0.5075 -0.1933 1.0046 165 121 72
-0.5015 -0.1933 1.0046 167 119 71
-0.4954 -0.1933 1.0046 165 117 68
-0.4894 -0.1933 1.0046 139 95 48
-0.4833 -0.1933 1.0046 146 99 55
-0.4773 -0.1933 1.0046 151 104 58
-0.4712 -0.1933 1.0046 152 105 59
-0.4652 -0.1933 1.0046 143 98 56
-0.4591 -0.1933 1.0045 146 99 57
-0.4531 -0.1933 1.0045 150 107 62
-0.4471 -0.1933 1.0045 137 96 50
-0.4410 -0.1933 1.0045 146 103 58
-0.4350 -0.1933 1.0045 152 109 64
-0.4289 -0.1933 1.0045 147 103 56
-0.4229 -0.1933 1.0045 153 109 62
-0.4168 -0.1933 1.0045 152 108 61
-0.4108 -0.1933 1.0045 152 105 61
-0.4048 -0.1933 1.0045 150 107 62
-0.3987 -0.1933 1.0045 154 110 65
-0.3927 -0.1933 1.0045 153 104 61
-0.3867 -0.1933 1.0046 142 98 53
-0.3806 -0.1933 1.0046 150 103 61
-0.3746 -0.1933 1.0046 151 104 60
-0.3685 -0.1933 1.0046 139 95 50
-0.3625 -0.1933 1.0046 149 111 62
-0.3565 -0.1933 1.0046 153 111 63
-0.3504 -0.1933 1.0046 146 102 57
-0.3444 -0.1933 1.0046 150 106 61
-0.3384 -0.1933 1.0046 145 98 56
-0.3323 -0.1933 1.0047 155 114 68
-0.3263 -0.1933 1.0047 152 108 61
-0.3202 -0.1934 1.0047 148 104 59
-0.3142 -0.1934 1.0047 148 105 60
-0.3082 -0.1934 1.0047 148 106 58
-0.3021 -0.1934 1.0047 161 117 70
-0.2961 -0.1934 1.0047 159 115 68
-0.2900 -0.1934 1.0047 163 117 67
-0.2840 -0.1934 1.0048 168 122 72
-0.2780 -0.1934 1.0048 158 116 66
-0.2719 -0.1934 1.0048 163 122 70
-0.2659 -0.1934 1.0048 170 124 75
-0.2598 -0.1934 1.0048 169 118 71
-0.2538 -0.1934 1.0048 162 122 70
-0.2478 -0.1934 1.0048 170 124 72
-0.2417 -0.1934 1.0048 161 117 70
-0.2357 -0.1934 1.0048 158 114 67
-0.2296 -0.1934 1.0048 167 121 72
-0.2236 -0.1934 1.0048 165 117 68
-0.2176 -0.1934 1.0049 164 118 68
-0.2115 -0.1934 1.0049 170 127 76
-0.2055 -0.1934 1.0049 158 119 64
-0.1994 -0.1934 1.0049 173 131 81
-0.1934 -0.1934 1.0049 162 121 69
-0.1873 -0.1934 1.0049 161 120 68
-0.1813 -0.1934 1.0049 170 129 77
-0.1753 -0.1934 1.0049 167 121 72
-0.1692 -0.1934 1.0049 166 125 71
-0.1632 -0.1934 1.0049 160 120 69
-0.1571 -0.1934 1.0049 142 100 52
-0.1511 -0.1934 1.0049 161 115 66
-0.1450 -0.1934 1.0049 173 122 77
-0.1390 -0.1934 1.0049 171 125 75
-0.1330 -0.1934 1.0049 165 124 72
-0.1269 -0.1934 1.0049 169 123 74
-0.1209 -0.1934 1.0049 169 123 73
-0.1148 -0.1934 1.0050 164 118 68
-0.1088 -0.1934 1.0050 165 123 75
-0.1027 -0.1934 1.0050 157 116 64
-0.0967 -0.1934 1.0050 96 67 37
-0.0907 -0.1934 1.0050 82 62 35
-0.0846 -0.1934 1.0050 83 64 34
-0.0786 -0.1934 1.0051 78 57 28
-0.0725 -0.1934 1.0051 85 61 33
-0.0665 -0.1934 1.0051 83 59 33
-0.0604 -0.1934 1.0051 86 62 36
-0.0544 -0.1934 1.0051 83 59 33
-0.0484 -0.1934 1.0051 86 62 38
-0.0423 -0.1934 1.0051 84 56 34
-0.0363 -0.1934 1.0050 88 64 40
-0.0302 -0.1934 1.0050 95 67 45
-0.0242 -0.1934 1.0051 89 63 38
-0.0181 -0.1934 1.0051 91 66 36
-0.0121 -0.1934 1.0051 84 60 32
-0.0060 -0.1934 1.0051 89 65 41
0.0000 -0.1934 1.0051 76 51 29
0.0060 -0.1934 1.0051 90 60 36
0.0121 -0.1934 1.0051 85 58 31
0.0181 -0.1934 1.0051 78 54 30
0.0242 -0.1934 1.0051 87 59 35
0.0302 -0.1934 1.0051 88 60 38
0.0363 -0.1934 1.0051 87 61 36
0.0423 -0.1934 1.0051 90 66 38
0.0484 -0.1934 1.0051 81 57 31
0.0544 -0.1934 1.0051 85 61 33
0.0604 -0.1934 1.0051 88 62 37
0.0665 -0.1934 1.0051 86 62 36
0.0725 -0.1934 1.0051 79 54 24
0.0786 -0.1934 1.0051 83 62 33
0.0846 -0.1934 1.0051 83 59 33
0.0907 -0.1934 1.0051 87 58 26
0.0967 -0.1934 1.0051 89 65 37
0.1028 -0.1934 1.0051 163 117 67
0.1088 -0.1934 1.0050 164 120 71
0.1148 -0.1934 1.0050 158 110 62
0.1209 -0.1934 1.0050 168 121 75
0.1269 -0.1934 1.0050 161 121 72
0.1330 -0.1934 1.0050 166 126 75
0.1390 -0.1934 1.0050 162 118 69
0.1451 -0.1934 1.0050 162 117 75
0.1511 -0.1934 1.0050 163 116 70
0.1571 -0.1934 1.0050 169 125 76
0.1632 -0.1934 1.0050 167 123 74
0.1692 -0.1934 1.0049 168 125 74
0.1753 -0.1934 1.0049 133 92 40
0.1813 -0.1934 1.0049 166 123 72
0.1874 -0.1934 1.0049 160 117 66
0.1934 -0.1934 1.0049 165 119 69
0.1994 -0.1934 1.0049 172 128 79
0.2055 -0.1934 1.0049 165 119 70
0.2115 -0.1934 1.0049 159 115 66
0.2176 -0.1934 1.0048 164 122 72
0.2236 -0.1934 1.0048 160 113 67
0.2296 -0.1934 1.0048 165 123 73
0.2357 -0.1934 1.0048 169 122 76
0.2417 -0.1934 1.0048 160 118 70
0.2478 -0.1934 1.0048 163 120 69
0.2538 -0.1934 1.0048 163 116 70
0.2598 -0.1934 1.0048 162 114 68
0.2659 -0.1934 1.0048 171 124 72
0.2719 -0.1934 1.0048 163 120 69
0.2780 -0.1934 1.0048 157 115 65
0.2840 -0.1934 1.0048 165 119 69
0.2901 -0.1934 1.0048 169 123 71
0.2961 -0.1934 1.0048 162 119 68
0.3021 -0.1934 1.0047 163 120 69
0.3082 -0.1934 1.0047 148 104 55
0.3142 -0.1934 1.0047 151 104 58
0.3203 -0.1934 1.0047 150 106 61
0.3263 -0.1934 1.0047 152 105 63
0.3323 -0.1934 1.0047 152 108 63
0.3384 -0.1934 1.0047 151 106 64
0.3444 -0.1934 1.0047 142 93 50
0.3504 -0.1934 1.0047 144 97 53
0.3565 -0.1933 1.0047 155 108 64
0.3625 -0.1933 1.0047 150 103 57
0.3686 -0.1933 1.0047 155 107 61
0.3746 -0.1933 1.0047 152 105 61
0.3806 -0.1933 1.0047 150 106 61
0.3867 -0.1933 1.0047 145 98 56
0.3927 -0.1933 1.0046 153 108 66
0.3988 -0.1933 1.0046 148 105 62
0.4048 -0.1933 1.0046 148 101 59
0.4109 -0.1933 1.0046 147 107 58
0.4169 -0.1933 1.0046 145 103 55
0.4229 -0.1933 1.0046 154 107 63
0.4290 -0.1933 1.0046 153 109 62
0.4350 -0.1933 1.0046 141 96 54
0.4411 -0.1933 1.0046 143 99 54
0.4471 -0.1933 1.0046 147 103 58
0.4531 -0.1933 1.0046 156 109 65
0.4592 -0.1933 1.0046 148 104 59
0.4652 -0.1933 1.0046 152 109 66
0.4713 -0.1933 1.0047 150 106 61
0.4773 -0.1933 1.0047 145 101 56
0.4834 -0.1934 1.0047 144 99 57
0.4894 -0.1934 1.0047 148 101 59
0.4955 -0.1934 1.0047 170 123 77
0.5015 -0.1934 1.0047 159 111 62
0.5076 -0.1934 1.0047 131 88 45
0.5136 -0.1934 1.0048 169 127 77
0.5218 -0.1941 1.0088 145 129 113
0.5338 -0.1964 1.0203 125 154 186
0.5407 -0.1966 1.0216 126 155 187
0.5458 -0.1963 1.0198 126 150 184
0.5532 -0.1967 1.0221 128 158 192
0.5596 -0.1968 1.0226 133 157 191
0.5657 -0.1968 1.0224 131 160 192
0.5717 -0.1967 1.0221 127 156 186
0.5779 -0.1967 1.0222 129 155 188
0.5839 -0.1967 1.0220 130 154 188
-0.5822 -0.2001 1.0084 130 159 191
-0.5763 -0.2002 1.0086 126 155 189
-0.5704 -0.2003 1.0090 130 156 193
-0.5643 -0.2002 1.0089 132 158 193
-0.5582 -0.2002 1.0089 133 158 189
-0.5521 -0.2002 1.0088 127 151 185
-0.5460 -0.2002 1.0087 129 153 189
-0.5400 -0.2002 1.0089 130 156 189
-0.5339 -0.2002 1.0088 129 158 190
-0.5276 -0.2001 1.0084 122 146 180
-0.5198 -0.1995 1.0050 149 124 94
-0.5136 -0.1994 1.0046 168 127 75
-0.5075 -0.1994 1.0046 165 119 70
-0.5015 -0.1994 1.0046 165 119 70
-0.4954 -0.1994 1.0046 166 120 71
-0.4894 -0.1994 1.0046 138 94 47
-0.4833 -0.1994 1.0046 147 100 56
-0.4773 -0.1994 1.0046 149 100 57
-0.4712 -0.1994 1.0046 156 109 65
-0.4652 -0.1994 1.0046 153 109 64
-0.4591 -0.1994 1.0045 155 111 66
-0.4531 -0.1994 1.0045 144 97 53
-0.4471 -0.1994 1.0045 154 107 63
-0.4410 -0.1994 1.0045 147 102 60
-0.4350 -0.1994 1.0045 151 108 63
-0.4289 -0.1994 1.0045 156 112 67
-0.4229 -0.1994 1.0045 147 102 60
-0.4168 -0.1994 1.0045 154 110 65
-0.4108 -0.1994 1.0045 147 104 61
-0.4048 -0.1994 1.0045 146 108 61
-0.3987 -0.1994 1.0045 141 98 55
-0.3927 -0.1994 1.0045 152 109 66
-0.3866 -0.1994 1.0045 151 108 63
-0.3806 -0.1994 1.0045 149 104 62
-0.3746 -0.1994 1.0046 152 108 63
-0.3685 -0.1994 1.0046 150 107 62
-0.3625 -0.1994 1.0046 149 107 59
-0.3565 -0.1994 1.0046 145 101 54
-0.3504 -0.1994 1.0046 152 108 63
-0.3444 -0.1994 1.0046 154 109 67
-0.3383 -0.1994 1.0046 154 111 68
-0.3323 -0.1994 1.0046 150 103 59
-0.3263 -0.1994 1.0047 147 102 60
-0.3202 -0.1994 1.0047 144 99 57
-0.3142 -0.1994 1.0047 154 106 68
-0.3082 -0.1994 1.0047 157 110 68
-0.3021 -0.1994 1.0047 159 111 63
-0.2961 -0.1994 1.0047 175 128 76
-0.2900 -0.1994 1.0047 167 119 70
-0.2840 -0.1994 1.0048 169 123 73
-0.2780 -0.1994 1.0048 161 117 70
-0.2719 -0.1994 1.0048 172 126 77
-0.2659 -0.1994 1.0048 164 116 68
-0.2598 -0.1994 1.0048 167 123 76
-0.2538 -0.1994 1.0048 168 124 75
-0.2478 -0.1994 1.0048 164 120 71
-0.2417 -0.1994 1.0048 167 123 76
-0.2357 -0.1994 1.0048 159 117 69
-0.2296 -0.1994 1.0048 170 124 75
-0.2236 -0.1994 1.0048 162 118 69
-0.2176 -0.1994 1.0048 164 117 71
-0.2115 -0.1994 1.0049 157 113 66
-0.2055 -0.1994 1.0049 166 122 75
-0.1994 -0.1994 1.0049 161 115 66
-0.1934 -0.1994 1.0049 171 128 77
-0.1873 -0.1994 1.0049 161 117 70
-0.1813 -0.1994 1.0049 164 118 69
-0.1753 -0.1994 1.0049 170 122 76
-0.1692 -0.1994 1.0049 174 124 73
-0.1632 -0.1994 1.0049 162 114 65
-0.1571 -0.1994 1.0049 142 96 47
-0.1511 -0.1994 1.0049 165 119 69
-0.1450 -0.1994 1.0049 171 123 75
-0.1390 -0.1994 1.0049 163 120 67
-0.1330 -0.1994 1.0049 175 134 82
-0.1269 -0.1994 1.0049 162 118 69
-0.1209 -0.1994 1.0049 165 119 69
-0.1148 -0.1994 1.0049 171 123 74
-0.1088 -0.1994 1.0049 161 117 70
-0.1027 -0.1995 1.0050 151 109 59
-0.0967 -0.1995 1.0050 81 58 27
-0.0907 -0.1995 1.0050 84 60 36
-0.0846 -0.1995 1.0050 82 58 30
-0.0786 -0.1995 1.0051 87 57 33
-0.0725 -0.1995 1.0051 94 66 42
-0.0665 -0.1995 1.0051 88 62 39
-0.0604 -0.1995 1.0051 82 58 34
-0.0544 -0.1995 1.0050 86 62 38
-0.0484 -0.1995 1.0050 84 60 34
-0.0423 -0.1995 1.0050 85 57 33
-0.0363 -0.1995 1.0050 89 63 40
-0.0302 -0.1995 1.0050 83 52 31
-0.0242 -0.1995 1.0050 80 52 28
-0.0181 -0.1995 1.0050 88 61 34
-0.0121 -0.1995 1.0051 95 69 42
-0.0060 -0.1995 1.0051 84 58 33
0.0000 -0.1995 1.0051 79 57 34
0.0060 -0.1995 1.0051 90 64 37
0.0121 -0.1995 1.0051 91 64 37
0.0181 -0.1995 1.0051 81 57 31
0.0242 -0.1995 1.0051 89 68 41
0.0302 -0.1995 1.0051 83 61 37
0.0363 -0.1995 1.0051 85 61 33
0.0423 -0.1995 1.0051 89 63 38
0.0484 -0.1995 1.0051 83 55 31
0.0544 -0.1995 1.0051 80 54 27
0.0604 -0.1995 1.0051 83 57 32
0.0665 -0.1995 1.0051 88 64 38
0.0725 -0.1995 1.0051 82 58 30
0.0786 -0.1995 1.0051 92 68 44
0.0846 -0.1995 1.0051 82 54 32
0.0907 -0.1995 1.0051 93 62 33
0.0967 -0.1995 1.0050 77 51 28
0.1028 -0.1995 1.0050 173 125 77
0.1088 -0.1995 1.0050 174 128 79
0.1148 -0.1995 1.0050 167 126 74
0.1209 -0.1995 1.0050 163 117 67
0.1269 -0.1995 1.0050 164 120 71
0.1330 -0.1995 1.0050 170 124 74
0.1390 -0.1995 1.0050 167 121 71
0.1451 -0.1995 1.0050 164 118 69
0.1511 -0.1995 1.0050 171 123 75
0.1571 -0.1994 1.0050 154 111 60
0.1632 -0.1994 1.0049 168 122 73
0.1692 -0.1994 1.0049 157 113 66
0.1753 -0.1994 1.0049 139 97 49
0.1813 -0.1994 1.0049 169 125 78
0.1874 -0.1994 1.0049 165 121 72
0.1934 -0.1994 1.0049 162 118 69
0.1994 -0.1994 1.0049 167 123 74
0.2055 -0.1994 1.0049 155 111 62
0.2115 -0.1994 1.0048 155 114 62
0.2176 -0.1994 1.0048 167 124 73
0.2236 -0.1994 1.0048 157 117 66
0.2296 -0.1994 1.0048 168 122 72
0.2357 -0.1994 1.0048 159 118 64
0.2417 -0.1994 1.0048 165 117 69
0.2478 -0.1994 1.0048 159 114 59
0.2538 -0.1994 1.0048 157 113 66
0.2598 -0.1994 1.0048 166 126 77
0.2659 -0.1994 1.0048 161 113 64
0.2719 -0.1994 1.0048 168 122 73
0.2780 -0.1994 1.0048 165 121 72
0.2840 -0.1994 1.0047 163 115 67
0.2900 -0.1994 1.0047 161 115 66
0.2961 -0.1994 1.0047 160 117 66
0.3021 -0.1994 1.0047 169 123 74
0.3082 -0.1994 1.0047 153 109 64
0.3142 -0.1994 1.0047 154 107 61
0.3202 -0.1994 1.0047 153 109 64
0.3263 -0.1994 1.0047 144 97 55
0.3323 -0.1994 1.0047 151 104 60
0.3384 -0.1994 1.0047 150 105 63
0.3444 -0.1994 1.0047 147 103 58
0.3504 -0.1994 1.0047 145 102 57
0.3565 -0.1994 1.0047 155 112 67
0.3625 -0.1994 1.0046 153 109 62
0.3686 -0.1994 1.0046 144 99 57
0.3746 -0.1994 1.0046 148 103 62
0.3806 -0.1994 1.0046 150 107 64
0.3867 -0.1994 1.0046 154 110 63
0.3927 -0.1994 1.0046 158 110 64
0.3988 -0.1994 1.0046 145 101 54
0.4048 -0.1994 1.0046 144 100 53
0.4108 -0.1994 1.0046 145 101 56
0.4169 -0.1994 1.0046 148 103 61
0.4229 -0.1994 1.0046 154 109 68
0.4290 -0.1994 1.0046 148 103 61
0.4350 -0.1994 1.0046 152 105 63
0.4411 -0.1994 1.0046 151 107 60
0.4471 -0.1994 1.0046 148 105 60
0.4531 -0.1994 1.0046 150 109 63
0.4592 -0.1994 1.0046 151 107 62
0.4652 -0.1994 1.0046 147 100 56
0.4713 -0.1994 1.0046 152 105 59
0.4773 -0.1994 1.0047 154 110 63
0.4834 -0.1994 1.0047 150 107 64
0.4894 -0.1994 1.0047 147 103 58
0.4955 -0.1994 1.0047 165 121 72
0.5015 -0.1994 1.0047 168 124 75
0.5076 -0.1994 1.0047 137 92 50
0.5136 -0.1994 1.0048 172 129 78
0.5214 -0.2001 1.0081 147 132 111
0.5321 -0.2018 1.0170 125 154 184
0.5386 -0.2020 1.0177 133 158 189
0.5446 -0.2019 1.0175 128 154 187
0.5517 -0.2023 1.0192 131 157 192
0.5580 -0.2023 1.0196 132 161 193
0.5641 -0.2023 1.0195 132 158 191
0.5701 -0.2023 1.0193 132 159 189
0.5764 -0.2023 1.0195 123 152 184
0.5825 -0.2024 1.0196 130 159 191
-0.5820 -0.2061 1.0081 130 157 187
-0.5761 -0.2062 1.0084 129 158 188
-0.5702 -0.2062 1.0087 121 147 180
-0.5641 -0.2062 1.0086 127 154 184
-0.5580 -0.2062 1.0085 137 166 196
-0.5519 -0.2062 1.0084 130 154 188
-0.5458 -0.2062 1.0083 133 159 194
-0.5398 -0.2062 1.0085 124 153 187
-0.5337 -0.2062 1.0085 128 158 192
-0.5275 -0.2061 1.0081 127 156 188
-0.5198 -0.2055 1.0050 151 126 95
-0.5135 -0.2054 1.0046 167 126 72
-0.5075 -0.2054 1.0046 154 108 58
-0.5015 -0.2054 1.0046 159 118 66
-0.4954 -0.2054 1.0046 162 122 70
-0.4894 -0.2054 1.0046 141 99 51
-0.4833 -0.2054 1.0046 145 102 57
-0.4773 -0.2054 1.0046 148 103 61
-0.4712 -0.2054 1.0046 150 103 61
-0.4652 -0.2054 1.0046 142 98 53
-0.4591 -0.2054 1.0045 144 100 55
-0.4531 -0.2054 1.0045 154 107 63
-0.4471 -0.2054 1.0045 152 103 60
-0.4410 -0.2054 1.0045 153 106 64
-0.4350 -0.2054 1.0045 151 109 61
-0.4289 -0.2054 1.0045 148 104 57
-0.4229 -0.2054 1.0045 147 103 58
-0.4168 -0.2054 1.0045 151 107 62
-0.4108 -0.2054 1.0045 148 104 59
-0.4048 -0.2054 1.0045 148 104 57
-0.3987 -0.2054 1.0045 152 108 63
-0.3927 -0.2054 1.0045 150 107 64
-0.3866 -0.2054 1.0045 156 109 63
-0.3806 -0.2054 1.0045 146 97 54
-0.3746 -0.2054 1.0045 150 103 57
-0.3685 -0.2054 1.0046 149 105 58
-0.3625 -0.2054 1.0046 149 102 58
-0.3565 -0.2054 1.0046 155 108 64
-0.3504 -0.2054 1.0046 145 102 57
-0.3444 -0.2054 1.0046 145 100 58
-0.3383 -0.2054 1.0046 149 102 56
-0.3323 -0.2054 1.0046 151 111 62
-0.3263 -0.2054 1.0046 154 107 63
-0.3202 -0.2054 1.0046 147 100 56
-0.3142 -0.2054 1.0047 156 110 61
-0.3081 -0.2054 1.0047 160 113 61
-0.3021 -0.2054 1.0047 166 119 67
-0.2961 -0.2054 1.0047 171 125 75
-0.2900 -0.2054 1.0047 165 119 70
-0.2840 -0.2054 1.0047 160 117 64
-0.2780 -0.2054 1.0048 168 124 75
-0.2719 -0.2055 1.0048 170 124 75
-0.2659 -0.2055 1.0048 164 122 72
-0.2598 -0.2055 1.0048 163 115 67
-0.2538 -0.2055 1.0048 164 120 71
-0.2478 -0.2055 1.0048 165 119 69
-0.2417 -0.2055 1.0048 169 128 76
-0.2357 -0.2055 1.0048 161 115 65
-0.2296 -0.2055 1.0048 171 123 74
-0.2236 -0.2055 1.0048 165 122 71
-0.2176 -0.2055 1.0048 166 120 70
-0.2115 -0.2055 1.0048 160 114 64
-0.2055 -0.2055 1.0048 163 117 65
-0.1994 -0.2055 1.0048 158 111 59
-0.1934 -0.2055 1.0048 175 129 79
-0.1873 -0.2055 1.0049 174 127 81
-0.1813 -0.2055 1.0049 160 114 62
-0.1753 -0.2055 1.0049 165 119 70
-0.1692 -0.2055 1.0049 166 125 73
-0.1632 -0.2055 1.0049 163 123 72
-0.1571 -0.2055 1.0049 132 92 43
-0.1511 -0.2055 1.0049 165 122 71
-0.1450 -0.2055 1.0049 163 115 66
-0.1390 -0.2055 1.0049 166 120 68
-0.1330 -0.2055 1.0049 159 113 64
-0.1269 -0.2055 1.0049 162 116 67
-0.1209 -0.2055 1.0049 161 115 63
-0.1148 -0.2055 1.0049 164 116 67
-0.1088 -0.2055 1.0049 155 111 64
-0.1027 -0.2055 1.0050 158 112 62
-0.0967 -0.2055 1.0050 68 48 15
-0.0907 -0.2055 1.0050 87 57 31
-0.0846 -0.2055 1.0050 81 61 28
-0.0786 -0.2055 1.0050 84 59 29
-0.0725 -0.2055 1.0051 83 58 28
-0.0665 -0.2055 1.0051 91 65 40
-0.0604 -0.2055 1.0050 81 57 31
-0.0544 -0.2055 1.0050 89 65 39
-0.0484 -0.2055 1.0050 84 63 34
-0.0423 -0.2055 1.0050 77 56 27
-0.0363 -0.2055 1.0050 89 63 38
-0.0302 -0.2055 1.0050 71 47 21
-0.0242 -0.2055 1.0050 89 65 41
-0.0181 -0.2055 1.0050 75 51 27
-0.0121 -0.2055 1.0050 88 62 37
-0.0060 -0.2055 1.0050 91 67 41
0.0000 -0.2055 1.0050 84 62 39
0.0060 -0.2055 1.0050 88 62 39
0.0121 -0.2055 1.0050 80 52 30
0.0181 -0.2055 1.0050 83 55 34
0.0242 -0.2055 1.0050 82 54 32
0.0302 -0.2055 1.0051 86 58 37
0.0363 -0.2055 1.0051 87 59 37
0.0423 -0.2055 1.0051 84 57 36
0.0484 -0.2055 1.0051 82 57 37
0.0544 -0.2055 1.0051 86 62 36
0.0604 -0.2055 1.0051 87 63 39
0.0665 -0.2055 1.0051 78 56 32
0.0725 -0.2055 1.0051 79 60 30
0.0786 -0.2055 1.0051 85 64 35
0.0846 -0.2055 1.0050 89 62 33
0.0907 -0.2055 1.0050 87 61 26
0.0967 -0.2055 1.0050 84 60 32
0.1028 -0.2055 1.0050 159 116 65
0.1088 -0.2055 1.0050 169 121 72
0.1148 -0.2055 1.0050 162 119 64
0.1209 -0.2055 1.0050 167 124 73
0.1269 -0.2055 1.0050 165 122 69
0.1330 -0.2055 1.0050 161 115 65
0.1390 -0.2055 1.0050 159 119 67
0.1451 -0.2055 1.0050 167 124 73
0.1511 -0.2055 1.0050 166 118 69
0.1571 -0.2055 1.0049 158 115 64
0.1632 -0.2055 1.0049 160 116 67
0.1692 -0.2055 1.0049 162 115 69
0.1753 -0.2055 1.0049 138 91 45
0.1813 -0.2055 1.0049 167 121 72
0.1873 -0.2055 1.0049 168 120 71
0.1934 -0.2055 1.0049 168 120 71
0.1994 -0.2055 1.0049 164 116 67
0.2055 -0.2055 1.0048 166 118 69
0.2115 -0.2055 1.0048 158 112 60
0.2176 -0.2055 1.0048 164 123 69
0.2236 -0.2055 1.0048 165 119 69
0.2296 -0.2055 1.0048 167 128 73
0.2357 -0.2055 1.0048 169 124 69
0.2417 -0.2055 1.0048 161 117 68
0.2478 -0.2055 1.0048 163 117 65
0.2538 -0.2055 1.0048 167 120 74
0.2598 -0.2055 1.0048 171 123 75
0.2659 -0.2054 1.0047 170 124 74
0.2719 -0.2054 1.0047 168 122 72
0.2780 -0.2054 1.0047 166 123 72
0.2840 -0.2054 1.0047 159 111 62
0.2900 -0.2054 1.0047 165 122 71
0.2961 -0.2054 1.0047 154 113 61
0.3021 -0.2054 1.0047 169 126 75
0.3082 -0.2054 1.0047 147 103 54
0.3142 -0.2054 1.0047 153 111 63
0.3202 -0.2054 1.0047 146 102 57
0.3263 -0.2054 1.0047 151 107 62
0.3323 -0.2054 1.0047 147 100 56
0.3384 -0.2054 1.0047 149 104 63
0.3444 -0.2054 1.0046 154 109 67
0.3504 -0.2054 1.0046 156 112 67
0.3565 -0.2054 1.0046 154 110 65
0.3625 -0.2054 1.0046 153 110 65
0.3686 -0.2054 1.0046 145 103 55
0.3746 -0.2054 1.0046 153 106 62
0.3806 -0.2054 1.0046 155 106 63
0.3867 -0.2054 1.0046 145 102 57
0.3927 -0.2054 1.0046 154 107 63
0.3988 -0.2054 1.0046 151 107 62
0.4048 -0.2054 1.0046 148 105 60
0.4108 -0.2054 1.0046 154 107 65
0.4169 -0.2054 1.0046 146 102 57
0.4229 -0.2054 1.0046 148 107 61
0.4290 -0.2054 1.0046 151 107 62
0.4350 -0.2054 1.0046 147 103 58
0.4410 -0.2054 1.0046 146 102 55
0.4471 -0.2054 1.0046 151 104 62
0.4531 -0.2054 1.0046 153 106 64
0.4592 -0.2054 1.0046 153 106 62
0.4652 -0.2054 1.0046 156 109 65
0.4713 -0.2054 1.0046 152 104 58
0.4773 -0.2054 1.0047 148 101 55
0.4834 -0.2054 1.0047 146 99 53
0.4894 -0.2054 1.0047 149 101 53
0.4955 -0.2054 1.0047 164 118 66
0.5015 -0.2054 1.0047 162 119 66
0.5076 -0.2054 1.0047 139 95 48
0.5136 -0.2055 1.0048 172 126 77
0.5212 -0.2061 1.0077 142 127 106
0.5307 -0.2074 1.0143 133 163 191
0.5370 -0.2075 1.0146 128 151 185
0.5436 -0.2077 1.0157 129 158 190
0.5504 -0.2079 1.0168 128 150 187
0.5566 -0.2080 1.0171 137 166 198
0.5627 -0.2080 1.0171 135 159 193
0.5688 -0.2079 1.0169 132 157 188
0.5751 -0.2080 1.0173 130 156 191
0.5814 -0.2081 1.0176 135 164 198
-0.5819 -0.2121 1.0079 128 151 185
-0.5760 -0.2122 1.0081 125 154 184
-0.5700 -0.2122 1.0083 133 160 190
-0.5639 -0.2122 1.0083 128 155 185
-0.5578 -0.2122 1.0082 136 162 199
-0.5517 -0.2122 1.0082 127 151 187
-0.5456 -0.2122 1.0080 133 157 191
-0.5397 -0.2122 1.0083 128 155 185
-0.5336 -0.2122 1.0082 121 150 182
-0.5273 -0.2121 1.0079 131 158 188
-0.5198 -0.2115 1.0050 149 122 93
-0.5135 -0.2115 1.0046 163 120 69
-0.5075 -0.2115 1.0047 157 113 66
-0.5015 -0.2115 1.0046 162 118 71
-0.4954 -0.2115 1.0046 154 110 63
-0.4894 -0.2115 1.0046 131 86 44
-0.4833 -0.2115 1.0046 143 100 58
-0.4773 -0.2115 1.0046 150 109 65
-0.4712 -0.2115 1.0046 152 111 65
-0.4652 -0.2115 1.0046 144 99 57
-0.4591 -0.2114 1.0045 156 111 70
-0.4531 -0.2114 1.0045 145 102 59
-0.4471 -0.2114 1.0045 148 104 59
-0.4410 -0.2114 1.0045 153 109 64
-0.4350 -0.2114 1.0045 147 104 59
-0.4289 -0.2114 1.0045 142 98 53
-0.4229 -0.2114 1.0045 148 104 59
-0.4168 -0.2114 1.0045 152 108 63
-0.4108 -0.2114 1.0045 146 103 58
-0.4048 -0.2114 1.0045 155 106 63
-0.3987 -0.2114 1.0045 147 100 58
-0.3927 -0.2114 1.0045 152 109 64
-0.3866 -0.2114 1.0045 137 93 46
-0.3806 -0.2114 1.0045 144 99 57
-0.3746 -0.2114 1.0045 156 113 70
-0.3685 -0.2114 1.0045 154 110 65
-0.3625 -0.2115 1.0046 150 107 64
-0.3564 -0.2115 1.0046 147 100 56
-0.3504 -0.2115 1.0046 149 105 58
-0.3444 -0.2115 1.0046 154 111 68
-0.3383 -0.2115 1.0046 152 108 63
-0.3323 -0.2115 1.0046 145 96 53
-0.3263 -0.2115 1.0046 149 104 62
-0.3202 -0.2115 1.0046 155 112 67
-0.3142 -0.2115 1.0046 152 109 66
-0.3081 -0.2115 1.0047 148 104 59
-0.3021 -0.2115 1.0047 173 125 77
-0.2961 -0.2115 1.0047 171 125 75
-0.2900 -0.2115 1.0047 163 117 68
-0.2840 -0.2115 1.0047 159 116 65
-0.2780 -0.2115 1.0047 160 118 68
-0.2719 -0.2115 1.0047 157 113 68
-0.2659 -0.2115 1.0048 158 114 67
-0.2598 -0.2115 1.0048 164 113 68
-0.2538 -0.2115 1.0048 165 121 74
-0.2478 -0.2115 1.0048 165 121 74
-0.2417 -0.2115 1.0048 163 123 74
-0.2357 -0.2115 1.0048 165 117 71
-0.2296 -0.2115 1.0048 160 118 70
-0.2236 -0.2115 1.0048 157 113 64
-0.2175 -0.2115 1.0048 160 114 65
-0.2115 -0.2115 1.0048 166 120 71
-0.2055 -0.2115 1.0048 169 125 76
-0.1994 -0.2115 1.0048 163 119 70
-0.1934 -0.2115 1.0048 167 125 75
-0.1873 -0.2115 1.0048 164 120 71
-0.1813 -0.2115 1.0048 161 117 68
-0.1753 -0.2115 1.0048 166 122 75
-0.1692 -0.2115 1.0048 163 120 69
-0.1632 -0.2115 1.0048 160 116 67
-0.1571 -0.2115 1.0048 140 96 51
-0.1511 -0.2115 1.0048 165 117 69
-0.1450 -0.2115 1.0049 161 113 67
-0.1390 -0.2115 1.0049 158 112 63
-0.1330 -0.2115 1.0049 165 121 74
-0.1269 -0.2115 1.0049 174 130 83
-0.1209 -0.2115 1.0049 158 115 64
-0.1148 -0.2115 1.0049 174 128 79
-0.1088 -0.2115 1.0049 159 115 68
-0.1027 -0.2115 1.0049 170 126 77
-0.0967 -0.2115 1.0050 89 59 31
-0.0907 -0.2115 1.0050 91 64 45
-0.0846 -0.2115 1.0050 86 64 41
-0.0786 -0.2115 1.0050 81 55 30
-0.0725 -0.2116 1.0050 81 54 27
-0.0665 -0.2116 1.0050 92 60 37
-0.0604 -0.2116 1.0050 87 57 33
-0.0544 -0.2116 1.0050 88 60 36
-0.0484 -0.2116 1.0050 88 62 39
-0.0423 -0.2115 1.0050 86 61 39
-0.0363 -0.2115 1.0050 90 57 38
-0.0302 -0.2115 1.0050 90 65 43
-0.0242 -0.2115 1.0050 94 66 45
-0.0181 -0.2116 1.0050 87 56 35
-0.0121 -0.2116 1.0050 94 63 42
-0.0060 -0.2116 1.0050 79 52 31
0.0000 -0.2116 1.0050 85 63 39
0.0060 -0.2116 1.0050 88 63 33
0.0121 -0.2116 1.0050 84 59 29
0.0181 -0.2116 1.0050 89 65 37
0.0242 -0.2116 1.0050 91 67 39
0.0302 -0.2116 1.0050 90 64 39
0.0363 -0.2116 1.0050 82 55 26
0.0423 -0.2116 1.0050 80 55 25
0.0484 -0.2116 1.0051 84 59 37
0.0544 -0.2116 1.0051 92 66 43
0.0604 -0.2116 1.0051 86 59 38
0.0665 -0.2116 1.0051 78 49 31
0.0725 -0.2116 1.0050 86 58 36
0.0786 -0.2116 1.0050 95 69 46
0.0846 -0.2116 1.0050 92 62 36
0.0907 -0.2116 1.0050 92 61 32
0.0967 -0.2115 1.0050 79 52 25
0.1028 -0.2115 1.0050 160 120 68
0.1088 -0.2115 1.0050 156 112 65
0.1148 -0.2115 1.0050 167 121 72
0.1209 -0.2115 1.0050 165 117 71
0.1269 -0.2115 1.0050 166 120 70
0.1330 -0.2115 1.0050 164 116 70
0.1390 -0.2115 1.0050 163 116 70
0.1451 -0.2115 1.0050 157 113 64
0.1511 -0.2115 1.0049 165 118 72
0.1571 -0.2115 1.0049 158 114 67
0.1632 -0.2115 1.0049 165 118 72
0.1692 -0.2115 1.0049 162 115 69
0.1753 -0.2115 1.0049 139 97 49
0.1813 -0.2115 1.0049 161 119 71
0.1873 -0.2115 1.0049 173 127 78
0.1934 -0.2115 1.0049 171 123 75
0.1994 -0.2115 1.0048 167 121 72
0.2055 -0.2115 1.0048 168 122 73
0.2115 -0.2115 1.0048 159 115 68
0.2175 -0.2115 1.0048 165 119 69
0.2236 -0.2115 1.0048 159 117 67
0.2296 -0.2115 1.0048 163 117 68
0.2357 -0.2115 1.0048 165 123 73
0.2417 -0.2115 1.0048 162 114 68
0.2477 -0.2115 1.0048 164 116 68
0.2538 -0.2115 1.0047 170 126 79
0.2598 -0.2115 1.0047 166 124 74
0.2659 -0.2115 1.0047 160 116 69
0.2719 -0.2115 1.0047 166 122 75
0.2780 -0.2115 1.0047 157 113 64
0.2840 -0.2115 1.0047 165 117 71
0.2900 -0.2115 1.0047 168 124 77
0.2961 -0.2115 1.0047 164 124 73
0.3021 -0.2115 1.0047 166 122 73
0.3081 -0.2115 1.0047 148 101 55
0.3142 -0.2115 1.0047 144 103 59
0.3202 -0.2115 1.0047 151 107 62
0.3263 -0.2115 1.0047 149 106 61
0.3323 -0.2115 1.0046 148 104 59
0.3383 -0.2115 1.0046 158 113 72
0.3444 -0.2115 1.0046 148 105 62
0.3504 -0.2115 1.0046 152 108 63
0.3565 -0.2115 1.0046 148 104 59
0.3625 -0.2115 1.0046 155 108 66
0.3685 -0.2115 1.0046 155 111 66
0.3746 -0.2115 1.0046 147 105 57
0.3806 -0.2115 1.0046 154 111 68
0.3867 -0.2115 1.0046 149 106 63
0.3927 -0.2115 1.0046 151 108 65
0.3987 -0.2115 1.0046 142 101 57
0.4048 -0.2115 1.0046 150 107 64
0.4108 -0.2115 1.0046 142 94 54
0.4169 -0.2115 1.0046 146 101 59
0.4229 -0.2115 1.0046 143 99 54
0.4290 -0.2115 1.0046 147 102 60
0.4350 -0.2115 1.0046 142 97 55
0.4410 -0.2115 1.0046 148 104 59
0.4471 -0.2115 1.0046 151 106 65
0.4531 -0.2115 1.0046 150 103 61
0.4592 -0.2115 1.0046 151 107 62
0.4652 -0.2115 1.0046 148 105 62
0.4713 -0.2115 1.0046 151 107 62
0.4773 -0.2115 1.0046 148 104 59
0.4834 -0.2115 1.0047 148 99 56
0.4894 -0.2115 1.0047 147 99 51
0.4954 -0.2115 1.0047 162 114 65
0.5015 -0.2115 1.0047 158 112 63
0.5076 -0.2115 1.0047 142 101 55
0.5136 -0.2115 1.0048 162 119 76
0.5210 -0.2120 1.0074 142 126 110
0.5296 -0.2130 1.0121 125 152 182
0.5360 -0.2132 1.0127 125 151 184
0.5428 -0.2134 1.0140 130 154 188
0.5493 -0.2136 1.0148 121 147 182
0.5555 -0.2136 1.0150 127 153 186
0.5616 -0.2136 1.0150 122 151 183
0.5677 -0.2136 1.0150 126 153 183
0.5740 -0.2137 1.0154 126 152 185
0.5803 -0.2138 1.0156 121 147 180
-0.5817 -0.2182 1.0076 135 160 191
-0.5758 -0.2182 1.0079 127 154 184
-0.5698 -0.2182 1.0080 137 164 194
-0.5638 -0.2182 1.0080 133 158 189
-0.5577 -0.2182 1.0079 128 152 186
-0.5516 -0.2182 1.0079 131 161 189
-0.5455 -0.2182 1.0078 126 156 190
-0.5395 -0.2182 1.0080 128 157 191
-0.5334 -0.2182 1.0079 132 161 193
-0.5272 -0.2181 1.0076 132 158 193
-0.5198 -0.2176 1.0050 151 124 95
-0.5136 -0.2175 1.0046 166 123 72
-0.5075 -0.2175 1.0047 161 119 71
-0.5015 -0.2175 1.0046 170 126 77
-0.4954 -0.2175 1.0046 173 126 80
-0.4894 -0.2175 1.0046 142 93 53
-0.4833 -0.2175 1.0046 152 105 59
-0.4773 -0.2175 1.0046 146 103 61
-0.4712 -0.2175 1.0046 160 113 71
-0.4652 -0.2175 1.0045 145 102 57
-0.4591 -0.2175 1.0045 148 104 59
-0.4531 -0.2175 1.0045 149 106 61
-0.4470 -0.2175 1.0045 147 104 59
-0.4410 -0.2175 1.0045 150 103 57
-0.4350 -0.2175 1.0045 142 100 58
-0.4289 -0.2175 1.0045 140 100 51
-0.4229 -0.2175 1.0045 153 106 64
-0.4168 -0.2175 1.0045 154 107 65
-0.4108 -0.2175 1.0045 146 103 61
-0.4048 -0.2175 1.0045 147 107 58
-0.3987 -0.2175 1.0045 150 105 63
-0.3927 -0.2175 1.0045 139 96 53
-0.3866 -0.2175 1.0045 145 101 54
-0.3806 -0.2175 1.0045 145 102 59
-0.3746 -0.2175 1.0045 149 104 63
-0.3685 -0.2175 1.0045 151 107 62
-0.3625 -0.2175 1.0045 153 110 67
-0.3564 -0.2175 1.0045 148 101 59
-0.3504 -0.2175 1.0046 148 101 59
-0.3444 -0.2175 1.0046 154 114 63
-0.3383 -0.2175 1.0046 149 105 58
-0.3323 -0.2175 1.0046 149 102 60
-0.3263 -0.2175 1.0046 149 106 64
-0.3202 -0.2175 1.0046 144 103 57
-0.3142 -0.2175 1.0046 146 101 59
-0.3081 -0.2175 1.0046 146 99 53
-0.3021 -0.2175 1.0047 165 122 71
-0.2961 -0.2175 1.0047 163 117 68
-0.2900 -0.2175 1.0047 166 120 71
-0.2840 -0.2175 1.0047 169 123 73
-0.2780 -0.2175 1.0047 165 118 72
-0.2719 -0.2175 1.0047 165 118 74
-0.2659 -0.2175 1.0047 171 123 75
-0.2598 -0.2175 1.0047 170 126 79
-0.2538 -0.2175 1.0048 167 121 72
-0.2478 -0.2175 1.0048 154 110 61
-0.2417 -0.2175 1.0048 156 116 67
-0.2357 -0.2175 1.0048 161 113 65
-0.2296 -0.2175 1.0048 158 114 65
-0.2236 -0.2175 1.0048 171 127 78
-0.2175 -0.2175 1.0048 169 122 76
-0.2115 -0.2175 1.0048 167 123 76
-0.2055 -0.2175 1.0048 163 119 70
-0.1994 -0.2175 1.0048 171 128 77
-0.1934 -0.2175 1.0048 161 117 68
-0.1873 -0.2175 1.0048 163 119 70
-0.1813 -0.2175 1.0048 160 116 67
-0.1752 -0.2175 1.0048 163 120 69
-0.1692 -0.2175 1.0048 164 118 69
-0.1632 -0.2175 1.0048 165 121 72
-0.1571 -0.2176 1.0048 135 93 45
-0.1511 -0.2176 1.0048 163 119 70
-0.1450 -0.2176 1.0048 164 115 72
-0.1390 -0.2176 1.0048 167 123 76
-0.1330 -0.2176 1.0048 162 118 71
-0.1269 -0.2176 1.0048 171 124 78
-0.1209 -0.2176 1.0049 167 116 71
-0.1148 -0.2176 1.0049 171 124 78
-0.1088 -0.2176 1.0049 168 124 75
-0.1027 -0.2176 1.0049 162 122 71
-0.0967 -0.2176 1.0049 93 66 36
-0.0907 -0.2176 1.0049 87 60 31
-0.0846 -0.2176 1.0050 92 65 38
-0.0786 -0.2176 1.0050 92 61 33
-0.0725 -0.2176 1.0050 89 59 31
-0.0665 -0.2176 1.0050 86 56 30
-0.0604 -0.2176 1.0050 90 64 39
-0.0544 -0.2176 1.0050 80 56 30
-0.0484 -0.2176 1.0050 91 68 37
-0.0423 -0.2176 1.0050 80 56 28
-0.0363 -0.2176 1.0050 82 54 30
-0.0302 -0.2176 1.0050 89 61 37
-0.0242 -0.2176 1.0050 86 56 30
-0.0181 -0.2176 1.0050 84 54 28
-0.0121 -0.2176 1.0050 91 64 35
-0.0060 -0.2176 1.0050 87 60 33
0.0000 -0.2176 1.0050 82 56 29
0.0060 -0.2176 1.0050 90 64 37
0.0121 -0.2176 1.0050 86 56 30
0.0181 -0.2176 1.0050 78 50 26
0.0242 -0.2176 1.0050 83 57 30
0.0302 -0.2176 1.0050 89 62 35
0.0363 -0.2176 1.0050 96 66 38
0.0423 -0.2176 1.0050 90 63 36
0.0484 -0.2176 1.0050 89 63 36
0.0544 -0.2176 1.0050 87 62 32
0.0604 -0.2176 1.0050 93 66 39
0.0665 -0.2176 1.0050 85 58 31
0.0725 -0.2176 1.0050 90 66 38
0.0786 -0.2176 1.0050 82 56 29
0.0846 -0.2176 1.0050 90 60 34
0.0907 -0.2176 1.0050 86 56 22
0.0967 -0.2176 1.0050 83 55 31
0.1027 -0.2176 1.0050 175 128 76
0.1088 -0.2176 1.0050 169 123 74
0.1148 -0.2176 1.0050 166 120 70
0.1209 -0.2176 1.0050 164 118 69
0.1269 -0.2176 1.0050 164 118 68
0.1330 -0.2176 1.0050 168 126 76
0.1390 -0.2176 1.0049 163 122 70
0.1450 -0.2176 1.0049 161 115 66
0.1511 -0.2176 1.0049 165 117 71
0.1571 -0.2176 1.0049 171 123 77
0.1632 -0.2176 1.0049 161 115 66
0.1692 -0.2176 1.0049 169 123 73
0.1753 -0.2176 1.0049 144 97 51
0.1813 -0.2176 1.0049 171 123 77
0.1873 -0.2176 1.0049 165 123 75
0.1934 -0.2176 1.0048 162 118 69
0.1994 -0.2176 1.0048 167 121 72
0.2055 -0.2175 1.0048 165 118 72
0.2115 -0.2175 1.0048 154 110 61
0.2175 -0.2175 1.0048 165 122 71
0.2236 -0.2175 1.0048 166 118 70
0.2296 -0.2175 1.0048 159 117 69
0.2357 -0.2175 1.0048 162 118 69
0.2417 -0.2175 1.0047 163 121 71
0.2477 -0.2175 1.0047 170 123 77
0.2538 -0.2175 1.0047 168 125 74
0.2598 -0.2175 1.0047 162 118 71
0.2659 -0.2175 1.0047 160 112 66
0.2719 -0.2175 1.0047 166 124 76
0.2779 -0.2175 1.0047 169 122 76
0.2840 -0.2175 1.0047 167 119 70
0.2900 -0.2175 1.0047 159 115 68
0.2961 -0.2175 1.0047 162 118 69
0.3021 -0.2175 1.0047 160 117 66
0.3081 -0.2175 1.0047 152 106 56
0.3142 -0.2175 1.0046 148 104 57
0.3202 -0.2175 1.0046 149 105 56
0.3263 -0.2175 1.0046 155 111 62
0.3323 -0.2175 1.0046 146 102 55
0.3383 -0.2175 1.0046 151 107 62
0.3444 -0.2175 1.0046 150 107 62
0.3504 -0.2175 1.0046 147 107 58
0.3565 -0.2175 1.0046 146 102 57
0.3625 -0.2175 1.0046 146 101 59
0.3685 -0.2175 1.0046 155 110 68
0.3746 -0.2175 1.0046 147 103 58
0.3806 -0.2175 1.0046 147 104 59
0.3867 -0.2175 1.0046 148 104 57
0.3927 -0.2175 1.0046 144 103 57
0.3987 -0.2175 1.0046 147 100 58
0.4048 -0.2175 1.0046 151 108 65
0.4108 -0.2175 1.0046 155 111 66
0.4169 -0.2175 1.0046 150 105 63
0.4229 -0.2175 1.0046 157 110 66
0.4289 -0.2175 1.0046 159 112 68
0.4350 -0.2175 1.0046 150 101 60
0.4410 -0.2175 1.0046 140 97 52
0.4471 -0.2175 1.0046 145 97 57
0.4531 -0.2175 1.0046 148 106 58
0.4592 -0.2175 1.0046 150 106 59
0.4652 -0.2175 1.0046 154 112 64
0.4713 -0.2175 1.0046 149 105 60
0.4773 -0.2175 1.0046 151 103 63
0.4834 -0.2175 1.0046 153 109 64
0.4894 -0.2175 1.0047 151 107 62
0.4954 -0.2175 1.0047 170 129 77
0.5015 -0.2175 1.0047 159 117 69
0.5076 -0.2175 1.0047 133 92 40
0.5136 -0.2175 1.0048 159 113 63
0.5208 -0.2180 1.0070 141 124 104
0.5288 -0.2188 1.0107 122 152 188
0.5354 -0.2190 1.0116 129 153 187
0.5420 -0.2192 1.0126 132 158 193
0.5484 -0.2194 1.0132 128 157 189
0.5546 -0.2194 1.0133 134 159 190
0.5607 -0.2194 1.0133 131 160 190
0.5668 -0.2194 1.0134 120 147 177
0.5731 -0.2195 1.0138 132 158 191
0.5792 -0.2195 1.0137 124 150 185
-0.5816 -0.2242 1.0074 125 151 188
-0.5757 -0.2242 1.0076 129 155 192
-0.5697 -0.2242 1.0078 125 151 186
-0.5636 -0.2242 1.0077 122 148 183
-0.5575 -0.2242 1.0077 135 160 190
-0.5514 -0.2242 1.0076 132 158 191
-0.5453 -0.2242 1.0075 124 151 178
-0.5394 -0.2242 1.0077 131 155 191
-0.5333 -0.2242 1.0076 127 154 184
-0.5270 -0.2241 1.0073 130 159 193
-0.5198 -0.2236 1.0050 154 129 99
-0.5136 -0.2235 1.0046 166 123 70
-0.5075 -0.2236 1.0047 167 123 74
-0.5015 -0.2236 1.0047 165 119 70
-0.4954 -0.2236 1.0046 170 124 75
-0.4894 -0.2235 1.0046 145 98 56
-0.4833 -0.2235 1.0046 148 105 62
-0.4773 -0.2235 1.0046 147 100 54
-0.4712 -0.2235 1.0046 149 106 64
-0.4652 -0.2235 1.0045 149 100 59
-0.4591 -0.2235 1.0045 148 104 57
-0.4531 -0.2235 1.0045 146 99 55
-0.4470 -0.2235 1.0045 148 101 59
-0.4410 -0.2235 1.0045 154 109 67
-0.4350 -0.2235 1.0045 155 110 68
-0.4289 -0.2235 1.0045 149 105 58
-0.4229 -0.2235 1.0045 147 104 59
-0.4168 -0.2235 1.0045 154 109 67
-0.4108 -0.2235 1.0045 140 95 53
-0.4047 -0.2235 1.0045 144 104 55
-0.3987 -0.2235 1.0045 155 108 64
-0.3927 -0.2235 1.0045 155 111 66
-0.3866 -0.2235 1.0045 151 107 60
-0.3806 -0.2235 1.0045 148 101 57
-0.3745 -0.2235 1.0045 140 93 49
-0.3685 -0.2235 1.0045 154 110 63
-0.3625 -0.2235 1.0045 147 98 55
-0.3564 -0.2235 1.0045 147 100 56
-0.3504 -0.2235 1.0045 146 106 57
-0.3444 -0.2235 1.0045 139 96 51
-0.3383 -0.2235 1.0046 146 102 57
-0.3323 -0.2235 1.0046 147 100 56
-0.3262 -0.2235 1.0046 148 103 61
-0.3202 -0.2235 1.0046 149 105 60
-0.3142 -0.2235 1.0046 155 108 64
-0.3081 -0.2235 1.0046 149 102 56
-0.3021 -0.2236 1.0046 163 119 70
-0.2961 -0.2236 1.0047 168 122 73
-0.2900 -0.2236 1.0047 164 118 68
-0.2840 -0.2236 1.0047 166 120 68
-0.2779 -0.2236 1.0047 159 113 61
-0.2719 -0.2236 1.0047 172 126 76
-0.2659 -0.2236 1.0047 169 123 74
-0.2598 -0.2236 1.0047 162 120 72
-0.2538 -0.2236 1.0047 169 123 73
-0.2477 -0.2236 1.0047 163 120 69
-0.2417 -0.2236 1.0048 158 118 67
-0.2357 -0.2236 1.0048 160 112 64
-0.2296 -0.2236 1.0048 164 118 68
-0.2236 -0.2236 1.0048 164 118 69
-0.2175 -0.2236 1.0048 162 114 65
-0.2115 -0.2236 1.0048 169 122 70
-0.2055 -0.2236 1.0048 162 115 63
-0.1994 -0.2236 1.0048 176 128 80
-0.1934 -0.2236 1.0048 176 128 82
-0.1873 -0.2236 1.0048 167 121 71
-0.1813 -0.2236 1.0048 167 124 73
-0.1752 -0.2236 1.0048 154 107 61
-0.1692 -0.2236 1.0048 163 115 67
-0.1632 -0.2236 1.0048 164 120 71
-0.1571 -0.2236 1.0048 139 95 46
-0.1511 -0.2236 1.0048 168 122 73
-0.1450 -0.2236 1.0048 163 117 68
-0.1390 -0.2236 1.0048 160 117 66
-0.1329 -0.2236 1.0048 154 111 58
-0.1269 -0.2236 1.0048 168 122 70
-0.1209 -0.2236 1.0048 163 115 67
-0.1148 -0.2236 1.0048 162 119 68
-0.1088 -0.2236 1.0049 165 119 67
-0.1027 -0.2236 1.0049 165 125 73
-0.0967 -0.2236 1.0049 84 57 30
-0.0907 -0.2236 1.0049 90 62 38
-0.0846 -0.2236 1.0050 80 52 30
-0.0786 -0.2236 1.0050 88 61 34
-0.0725 -0.2236 1.0050 89 63 36
-0.0665 -0.2236 1.0050 84 56 32
-0.0604 -0.2236 1.0050 86 62 38
-0.0544 -0.2236 1.0050 81 59 35
-0.0484 -0.2236 1.0050 83 59 33
-0.0423 -0.2236 1.0050 82 58 32
-0.0363 -0.2236 1.0050 79 54 32
-0.0302 -0.2236 1.0050 83 57 34
-0.0242 -0.2236 1.0050 89 63 38
-0.0181 -0.2236 1.0050 83 59 33
-0.0121 -0.2236 1.0050 87 63 37
-0.0060 -0.2236 1.0050 85 61 35
0.0000 -0.2236 1.0050 88 67 38
0.0060 -0.2236 1.0050 90 62 40
0.0121 -0.2236 1.0050 87 63 35
0.0181 -0.2236 1.0050 84 62 38
0.0242 -0.2236 1.0050 87 61 36
0.0302 -0.2236 1.0050 78 50 28
0.0363 -0.2236 1.0050 90 63 36
0.0423 -0.2236 1.0050 90 64 39
0.0484 -0.2236 1.0050 89 65 39
0.0544 -0.2236 1.0050 88 62 37
0.0604 -0.2236 1.0050 78 52 27
0.0665 -0.2236 1.0050 79 55 29
0.0725 -0.2236 1.0050 82 54 30
0.0786 -0.2236 1.0050 88 62 37
0.0846 -0.2236 1.0050 84 60 36
0.0907 -0.2236 1.0050 91 65 32
0.0967 -0.2236 1.0050 90 66 42
0.1027 -0.2236 1.0050 164 118 66
0.1088 -0.2236 1.0050 162 116 66
0.1148 -0.2236 1.0050 160 114 64
0.1209 -0.2236 1.0050 167 121 71
0.1269 -0.2236 1.0050 164 121 70
0.1330 -0.2236 1.0049 165 119 69
0.1390 -0.2236 1.0049 168 122 70
0.1450 -0.2236 1.0049 159 115 66
0.1511 -0.2236 1.0049 166 123 72
0.1571 -0.2236 1.0049 164 121 70
0.1632 -0.2236 1.0049 165 122 71
0.1692 -0.2236 1.0049 165 122 69
0.1753 -0.2236 1.0049 142 96 47
0.1813 -0.2236 1.0049 167 116 69
0.1873 -0.2236 1.0049 169 123 74
0.1934 -0.2236 1.0048 170 119 72
0.1994 -0.2236 1.0048 170 124 75
0.2055 -0.2236 1.0048 161 121 70
0.2115 -0.2236 1.0048 160 116 67
0.2175 -0.2236 1.0048 160 117 64
0.2236 -0.2236 1.0048 166 118 69
0.2296 -0.2236 1.0048 161 118 67
0.2357 -0.2236 1.0047 168 127 73
0.2417 -0.2236 1.0047 164 123 71
0.2477 -0.2236 1.0047 164 116 68
0.2538 -0.2236 1.0047 161 118 67
0.2598 -0.2236 1.0047 168 124 79
0.2659 -0.2236 1.0047 160 118 70
0.2719 -0.2236 1.0047 164 120 71
0.2779 -0.2236 1.0047 158 115 64
0.2840 -0.2236 1.0047 163 122 70
0.2900 -0.2236 1.0047 163 117 65
0.2961 -0.2236 1.0047 157 114 61
0.3021 -0.2236 1.0046 163 120 69
0.3081 -0.2236 1.0046 146 99 53
0.3142 -0.2236 1.0046 163 119 74
0.3202 -0.2235 1.0046 147 103 58
0.3263 -0.2235 1.0046 148 101 59
0.3323 -0.2235 1.0046 144 99 57
0.3383 -0.2235 1.0046 155 111 66
0.3444 -0.2235 1.0046 145 101 56
0.3504 -0.2235 1.0046 148 104 57
0.3565 -0.2235 1.0046 149 105 60
0.3625 -0.2235 1.0046 147 104 61
0.3685 -0.2235 1.0046 146 101 59
0.3746 -0.2235 1.0046 152 105 61
0.3806 -0.2235 1.0046 149 105 60
0.3867 -0.2235 1.0046 151 107 60
0.3927 -0.2235 1.0045 145 98 54
0.3987 -0.2235 1.0045 145 100 58
0.4048 -0.2235 1.0045 152 105 63
0.4108 -0.2235 1.0045 149 106 61
0.4169 -0.2235 1.0045 153 109 64
0.4229 -0.2235 1.0045 145 100 58
0.4289 -0.2235 1.0046 152 108 63
0.4350 -0.2235 1.0046 149 107 57
0.4410 -0.2235 1.0046 144 97 55
0.4471 -0.2235 1.0046 150 108 58
0.4531 -0.2235 1.0046 155 106 63
0.4592 -0.2235 1.0046 154 110 61
0.4652 -0.2235 1.0046 153 109 62
0.4713 -0.2235 1.0046 149 105 60
0.4773 -0.2236 1.0046 154 107 65
0.4834 -0.2236 1.0046 150 103 57
0.4894 -0.2236 1.0047 152 105 61
0.4955 -0.2236 1.0047 172 129 78
0.5015 -0.2236 1.0047 162 115 69
0.5076 -0.2236 1.0047 144 102 52
0.5136 -0.2236 1.0048 164 118 68
0.5206 -0.2240 1.0066 144 127 107
0.5284 -0.2247 1.0100 130 156 193
0.5349 -0.2249 1.0107 129 152 184
0.5414 -0.2251 1.0115 132 158 191
0.5476 -0.2251 1.0117 128 154 187
0.5537 -0.2251 1.0118 124 149 180
0.5599 -0.2252 1.0119 126 155 189
0.5661 -0.2252 1.0121 127 153 186
0.5724 -0.2253 1.0125 130 155 186
0.5781 -0.2252 1.0119 130 157 187
-0.5815 -0.2302 1.0071 129 155 192
-0.5756 -0.2302 1.0074 123 149 184
-0.5696 -0.2303 1.0075 130 156 191
-0.5635 -0.2302 1.0075 124 150 183
-0.5574 -0.2302 1.0074 130 159 191
-0.5513 -0.2302 1.0073 127 156 186
-0.5452 -0.2302 1.0073 124 150 183
-0.5392 -0.2302 1.0074 122 149 179
-0.5331 -0.2302 1.0074 129 152 186
-0.5269 -0.2301 1.0070 122 144 181
-0.5198 -0.2297 1.0050 152 122 94
-0.5135 -0.2296 1.0046 168 121 67
-0.5075 -0.2296 1.0046 168 122 73
-0.5015 -0.2296 1.0046 165 119 69
-0.4954 -0.2296 1.0046 166 120 71
-0.4894 -0.2296 1.0046 139 94 52
-0.4833 -0.2296 1.0046 151 105 56
-0.4773 -0.2296 1.0046 152 109 67
-0.4712 -0.2296 1.0045 160 113 69
-0.4652 -0.2296 1.0045 156 112 67
-0.4591 -0.2296 1.0045 144 97 53
-0.4531 -0.2296 1.0045 154 105 62
-0.4470 -0.2296 1.0045 152 105 63
-0.4410 -0.2296 1.0045 153 111 69
-0.4349 -0.2296 1.0045 157 109 63
-0.4289 -0.2296 1.0045 151 102 59
-0.4229 -0.2296 1.0045 153 112 66
-0.4168 -0.2296 1.0045 148 106 58
-0.4108 -0.2296 1.0045 146 99 55
-0.4047 -0.2296 1.0044 152 109 64
-0.3987 -0.2296 1.0045 158 111 65
-0.3927 -0.2296 1.0045 149 102 56
-0.3866 -0.2296 1.0045 160 116 71
-0.3806 -0.2296 1.0045 154 107 63
-0.3745 -0.2296 1.0045 153 109 64
-0.3685 -0.2296 1.0045 140 96 49
-0.3625 -0.2296 1.0045 148 105 62
-0.3564 -0.2296 1.0045 153 109 62
-0.3504 -0.2296 1.0045 153 105 57
-0.3444 -0.2296 1.0045 151 102 61
-0.3383 -0.2296 1.0045 152 109 66
-0.3323 -0.2296 1.0046 152 110 62
-0.3262 -0.2296 1.0046 152 109 64
-0.3202 -0.2296 1.0046 149 104 63
-0.3142 -0.2296 1.0046 154 110 63
-0.3081 -0.2296 1.0046 146 99 55
-0.3021 -0.2296 1.0046 165 118 74
-0.2961 -0.2296 1.0046 172 124 78
-0.2900 -0.2296 1.0046 164 118 69
-0.2840 -0.2296 1.0046 169 125 76
-0.2779 -0.2296 1.0047 166 122 73
-0.2719 -0.2296 1.0047 157 111 62
-0.2659 -0.2296 1.0047 160 114 65
-0.2598 -0.2296 1.0047 151 109 61
-0.2538 -0.2296 1.0047 167 121 71
-0.2477 -0.2296 1.0047 161 118 67
-0.2417 -0.2296 1.0047 163 121 73
-0.2357 -0.2296 1.0047 166 120 71
-0.2296 -0.2296 1.0047 169 123 73
-0.2236 -0.2296 1.0047 167 121 71
-0.2175 -0.2296 1.0047 167 119 71
-0.2115 -0.2296 1.0047 167 119 70
-0.2054 -0.2296 1.0047 171 125 73
-0.1994 -0.2296 1.0047 164 118 68
-0.1934 -0.2296 1.0047 169 122 70
-0.1873 -0.2296 1.0048 166 120 71
-0.1813 -0.2296 1.0048 161 114 68
-0.1752 -0.2296 1.0048 167 121 71
-0.1692 -0.2296 1.0048 163 117 67
-0.1632 -0.2296 1.0048 171 127 78
-0.1571 -0.2296 1.0048 139 95 46
-0.1511 -0.2296 1.0048 162 118 71
-0.1450 -0.2296 1.0048 163 119 70
-0.1390 -0.2296 1.0048 169 126 75
-0.1329 -0.2296 1.0048 164 121 70
-0.1269 -0.2296 1.0048 161 115 65
-0.1209 -0.2296 1.0048 168 122 72
-0.1148 -0.2296 1.0048 162 121 67
-0.1088 -0.2296 1.0048 165 119 67
-0.1027 -0.2296 1.0049 166 125 73
-0.0967 -0.2297 1.0049 86 56 30
-0.0907 -0.2297 1.0049 90 60 36
-0.0846 -0.2297 1.0049 85 59 34
-0.0786 -0.2297 1.0049 88 63 33
-0.0725 -0.2297 1.0050 82 57 27
-0.0665 -0.2297 1.0050 85 57 33
-0.0604 -0.2297 1.0050 96 70 45
-0.0544 -0.2297 1.0050 84 62 38
-0.0484 -0.2297 1.0050 87 61 38
-0.0423 -0.2297 1.0050 84 60 34
-0.0363 -0.2297 1.0050 90 69 40
-0.0302 -0.2297 1.0050 90 66 40
-0.0242 -0.2297 1.0050 81 55 30
-0.0181 -0.2297 1.0050 89 61 37
-0.0121 -0.2297 1.0050 85 59 36
-0.0060 -0.2297 1.0050 88 62 39
0.0000 -0.2297 1.0050 78 54 28
0.0060 -0.2297 1.0050 93 61 40
0.0121 -0.2297 1.0050 83 57 30
0.0181 -0.2297 1.0050 87 65 41
0.0242 -0.2297 1.0050 82 56 31
0.0302 -0.2297 1.0050 88 62 39
0.0363 -0.2297 1.0050 84 58 31
0.0423 -0.2297 1.0050 86 60 35
0.0484 -0.2297 1.0050 86 62 36
0.0544 -0.2297 1.0050 83 59 33
0.0604 -0.2297 1.0050 81 57 31
0.0665 -0.2297 1.0050 86 65 38
0.0725 -0.2297 1.0050 81 55 32
0.0786 -0.2297 1.0050 86 64 40
0.0846 -0.2297 1.0050 82 60 36
0.0907 -0.2297 1.0050 93 64 30
0.0967 -0.2297 1.0050 93 67 44
0.1027 -0.2297 1.0049 168 125 74
0.1088 -0.2297 1.0049 170 122 74
0.1148 -0.2297 1.0049 164 118 68
0.1209 -0.2297 1.0049 165 119 69
0.1269 -0.2297 1.0049 159 113 63
0.1330 -0.2297 1.0049 167 126 74
0.1390 -0.2297 1.0049 162 119 68
0.1450 -0.2297 1.0049 174 131 78
0.1511 -0.2297 1.0049 161 118 67
0.1571 -0.2296 1.0049 163 117 67
0.1632 -0.2296 1.0049 164 118 68
0.1692 -0.2296 1.0049 163 120 69
0.1753 -0.2296 1.0048 137 95 45
0.1813 -0.2296 1.0048 164 116 67
0.1873 -0.2296 1.0048 173 123 72
0.1934 -0.2296 1.0048 159 111 63
0.1994 -0.2296 1.0048 165 117 69
0.2055 -0.2296 1.0048 170 122 73
0.2115 -0.2296 1.0048 159 119 68
0.2175 -0.2296 1.0048 165 125 74
0.2236 -0.2296 1.0047 169 123 74
0.2296 -0.2296 1.0047 170 126 77
0.2357 -0.2296 1.0047 164 123 71
0.2417 -0.2296 1.0047 164 123 69
0.2477 -0.2296 1.0047 161 113 65
0.2538 -0.2296 1.0047 162 119 68
0.2598 -0.2296 1.0047 169 125 80
0.2659 -0.2296 1.0047 169 127 77
0.2719 -0.2296 1.0047 174 126 78
0.2779 -0.2296 1.0047 163 120 69
0.2840 -0.2296 1.0046 165 122 71
0.2900 -0.2296 1.0046 162 116 66
0.2961 -0.2296 1.0046 156 112 67
0.3021 -0.2296 1.0046 165 121 72
0.3081 -0.2296 1.0046 152 105 59
0.3142 -0.2296 1.0046 153 109 62
0.3202 -0.2296 1.0046 149 105 60
0.3262 -0.2296 1.0046 144 99 57
0.3323 -0.2296 1.0046 153 112 66
0.3383 -0.2296 1.0046 149 105 60
0.3444 -0.2296 1.0046 153 106 62
0.3504 -0.2296 1.0045 155 108 64
0.3564 -0.2296 1.0045 149 106 61
0.3625 -0.2296 1.0045 149 111 64
0.3685 -0.2296 1.0045 153 110 65
0.3746 -0.2296 1.0045 154 107 63
0.3806 -0.2296 1.0045 152 108 63
0.3866 -0.2296 1.0045 145 101 56
0.3927 -0.2296 1.0045 154 105 64
0.3987 -0.2296 1.0045 143 100 57
0.4048 -0.2296 1.0045 152 103 62
0.4108 -0.2296 1.0045 144 101 56
0.4168 -0.2296 1.0045 150 107 62
0.4229 -0.2296 1.0045 151 108 65
0.4289 -0.2296 1.0045 152 108 63
0.4350 -0.2296 1.0045 149 106 61
0.4410 -0.2296 1.0045 153 113 64
0.4471 -0.2296 1.0045 153 105 65
0.4531 -0.2296 1.0045 147 103 56
0.4592 -0.2296 1.0046 154 107 61
0.4652 -0.2296 1.0046 147 103 58
0.4713 -0.2296 1.0046 145 101 56
0.4773 -0.2296 1.0046 154 107 63
0.4834 -0.2296 1.0046 155 108 62
0.4894 -0.2296 1.0047 147 100 56
0.4954 -0.2296 1.0047 160 114 64
0.5015 -0.2296 1.0047 162 115 69
0.5076 -0.2296 1.0047 145 101 54
0.5137 -0.2296 1.0048 160 116 67
0.5205 -0.2300 1.0064 145 127 107
0.5281 -0.2306 1.0092 127 151 187
0.5345 -0.2308 1.0099 133 160 189
0.5408 -0.2309 1.0104 123 154 183
0.5470 -0.2309 1.0106 129 153 187
0.5531 -0.2310 1.0106 126 149 181
0.5592 -0.2310 1.0107 134 160 193
0.5654 -0.2310 1.0109 122 149 179
0.5718 -0.2312 1.0115 135 159 193
0.5774 -0.2310 1.0107 132 158 191
-0.5813 -0.2362 1.0069 131 157 190
-0.5754 -0.2362 1.0071 132 156 190
-0.5694 -0.2363 1.0073 132 157 188
-0.5634 -0.2363 1.0073 129 156 186
-0.5572 -0.2362 1.0071 119 145 178
-0.5512 -0.2362 1.0071 124 150 183
-0.5451 -0.2362 1.0070 128 154 189
-0.5390 -0.2362 1.0071 129 159 187
-0.5330 -0.2362 1.0071 125 149 183
-0.5267 -0.2361 1.0067 121 147 184
-0.5198 -0.2357 1.0050 146 121 90
-0.5135 -0.2356 1.0046 165 118 64
-0.5075 -0.2356 1.0046 172 128 79
-0.5015 -0.2356 1.0046 162 119 68
-0.4954 -0.2356 1.0046 167 121 72
-0.4894 -0.2356 1.0046 136 91 49
-0.4833 -0.2356 1.0046 150 107 64
-0.4773 -0.2356 1.0045 152 106 57
-0.4712 -0.2356 1.0045 146 105 59
-0.4652 -0.2356 1.0045 152 103 60
-0.4591 -0.2356 1.0045 151 103 57
-0.4531 -0.2356 1.0045 146 102 55
-0.4470 -0.2356 1.0045 141 98 55
-0.4410 -0.2356 1.0045 152 108 63
-0.4349 -0.2356 1.0044 153 109 62
-0.4289 -0.2356 1.0044 151 106 65
-0.4229 -0.2356 1.0044 147 100 56
-0.4168 -0.2356 1.0044 149 105 58
-0.4108 -0.2356 1.0044 146 102 57
-0.4047 -0.2356 1.0044 147 102 61
-0.3987 -0.2356 1.0044 154 110 65
-0.3926 -0.2356 1.0044 153 102 59
-0.3866 -0.2356 1.0044 155 110 68
-0.3806 -0.2356 1.0044 149 105 60
-0.3745 -0.2356 1.0044 151 108 63
-0.3685 -0.2356 1.0045 149 106 61
-0.3625 -0.2356 1.0045 149 101 61
-0.3564 -0.2356 1.0045 148 105 63
-0.3504 -0.2356 1.0045 150 110 61
-0.3443 -0.2356 1.0045 151 103 57
-0.3383 -0.2356 1.0045 150 105 63
-0.3323 -0.2356 1.0045 157 113 66
-0.3262 -0.2356 1.0045 158 116 68
-0.3202 -0.2356 1.0045 155 110 69
-0.3142 -0.2356 1.0046 150 105 63
-0.3081 -0.2356 1.0046 150 102 56
-0.3021 -0.2356 1.0046 165 119 70
-0.2960 -0.2356 1.0046 168 122 73
-0.2900 -0.2356 1.0046 167 121 72
-0.2840 -0.2356 1.0046 165 121 72
-0.2779 -0.2356 1.0046 155 113 63
-0.2719 -0.2356 1.0046 165 118 72
-0.2658 -0.2356 1.0047 162 114 66
-0.2598 -0.2356 1.0047 161 117 70
-0.2538 -0.2356 1.0047 165 119 69
-0.2477 -0.2356 1.0047 171 125 76
-0.2417 -0.2356 1.0047 161 117 72
-0.2356 -0.2356 1.0047 164 122 72
-0.2296 -0.2356 1.0047 160 114 62
-0.2236 -0.2356 1.0047 160 117 62
-0.2175 -0.2357 1.0047 160 112 64
-0.2115 -0.2357 1.0047 166 118 70
-0.2054 -0.2357 1.0047 161 117 68
-0.1994 -0.2357 1.0047 162 118 69
-0.1934 -0.2357 1.0047 167 121 71
-0.1873 -0.2357 1.0047 161 115 65
-0.1813 -0.2357 1.0047 167 124 73
-0.1752 -0.2357 1.0047 161 118 67
-0.1692 -0.2357 1.0047 162 119 68
-0.1631 -0.2357 1.0047 160 117 66
-0.1571 -0.2357 1.0047 134 92 42
-0.1511 -0.2357 1.0047 165 123 73
-0.1450 -0.2357 1.0047 167 121 72
-0.1390 -0.2357 1.0048 162 116 66
-0.1329 -0.2357 1.0048 165 119 69
-0.1269 -0.2357 1.0048 163 117 68
-0.1209 -0.2357 1.0048 164 118 69
-0.1148 -0.2357 1.0048 167 123 74
-0.1088 -0.2357 1.0048 162 115 63
-0.1027 -0.2357 1.0048 167 126 72
-0.0967 -0.2357 1.0049 85 58 29
-0.0906 -0.2357 1.0049 96 69 42
-0.0846 -0.2357 1.0049 86 60 35
-0.0786 -0.2357 1.0049 91 64 35
-0.0725 -0.2357 1.0049 82 58 30
-0.0665 -0.2357 1.0049 91 63 39
-0.0604 -0.2357 1.0049 85 59 34
-0.0544 -0.2357 1.0049 85 61 35
-0.0484 -0.2357 1.0049 79 51 29
-0.0423 -0.2357 1.0049 89 65 39
-0.0363 -0.2357 1.0049 80 59 30
-0.0302 -0.2357 1.0049 89 63 38
-0.0242 -0.2357 1.0049 87 61 36
-0.0181 -0.2357 1.0049 82 56 33
-0.0121 -0.2357 1.0049 82 55 34
-0.0060 -0.2357 1.0049 85 61 37
0.0000 -0.2357 1.0049 82 58 32
0.0060 -0.2357 1.0049 93 62 41
0.0121 -0.2357 1.0049 92 62 36
0.0181 -0.2357 1.0049 87 60 39
0.0242 -0.2357 1.0049 90 64 39
0.0302 -0.2357 1.0049 79 55 31
0.0363 -0.2357 1.0049 84 60 34
0.0423 -0.2357 1.0050 85 61 37
0.0484 -0.2357 1.0050 80 58 34
0.0544 -0.2357 1.0050 79 55 29
0.0604 -0.2357 1.0050 82 56 31
0.0665 -0.2357 1.0050 87 63 37
0.0725 -0.2357 1.0050 81 57 31
0.0786 -0.2357 1.0050 83 62 35
0.0846 -0.2357 1.0050 83 59 35
0.0907 -0.2357 1.0049 93 65 28
0.0967 -0.2357 1.0049 87 61 38
0.1027 -0.2357 1.0049 162 121 69
0.1088 -0.2357 1.0049 167 119 70
0.1148 -0.2357 1.0049 166 120 70
0.1209 -0.2357 1.0049 166 120 71
0.1269 -0.2357 1.0049 166 122 73
0.1330 -0.2357 1.0049 162 118 69
0.1390 -0.2357 1.0049 164 118 69
0.1450 -0.2357 1.0049 162 119 68
0.1511 -0.2357 1.0049 168 125 72
0.1571 -0.2357 1.0048 165 122 71
0.1632 -0.2357 1.0048 162 118 69
0.1692 -0.2357 1.0048 169 125 76
0.1752 -0.2357 1.0048 132 90 42
0.1813 -0.2357 1.0048 157 111 61
0.1873 -0.2357 1.0048 164 112 62
0.1934 -0.2357 1.0048 170 119 72
0.1994 -0.2357 1.0048 158 115 64
0.2054 -0.2357 1.0048 167 128 73
0.2115 -0.2357 1.0047 163 119 70
0.2175 -0.2357 1.0047 159 117 69
0.2236 -0.2357 1.0047 165 119 70
0.2296 -0.2357 1.0047 159 111 63
0.2356 -0.2356 1.0047 166 120 71
0.2417 -0.2356 1.0047 168 125 74
0.2477 -0.2356 1.0047 168 120 74
0.2538 -0.2356 1.0047 163 120 69
0.2598 -0.2356 1.0046 158 114 69
0.2658 -0.2356 1.0046 172 124 75
0.2719 -0.2356 1.0046 163 115 66
0.2779 -0.2356 1.0046 169 123 73
0.2840 -0.2356 1.0046 162 119 68
0.2900 -0.2356 1.0046 163 117 65
0.2960 -0.2356 1.0046 160 115 73
0.3021 -0.2356 1.0046 158 114 65
0.3081 -0.2356 1.0046 153 107 58
0.3142 -0.2356 1.0046 156 107 64
0.3202 -0.2356 1.0046 150 106 61
0.3262 -0.2356 1.0045 148 105 60
0.3323 -0.2356 1.0045 151 104 60
0.3383 -0.2356 1.0045 152 105 63
0.3443 -0.2356 1.0045 149 105 60
0.3504 -0.2356 1.0045 146 105 59
0.3564 -0.2356 1.0045 152 109 64
0.3625 -0.2356 1.0045 155 114 68
0.3685 -0.2356 1.0045 151 109 61
0.3745 -0.2356 1.0045 147 100 56
0.3806 -0.2356 1.0045 153 106 62
0.3866 -0.2356 1.0045 146 99 55
0.3927 -0.2356 1.0045 144 99 57
0.3987 -0.2356 1.0045 149 102 60
0.4047 -0.2356 1.0045 153 108 66
0.4108 -0.2356 1.0045 148 104 59
0.4168 -0.2356 1.0045 152 108 61
0.4229 -0.2356 1.0045 147 103 58
0.4289 -0.2356 1.0045 153 106 62
0.4350 -0.2356 1.0045 150 106 59
0.4410 -0.2356 1.0045 149 106 63
0.4470 -0.2356 1.0045 147 99 53
0.4531 -0.2356 1.0045 144 99 57
0.4591 -0.2356 1.0045 142 98 51
0.4652 -0.2356 1.0045 158 114 69
0.4712 -0.2356 1.0046 154 109 67
0.4773 -0.2356 1.0046 156 111 69
0.4833 -0.2356 1.0046 156 112 65
0.4894 -0.2356 1.0046 153 106 62
0.4954 -0.2356 1.0046 169 122 70
0.5015 -0.2356 1.0047 165 118 72
0.5076 -0.2357 1.0047 142 98 49
0.5137 -0.2357 1.0048 158 118 67
0.5204 -0.2360 1.0062 149 131 111
0.5277 -0.2366 1.0085 130 154 190
0.5341 -0.2367 1.0092 131 160 190
0.5404 -0.2368 1.0095 129 160 191
0.5465 -0.2368 1.0096 127 153 186
0.5525 -0.2368 1.0096 129 152 186
0.5586 -0.2368 1.0097 130 156 189
0.5649 -0.2369 1.0099 127 153 186
0.5711 -0.2370 1.0102 128 152 188
0.5768 -0.2368 1.0096 126 152 187
-0.5812 -0.2422 1.0066 128 154 189
-0.5753 -0.2422 1.0069 118 144 177
-0.5693 -0.2423 1.0070 126 150 186
-0.5632 -0.2422 1.0070 128 154 189
-0.5570 -0.2422 1.0067 125 149 183
-0.5510 -0.2422 1.0068 124 151 181
-0.5449 -0.2422 1.0068 132 158 193
-0.5389 -0.2422 1.0068 125 152 181
-0.5329 -0.2422 1.0069 131 155 191
-0.5266 -0.2421 1.0064 129 153 191
-0.5198 -0.2418 1.0049 128 102 77
-0.5136 -0.2417 1.0046 140 98 48
-0.5075 -0.2417 1.0046 136 94 46
-0.5015 -0.2417 1.0046 134 92 44
-0.4954 -0.2417 1.0046 137 93 46
-0.4894 -0.2417 1.0046 139 94 52
-0.4833 -0.2417 1.0046 135 90 48
-0.4773 -0.2417 1.0045 141 98 56
-0.4712 -0.2417 1.0045 138 93 51
-0.4652 -0.2416 1.0045 138 96 54
-0.4591 -0.2416 1.0045 139 92 48
-0.4531 -0.2416 1.0045 139 95 50
-0.4470 -0.2416 1.0045 147 104 59
-0.4410 -0.2416 1.0044 132 90 42
-0.4349 -0.2416 1.0044 141 99 51
-0.4289 -0.2416 1.0044 139 94 53
-0.4228 -0.2416 1.0044 142 99 54
-0.4168 -0.2416 1.0044 135 95 46
-0.4108 -0.2416 1.0044 136 93 50
-0.4047 -0.2416 1.0044 131 88 46
-0.3987 -0.2416 1.0044 136 93 50
-0.3926 -0.2416 1.0044 139 96 51
-0.3866 -0.2416 1.0044 133 88 47
-0.3806 -0.2416 1.0044 132 89 46
-0.3745 -0.2416 1.0044 134 93 47
-0.3685 -0.2416 1.0044 134 89 47
-0.3624 -0.2416 1.0044 145 100 58
-0.3564 -0.2416 1.0045 134 89 48
-0.3504 -0.2416 1.0045 142 97 56
-0.3443 -0.2416 1.0045 140 94 58
-0.3383 -0.2416 1.0045 131 86 44
-0.3323 -0.2416 1.0045 140 95 56
-0.3262 -0.2416 1.0045 136 93 51
-0.3202 -0.2417 1.0045 135 91 46
-0.3141 -0.2417 1.0045 139 98 54
-0.3081 -0.2417 1.0045 137 92 51
-0.3021 -0.2417 1.0046 135 91 42
-0.2960 -0.2417 1.0046 136 94 46
-0.2900 -0.2417 1.0046 133 89 40
-0.2840 -0.2417 1.0046 135 93 43
-0.2779 -0.2417 1.0046 141 98 53
-0.2719 -0.2417 1.0046 138 94 49
-0.2658 -0.2417 1.0046 148 105 60
-0.2598 -0.2417 1.0046 136 95 49
-0.2538 -0.2417 1.0046 139 95 50
-0.2477 -0.2417 1.0046 142 99 48
-0.2417 -0.2417 1.0047 132 90 50
-0.2356 -0.2417 1.0047 140 99 47
-0.2296 -0.2417 1.0047 136 94 46
-0.2236 -0.2417 1.0047 140 100 51
-0.2175 -0.2417 1.0047 130 87 42
-0.2115 -0.2417 1.0047 135 86 43
-0.2054 -0.2417 1.0047 139 90 49
-0.1994 -0.2417 1.0047 134 91 46
-0.1933 -0.2417 1.0047 129 86 43
-0.1873 -0.2417 1.0047 144 100 53
-0.1813 -0.2417 1.0047 135 92 41
-0.1752 -0.2417 1.0047 142 98 53
-0.1692 -0.2417 1.0047 143 97 48
-0.1631 -0.2417 1.0047 139 92 46
-0.1571 -0.2417 1.0047 134 93 49
-0.1511 -0.2417 1.0047 134 90 43
-0.1450 -0.2417 1.0047 142 99 54
-0.1390 -0.2417 1.0047 136 93 48
-0.1329 -0.2417 1.0047 137 90 44
-0.1269 -0.2417 1.0047 144 101 56
-0.1209 -0.2417 1.0048 146 105 59
-0.1148 -0.2417 1.0048 139 92 46
-0.1088 -0.2417 1.0048 132 88 43
-0.1027 -0.2417 1.0048 136 90 40
-0.0967 -0.2417 1.0048 124 94 58
-0.0906 -0.2417 1.0048 127 95 70
-0.0846 -0.2417 1.0049 125 96 62
-0.0786 -0.2417 1.0049 126 93 58
-0.0725 -0.2417 1.0049 131 101 67
-0.0665 -0.2417 1.0049 122 88 63
-0.0604 -0.2417 1.0049 131 97 69
-0.0544 -0.2417 1.0049 133 102 71
-0.0483 -0.2417 1.0049 125 94 66
-0.0423 -0.2417 1.0049 128 94 67
-0.0363 -0.2417 1.0049 132 101 72
-0.0302 -0.2417 1.0049 121 92 62
-0.0242 -0.2417 1.0049 125 94 65
-0.0181 -0.2417 1.0049 128 98 70
-0.0121 -0.2417 1.0049 132 102 74
-0.0060 -0.2417 1.0049 127 98 68
0.0000 -0.2417 1.0049 128 99 67
0.0060 -0.2417 1.0049 128 97 76
0.0121 -0.2417 1.0049 134 104 68
0.0181 -0.2417 1.0049 120 95 64
0.0242 -0.2417 1.0049 126 100 67
0.0302 -0.2417 1.0049 129 96 65
0.0363 -0.2417 1.0049 138 105 74
0.0423 -0.2418 1.0049 128 99 67
0.0484 -0.2418 1.0050 128 97 68
0.0544 -0.2418 1.0050 137 106 75
0.0604 -0.2418 1.0050 129 100 68
0.0665 -0.2418 1.0050 129 98 67
0.0725 -0.2418 1.0050 124 94 66
0.0786 -0.2418 1.0050 128 98 72
0.0846 -0.2418 1.0049 126 97 67
0.0907 -0.2417 1.0049 128 96 58
0.0967 -0.2417 1.0049 130 98 73
0.1027 -0.2417 1.0049 135 93 43
0.1088 -0.2417 1.0049 142 95 49
0.1148 -0.2417 1.0049 141 99 49
0.1209 -0.2417 1.0049 141 97 50
0.1269 -0.2417 1.0049 142 98 51
0.1330 -0.2417 1.0049 138 94 49
0.1390 -0.2417 1.0049 129 85 38
0.1450 -0.2417 1.0049 139 91 43
0.1511 -0.2417 1.0048 136 89 45
0.1571 -0.2417 1.0048 137 93 46
0.1632 -0.2417 1.0048 143 99 50
0.1692 -0.2417 1.0048 138 96 48
0.1752 -0.2417 1.0048 139 98 54
0.1813 -0.2417 1.0048 144 103 51
0.1873 -0.2417 1.0048 136 89 43
0.1934 -0.2417 1.0048 138 100 53
0.1994 -0.2417 1.0047 137 90 46
0.2054 -0.2417 1.0047 140 96 49
0.2115 -0.2417 1.0047 141 99 51
0.2175 -0.2417 1.0047 129 85 38
0.2236 -0.2417 1.0047 147 103 56
0.2296 -0.2417 1.0047 144 100 53
0.2356 -0.2417 1.0047 138 94 47
0.2417 -0.2417 1.0046 137 94 49
0.2477 -0.2417 1.0046 149 102 56
0.2538 -0.2417 1.0046 139 92 48
0.2598 -0.2417 1.0046 136 95 49
0.2658 -0.2417 1.0046 142 95 49
0.2719 -0.2417 1.0046 135 93 45
0.2779 -0.2417 1.0046 132 90 42
0.2840 -0.2417 1.0046 140 93 49
0.2900 -0.2417 1.0046 140 96 49
0.2960 -0.2417 1.0046 141 98 53
0.3021 -0.2417 1.0045 135 92 47
0.3081 -0.2417 1.0045 140 93 51
0.3141 -0.2417 1.0045 136 93 51
0.3202 -0.2417 1.0045 139 96 51
0.3262 -0.2416 1.0045 135 92 49
0.3323 -0.2416 1.0045 133 90 48
0.3383 -0.2416 1.0045 138 93 51
0.3443 -0.2416 1.0045 135 92 50
0.3504 -0.2416 1.0045 136 94 46
0.3564 -0.2416 1.0045 136 93 50
0.3625 -0.2416 1.0045 136 92 47
0.3685 -0.2416 1.0045 140 92 52
0.3745 -0.2416 1.0044 138 92 43
0.3806 -0.2416 1.0044 140 95 53
0.3866 -0.2416 1.0044 144 101 59
0.3927 -0.2416 1.0044 138 100 53
0.3987 -0.2416 1.0044 135 91 46
0.4047 -0.2416 1.0044 141 98 55
0.4108 -0.2416 1.0044 133 90 48
0.4168 -0.2416 1.0044 136 98 53
0.4229 -0.2416 1.0044 135 97 52
0.4289 -0.2416 1.0045 131 88 46
0.4349 -0.2416 1.0045 137 94 52
0.4410 -0.2416 1.0045 138 98 49
0.4470 -0.2416 1.0045 136 96 47
0.4531 -0.2416 1.0045 137 94 49
0.4591 -0.2416 1.0045 139 96 53
0.4652 -0.2416 1.0045 149 106 64
0.4712 -0.2417 1.0045 136 91 50
0.4773 -0.2417 1.0046 136 91 50
0.4833 -0.2417 1.0046 137 96 50
0.4894 -0.2417 1.0046 136 93 48
0.4954 -0.2417 1.0046 141 97 48
0.5015 -0.2417 1.0047 138 94 45
0.5076 -0.2417 1.0047 137 94 51
0.5137 -0.2417 1.0048 144 99 57
0.5202 -0.2420 1.0059 114 97 79
0.5273 -0.2425 1.0079 132 158 195
0.5337 -0.2426 1.0085 127 147 180
0.5399 -0.2427 1.0088 126 155 185
0.5460 -0.2427 1.0087 129 153 187
0.5521 -0.2427 1.0088 125 149 183
0.5582 -0.2427 1.0089 124 154 190
0.5644 -0.2428 1.0091 131 157 192
0.5705 -0.2428 1.0092 127 153 186
0.5763 -0.2427 1.0087 127 151 185
-0.5811 -0.2482 1.0065 126 153 183
-0.5752 -0.2482 1.0067 128 155 184
-0.5692 -0.2483 1.0068 125 150 181
-0.5631 -0.2482 1.0067 131 155 189
-0.5569 -0.2482 1.0065 123 146 178
-0.5509 -0.2482 1.0066 131 153 192
-0.5448 -0.2482 1.0066 123 148 179
-0.5388 -0.2482 1.0066 130 150 187
-0.5327 -0.2482 1.0066 133 156 187
-0.5265 -0.2481 1.0062 128 151 183
-0.5198 -0.2478 1.0050 150 123 94
-0.5136 -0.2477 1.0047 166 125 73
-0.5075 -0.2477 1.0047 167 123 74
-0.5015 -0.2477 1.0047 174 130 81
-0.4955 -0.2477 1.0047 165 121 72
-0.4894 -0.2477 1.0046 138 95 50
-0.4833 -0.2477 1.0046 151 104 58
-0.4773 -0.2477 1.0046 154 110 65
-0.4712 -0.2477 1.0045 150 107 64
-0.4652 -0.2477 1.0045 157 110 64
-0.4591 -0.2477 1.0045 146 103 60
-0.4531 -0.2477 1.0045 143 98 56
-0.4470 -0.2477 1.0045 147 102 60
-0.4410 -0.2477 1.0045 149 105 60
-0.4349 -0.2477 1.0045 148 104 59
-0.4289 -0.2477 1.0044 153 105 65
-0.4228 -0.2477 1.0044 141 98 53
-0.4168 -0.2477 1.0044 156 112 67
-0.4108 -0.2477 1.0044 149 105 60
-0.4047 -0.2477 1.0044 150 107 64
-0.3987 -0.2477 1.0044 152 108 63
-0.3926 -0.2477 1.0044 151 107 62
-0.3866 -0.2477 1.0044 154 107 63
-0.3806 -0.2477 1.0044 156 112 67
-0.3745 -0.2477 1.0044 152 110 62
-0.3685 -0.2477 1.0044 144 101 56
-0.3625 -0.2477 1.0045 146 101 59
-0.3564 -0.2477 1.0045 154 110 65
-0.3504 -0.2477 1.0045 145 101 54
-0.3443 -0.2477 1.0045 142 98 49
-0.3383 -0.2477 1.0045 150 108 60
-0.3323 -0.2477 1.0045 144 100 53
-0.3262 -0.2477 1.0045 148 104 59
-0.3202 -0.2477 1.0045 149 107 65
-0.3142 -0.2477 1.0045 142 97 55
-0.3081 -0.2477 1.0046 157 113 64
-0.3021 -0.2477 1.0046 162 119 68
-0.2960 -0.2477 1.0046 151 108 57
-0.2900 -0.2477 1.0046 157 114 63
-0.2840 -0.2477 1.0046 158 115 64
-0.2779 -0.2477 1.0046 167 123 74
-0.2719 -0.2477 1.0046 171 123 75
-0.2658 -0.2477 1.0046 163 117 67
-0.2598 -0.2477 1.0046 157 111 62
-0.2538 -0.2477 1.0046 168 122 73
-0.2477 -0.2477 1.0046 164 118 69
-0.2417 -0.2477 1.0047 164 121 76
-0.2356 -0.2477 1.0047 163 121 61
-0.2296 -0.2477 1.0047 167 121 71
-0.2236 -0.2477 1.0047 166 121 66
-0.2175 -0.2477 1.0047 163 117 68
-0.2115 -0.2477 1.0047 163 117 68
-0.2054 -0.2477 1.0047 165 119 70
-0.1994 -0.2477 1.0047 167 123 74
-0.1934 -0.2477 1.0047 165 118 72
-0.1873 -0.2477 1.0047 165 118 72
-0.1813 -0.2477 1.0047 158 112 62
-0.1752 -0.2477 1.0047 166 120 71
-0.1692 -0.2477 1.0047 163 113 62
-0.1631 -0.2477 1.0047 160 120 69
-0.1571 -0.2477 1.0047 141 98 53
-0.1511 -0.2477 1.0047 169 119 70
-0.1450 -0.2477 1.0047 163 117 65
-0.1390 -0.2477 1.0047 171 125 73
-0.1329 -0.2477 1.0047 169 126 73
-0.1269 -0.2477 1.0047 169 126 75
-0.1209 -0.2478 1.0048 162 116 67
-0.1148 -0.2478 1.0048 160 117 66
-0.1088 -0.2478 1.0048 158 110 62
-0.1027 -0.2478 1.0048 166 125 73
-0.0967 -0.2478 1.0048 93 63 35
-0.0906 -0.2478 1.0049 90 61 45
-0.0846 -0.2478 1.0049 88 62 35
-0.0786 -0.2478 1.0049 93 63 39
-0.0725 -0.2478 1.0049 89 61 37
-0.0665 -0.2478 1.0049 80 59 28
-0.0604 -0.2478 1.0049 78 61 33
-0.0544 -0.2478 1.0049 86 65 36
-0.0483 -0.2478 1.0049 83 57 30
-0.0423 -0.2478 1.0049 91 63 39
-0.0363 -0.2478 1.0049 89 63 38
-0.0302 -0.2478 1.0049 82 56 31
-0.0242 -0.2478 1.0049 89 63 38
-0.0181 -0.2478 1.0049 91 67 41
-0.0121 -0.2478 1.0049 84 60 32
-0.0060 -0.2478 1.0049 83 59 31
0.0000 -0.2478 1.0049 90 62 40
0.0060 -0.2478 1.0049 82 54 30
0.0121 -0.2478 1.0049 85 54 25
0.0181 -0.2478 1.0049 84 60 34
0.0242 -0.2478 1.0049 85 64 37
0.0302 -0.2478 1.0049 85 63 39
0.0363 -0.2478 1.0049 90 64 39
0.0423 -0.2478 1.0049 86 65 38
0.0484 -0.2478 1.0049 88 61 40
0.0544 -0.2478 1.0049 87 59 38
0.0604 -0.2478 1.0049 82 54 33
0.0665 -0.2478 1.0049 88 60 38
0.0725 -0.2478 1.0049 96 70 47
0.0786 -0.2478 1.0049 85 61 37
0.0846 -0.2478 1.0049 82 58 32
0.0907 -0.2478 1.0049 92 61 32
0.0967 -0.2478 1.0049 81 55 30
0.1027 -0.2478 1.0049 165 121 74
0.1088 -0.2478 1.0049 161 117 70
0.1148 -0.2478 1.0049 166 123 70
0.1209 -0.2478 1.0049 171 125 76
0.1269 -0.2478 1.0049 167 119 71
0.1330 -0.2478 1.0049 167 120 74
0.1390 -0.2478 1.0049 170 126 77
0.1450 -0.2478 1.0049 164 118 68
0.1511 -0.2478 1.0049 165 117 69
0.1571 -0.2478 1.0048 166 120 70
0.1632 -0.2478 1.0048 168 125 72
0.1692 -0.2478 1.0048 158 115 64
0.1752 -0.2478 1.0048 139 96 51
0.1813 -0.2478 1.0048 165 122 71
0.1873 -0.2478 1.0048 168 121 77
0.1934 -0.2478 1.0048 164 121 70
0.1994 -0.2478 1.0048 168 118 67
0.2054 -0.2477 1.0047 163 120 65
0.2115 -0.2477 1.0047 163 120 65
0.2175 -0.2477 1.0047 160 114 65
0.2236 -0.2477 1.0047 164 120 71
0.2296 -0.2477 1.0047 157 113 64
0.2356 -0.2477 1.0047 167 121 72
0.2417 -0.2477 1.0047 164 119 64
0.2477 -0.2477 1.0046 167 122 65
0.2538 -0.2477 1.0046 168 121 75
0.2598 -0.2477 1.0046 158 114 69
0.2658 -0.2477 1.0046 167 121 71
0.2719 -0.2477 1.0046 166 120 70
0.2779 -0.2477 1.0046 170 122 74
0.2840 -0.2477 1.0046 168 120 72
0.2900 -0.2477 1.0046 166 120 70
0.2960 -0.2477 1.0046 164 120 71
0.3021 -0.2477 1.0046 161 118 67
0.3081 -0.2477 1.0046 150 106 59
0.3142 -0.2477 1.0045 143 100 55
0.3202 -0.2477 1.0045 149 107 59
0.3262 -0.2477 1.0045 154 110 65
0.3323 -0.2477 1.0045 151 107 62
0.3383 -0.2477 1.0045 150 106 57
0.3443 -0.2477 1.0045 154 110 65
0.3504 -0.2477 1.0045 153 106 60
0.3564 -0.2477 1.0045 149 99 62
0.3625 -0.2477 1.0045 154 112 62
0.3685 -0.2477 1.0045 151 108 63
0.3745 -0.2477 1.0044 140 95 53
0.3806 -0.2477 1.0044 148 104 59
0.3866 -0.2477 1.0045 143 100 57
0.3927 -0.2477 1.0045 146 105 59
0.3987 -0.2477 1.0044 148 104 59
0.4047 -0.2477 1.0044 147 102 60
0.4108 -0.2477 1.0044 149 106 63
0.4168 -0.2477 1.0044 152 116 66
0.4229 -0.2477 1.0045 145 108 56
0.4289 -0.2477 1.0045 147 105 63
0.4349 -0.2477 1.0045 150 105 63
0.4410 -0.2477 1.0045 150 101 58
0.4470 -0.2477 1.0045 155 106 63
0.4531 -0.2477 1.0045 156 107 64
0.4591 -0.2477 1.0045 146 102 57
0.4652 -0.2477 1.0045 144 100 55
0.4712 -0.2477 1.0046 156 112 67
0.4773 -0.2477 1.0046 156 112 67
0.4833 -0.2477 1.0046 145 101 54
0.4894 -0.2477 1.0046 154 108 59
0.4954 -0.2477 1.0046 160 114 64
0.5015 -0.2477 1.0047 166 120 70
0.5076 -0.2477 1.0047 143 99 54
0.5137 -0.2478 1.0048 167 120 74
0.5201 -0.2480 1.0057 140 124 101
0.5270 -0.2484 1.0072 125 149 183
0.5334 -0.2485 1.0079 126 149 183
0.5396 -0.2486 1.0081 125 154 186
0.5456 -0.2486 1.0080 124 148 182
0.5517 -0.2486 1.0082 128 151 185
0.5579 -0.2486 1.0082 126 148 187
0.5640 -0.2487 1.0085 124 150 183
0.5701 -0.2487 1.0085 135 158 190
0.5760 -0.2486 1.0081 125 150 181
-0.5810 -0.2542 1.0064 129 155 188
-0.5751 -0.2542 1.0065 132 157 188
-0.5691 -0.2543 1.0066 134 158 192
-0.5630 -0.2543 1.0066 125 148 182
-0.5569 -0.2542 1.0065 120 149 181
-0.5508 -0.2542 1.0064 120 151 182
-0.5447 -0.2542 1.0064 121 150 184
-0.5387 -0.2542 1.0064 131 158 188
-0.5326 -0.2542 1.0064 127 152 183
-0.5264 -0.2541 1.0060 127 150 182
-0.5199 -0.2539 1.0051 153 126 99
-0.5136 -0.2538 1.0047 162 121 69
-0.5076 -0.2538 1.0047 158 112 63
-0.5015 -0.2538 1.0047 163 117 67
-0.4955 -0.2538 1.0047 171 125 75
-0.4894 -0.2538 1.0046 136 93 48
-0.4833 -0.2537 1.0046 139 97 49
-0.4773 -0.2537 1.0045 147 102 60
-0.4712 -0.2537 1.0045 145 97 57
-0.4652 -0.2537 1.0045 147 103 54
-0.4591 -0.2537 1.0045 153 108 66
-0.4531 -0.2537 1.0045 144 99 57
-0.4470 -0.2537 1.0045 148 101 59
-0.4410 -0.2537 1.0045 153 106 64
-0.4349 -0.2537 1.0045 149 102 60
-0.4289 -0.2537 1.0044 150 105 63
-0.4228 -0.2537 1.0044 147 100 58
-0.4168 -0.2537 1.0044 146 99 57
-0.4108 -0.2537 1.0044 153 109 64
-0.4047 -0.2537 1.0044 152 105 61
-0.3987 -0.2537 1.0044 148 99 56
-0.3926 -0.2537 1.0044 146 102 55
-0.3866 -0.2537 1.0044 150 104 55
-0.3806 -0.2537 1.0044 147 103 54
-0.3745 -0.2537 1.0044 150 108 60
-0.3685 -0.2537 1.0044 147 104 59
-0.3624 -0.2537 1.0044 147 103 58
-0.3564 -0.2537 1.0045 155 111 64
-0.3504 -0.2537 1.0045 156 109 65
-0.3443 -0.2537 1.0045 150 105 64
-0.3383 -0.2537 1.0045 149 103 67
-0.3323 -0.2537 1.0045 145 101 54
-0.3262 -0.2537 1.0045 150 107 62
-0.3202 -0.2537 1.0045 155 108 66
-0.3141 -0.2537 1.0045 147 103 64
-0.3081 -0.2537 1.0045 152 110 60
-0.3021 -0.2537 1.0045 163 122 70
-0.2960 -0.2537 1.0046 161 117 68
-0.2900 -0.2537 1.0046 161 115 65
-0.2840 -0.2537 1.0046 160 114 64
-0.2779 -0.2538 1.0046 171 125 75
-0.2719 -0.2538 1.0046 174 127 75
-0.2658 -0.2538 1.0046 162 117 62
-0.2598 -0.2538 1.0046 169 123 73
-0.2538 -0.2538 1.0046 163 120 69
-0.2477 -0.2538 1.0046 165 121 74
-0.2417 -0.2538 1.0046 165 122 80
-0.2356 -0.2538 1.0046 170 126 77
-0.2296 -0.2538 1.0046 162 118 73
-0.2236 -0.2538 1.0046 156 110 61
-0.2175 -0.2538 1.0046 164 116 68
-0.2115 -0.2538 1.0046 164 118 69
-0.2054 -0.2538 1.0047 161 118 67
-0.1994 -0.2538 1.0047 165 119 69
-0.1933 -0.2538 1.0047 168 120 71
-0.1873 -0.2538 1.0047 174 126 77
-0.1813 -0.2538 1.0047 163 115 66
-0.1752 -0.2538 1.0047 164 116 67
-0.1692 -0.2538 1.0047 171 128 75
-0.1631 -0.2538 1.0047 162 118 69
-0.1571 -0.2538 1.0047 136 96 47
-0.1511 -0.2538 1.0047 167 121 69
-0.1450 -0.2538 1.0047 162 114 66
-0.1390 -0.2538 1.0047 169 122 78
-0.1329 -0.2538 1.0047 163 121 73
-0.1269 -0.2538 1.0047 168 124 79
-0.1209 -0.2538 1.0047 162 118 71
-0.1148 -0.2538 1.0048 171 121 72
-0.1088 -0.2538 1.0048 158 115 64
-0.1027 -0.2538 1.0048 159 113 64
-0.0967 -0.2538 1.0048 83 57 30
-0.0906 -0.2538 1.0048 82 58 32
-0.0846 -0.2538 1.0049 83 62 33
-0.0786 -0.2538 1.0049 87 61 36
-0.0725 -0.2538 1.0049 84 60 32
-0.0665 -0.2538 1.0049 86 55 35
-0.0604 -0.2538 1.0049 92 60 37
-0.0544 -0.2538 1.0049 86 58 34
-0.0483 -0.2538 1.0049 84 62 38
-0.0423 -0.2538 1.0049 83 59 31
-0.0363 -0.2538 1.0049 86 62 36
-0.0302 -0.2538 1.0049 83 59 35
-0.0242 -0.2538 1.0049 85 59 34
-0.0181 -0.2538 1.0049 82 56 33
-0.0121 -0.2538 1.0049 83 59 33
-0.0060 -0.2538 1.0049 90 64 39
0.0000 -0.2538 1.0049 84 60 34
0.0060 -0.2538 1.0049 88 63 41
0.0121 -0.2538 1.0049 82 53 23
0.0181 -0.2538 1.0049 85 63 39
0.0242 -0.2538 1.0049 89 61 37
0.0302 -0.2538 1.0049 94 68 43
0.0363 -0.2538 1.0049 89 62 33
0.0423 -0.2538 1.0049 83 57 30
0.0483 -0.2538 1.0049 90 66 40
0.0544 -0.2538 1.0049 89 61 37
0.0604 -0.2538 1.0049 85 57 33
0.0665 -0.2538 1.0049 81 53 29
0.0725 -0.2538 1.0049 85 59 36
0.0786 -0.2538 1.0049 79 57 33
0.0846 -0.2538 1.0049 82 58 30
0.0907 -0.2538 1.0049 94 62 37
0.0967 -0.2538 1.0049 83 61 37
0.1027 -0.2538 1.0049 170 123 77
0.1088 -0.2538 1.0049 169 125 78
0.1148 -0.2538 1.0049 166 119 65
0.1209 -0.2538 1.0049 166 122 73
0.1269 -0.2538 1.0049 162 116 66
0.1330 -0.2538 1.0049 169 121 72
0.1390 -0.2538 1.0049 169 121 73
0.1450 -0.2538 1.0049 165 121 72
0.1511 -0.2538 1.0049 159 112 68
0.1571 -0.2538 1.0048 167 119 73
0.1632 -0.2538 1.0048 169 125 78
0.1692 -0.2538 1.0048 164 118 66
0.1752 -0.2538 1.0048 132 85 41
0.1813 -0.2538 1.0048 168 122 72
0.1873 -0.2538 1.0048 158 112 63
0.1934 -0.2538 1.0048 170 124 75
0.1994 -0.2538 1.0047 172 125 79
0.2054 -0.2538 1.0047 160 118 68
0.2115 -0.2538 1.0047 162 115 69
0.2175 -0.2538 1.0047 164 118 68
0.2236 -0.2538 1.0047 166 120 70
0.2296 -0.2538 1.0047 165 119 69
0.2356 -0.2538 1.0046 163 117 67
0.2417 -0.2538 1.0046 168 122 70
0.2477 -0.2538 1.0046 167 124 69
0.2538 -0.2538 1.0046 154 114 63
0.2598 -0.2538 1.0046 167 123 76
0.2658 -0.2537 1.0046 164 121 68
0.2719 -0.2537 1.0046 168 125 74
0.2779 -0.2537 1.0046 166 120 70
0.2839 -0.2537 1.0046 162 119 68
0.2900 -0.2537 1.0046 170 124 72
0.2960 -0.2537 1.0045 166 120 71
0.3021 -0.2537 1.0045 169 123 73
0.3081 -0.2537 1.0045 146 102 55
0.3141 -0.2537 1.0045 151 106 64
0.3202 -0.2537 1.0045 151 107 60
0.3262 -0.2537 1.0045 148 103 61
0.3323 -0.2537 1.0045 145 101 56
0.3383 -0.2537 1.0045 143 99 52
0.3443 -0.2537 1.0045 154 109 68
0.3504 -0.2537 1.0045 150 106 57
0.3564 -0.2537 1.0045 162 113 72
0.3624 -0.2537 1.0044 147 104 61
0.3685 -0.2537 1.0044 147 105 55
0.3745 -0.2537 1.0044 149 105 58
0.3806 -0.2537 1.0044 141 93 55
0.3866 -0.2537 1.0044 148 101 59
0.3926 -0.2537 1.0044 152 109 66
0.3987 -0.2537 1.0044 157 110 66
0.4047 -0.2537 1.0044 148 101 57
0.4108 -0.2537 1.0044 149 102 56
0.4168 -0.2537 1.0044 151 109 61
0.4228 -0.2537 1.0044 145 101 54
0.4289 -0.2537 1.0044 146 98 58
0.4349 -0.2537 1.0044 148 105 62
0.4410 -0.2537 1.0044 156 112 67
0.4470 -0.2537 1.0044 153 106 62
0.4531 -0.2537 1.0045 153 109 64
0.4591 -0.2537 1.0045 151 107 62
0.4652 -0.2537 1.0045 149 100 57
0.4712 -0.2537 1.0045 144 97 53
0.4773 -0.2537 1.0045 148 104 59
0.4833 -0.2537 1.0046 150 106 59
0.4894 -0.2538 1.0046 144 100 51
0.4954 -0.2538 1.0046 169 123 71
0.5015 -0.2538 1.0047 159 116 65
0.5076 -0.2538 1.0047 144 97 51
0.5137 -0.2538 1.0049 163 119 70
0.5201 -0.2540 1.0055 142 121 102
0.5267 -0.2543 1.0067 130 152 189
0.5331 -0.2544 1.0073 126 150 186
0.5392 -0.2545 1.0075 128 154 189
0.5453 -0.2545 1.0075 130 153 187
0.5515 -0.2545 1.0077 130 154 188
0.5576 -0.2545 1.0077 123 152 186
0.5637 -0.2546 1.0079 138 161 195
0.5698 -0.2546 1.0080 132 152 185
0.5757 -0.2545 1.0076 129 154 185
-0.5810 -0.2602 1.0063 129 153 189
-0.5750 -0.2603 1.0064 127 151 185
-0.5690 -0.2603 1.0065 128 152 188
-0.5629 -0.2603 1.0064 121 145 181
-0.5568 -0.2603 1.0064 129 152 186
-0.5507 -0.2602 1.0063 134 157 189
-0.5446 -0.2602 1.0062 127 149 186
-0.5386 -0.2602 1.0062 129 152 186
-0.5325 -0.2602 1.0062 128 155 185
-0.5263 -0.2601 1.0058 127 152 183
-0.5199 -0.2600 1.0052 154 127 100
-0.5136 -0.2598 1.0047 168 125 74
-0.5075 -0.2598 1.0047 168 122 73
-0.5015 -0.2598 1.0047 170 124 74
-0.4955 -0.2598 1.0047 171 125 75
-0.4894 -0.2598 1.0046 139 95 50
-0.4833 -0.2598 1.0046 153 106 64
-0.4773 -0.2598 1.0046 149 104 62
-0.4712 -0.2598 1.0045 154 110 65
-0.4652 -0.2598 1.0045 151 102 59
-0.4591 -0.2598 1.0045 152 108 63
-0.4531 -0.2598 1.0045 152 108 63
-0.4470 -0.2598 1.0045 148 104 59
-0.4410 -0.2598 1.0045 152 108 63
-0.4349 -0.2598 1.0045 153 106 64
-0.4289 -0.2598 1.0045 144 102 54
-0.4229 -0.2598 1.0044 154 107 65
-0.4168 -0.2598 1.0044 151 106 64
-0.4108 -0.2597 1.0044 148 105 60
-0.4047 -0.2597 1.0044 159 112 70
-0.3987 -0.2597 1.0044 152 103 62
-0.3926 -0.2597 1.0044 144 99 57
-0.3866 -0.2597 1.0044 144 102 54
-0.3806 -0.2597 1.0044 150 106 59
-0.3745 -0.2597 1.0044 141 97 52
-0.3685 -0.2598 1.0044 157 110 66
-0.3624 -0.2598 1.0044 152 109 67
-0.3564 -0.2598 1.0044 148 103 62
-0.3504 -0.2598 1.0045 147 100 56
-0.3443 -0.2598 1.0045 152 108 63
-0.3383 -0.2598 1.0045 146 105 61
-0.3323 -0.2598 1.0045 149 104 63
-0.3262 -0.2598 1.0045 147 103 58
-0.3202 -0.2598 1.0045 154 114 65
-0.3141 -0.2598 1.0045 150 105 63
-0.3081 -0.2598 1.0045 154 111 66
-0.3021 -0.2598 1.0045 169 126 75
-0.2960 -0.2598 1.0045 166 122 75
-0.2900 -0.2598 1.0046 170 123 79
-0.2840 -0.2598 1.0046 164 117 73
-0.2779 -0.2598 1.0046 162 115 71
-0.2719 -0.2598 1.0046 161 117 68
-0.2658 -0.2598 1.0046 165 121 74
-0.2598 -0.2598 1.0046 166 120 70
-0.2538 -0.2598 1.0046 161 115 66
-0.2477 -0.2598 1.0046 163 120 67
-0.2417 -0.2598 1.0046 163 119 72
-0.2356 -0.2598 1.0046 167 124 73
-0.2296 -0.2598 1.0046 163 119 72
-0.2235 -0.2598 1.0046 165 119 67
-0.2175 -0.2598 1.0046 165 118 72
-0.2115 -0.2598 1.0046 167 121 71
-0.2054 -0.2598 1.0046 159 113 61
-0.1994 -0.2598 1.0046 163 117 67
-0.1933 -0.2598 1.0046 161 115 65
-0.1873 -0.2598 1.0046 174 128 78
-0.1813 -0.2598 1.0046 162 116 66
-0.1752 -0.2598 1.0046 171 125 75
-0.1692 -0.2598 1.0046 171 123 74
-0.1631 -0.2598 1.0046 161 119 71
-0.1571 -0.2598 1.0047 136 94 46
-0.1511 -0.2598 1.0047 162 115 63
-0.1450 -0.2598 1.0047 165 124 70
-0.1390 -0.2598 1.0047 159 116 65
-0.1329 -0.2598 1.0047 163 117 65
-0.1269 -0.2598 1.0047 166 120 70
-0.1208 -0.2598 1.0047 165 119 70
-0.1148 -0.2598 1.0047 164 120 71
-0.1088 -0.2598 1.0048 166 115 72
-0.1027 -0.2598 1.0048 162 119 68
-0.0967 -0.2598 1.0048 93 65 41
-0.0906 -0.2599 1.0048 89 63 38
-0.0846 -0.2599 1.0049 92 68 42
-0.0786 -0.2599 1.0049 83 56 35
-0.0725 -0.2599 1.0049 76 50 23
-0.0665 -0.2599 1.0049 85 60 38
-0.0604 -0.2599 1.0049 81 60 31
-0.0544 -0.2599 1.0049 77 51 24
-0.0483 -0.2599 1.0049 90 66 40
-0.0423 -0.2599 1.0049 82 58 32
-0.0363 -0.2599 1.0048 90 69 40
-0.0302 -0.2599 1.0048 84 58 31
-0.0242 -0.2599 1.0048 87 63 37
-0.0181 -0.2599 1.0048 84 62 38
-0.0121 -0.2599 1.0048 85 66 36
-0.0060 -0.2599 1.0048 83 62 35
0.0000 -0.2599 1.0048 83 59 31
0.0060 -0.2599 1.0048 87 63 35
0.0121 -0.2599 1.0048 92 63 31
0.0181 -0.2599 1.0048 82 62 37
0.0242 -0.2599 1.0048 83 62 35
0.0302 -0.2599 1.0048 81 53 31
0.0363 -0.2599 1.0048 82 58 32
0.0423 -0.2599 1.0049 88 66 42
0.0483 -0.2599 1.0049 80 60 35
0.0544 -0.2599 1.0049 83 63 38
0.0604 -0.2599 1.0049 83 61 38
0.0665 -0.2599 1.0049 80 60 35
0.0725 -0.2599 1.0049 87 59 38
0.0786 -0.2599 1.0049 82 56 33
0.0846 -0.2599 1.0049 76 52 24
0.0906 -0.2599 1.0049 93 62 34
0.0967 -0.2599 1.0049 90 62 38
0.1027 -0.2599 1.0049 155 115 66
0.1088 -0.2599 1.0049 161 117 70
0.1148 -0.2599 1.0049 164 121 68
0.1209 -0.2599 1.0049 166 120 71
0.1269 -0.2599 1.0049 169 123 73
0.1330 -0.2599 1.0049 164 118 68
0.1390 -0.2599 1.0049 152 106 57
0.1450 -0.2599 1.0049 167 124 71
0.1511 -0.2599 1.0048 168 127 75
0.1571 -0.2599 1.0048 166 125 71
0.1632 -0.2599 1.0048 168 123 68
0.1692 -0.2599 1.0048 164 121 70
0.1752 -0.2599 1.0048 138 95 50
0.1813 -0.2598 1.0048 155 116 59
0.1873 -0.2598 1.0048 167 125 75
0.1934 -0.2598 1.0048 167 124 73
0.1994 -0.2598 1.0047 158 115 62
0.2054 -0.2598 1.0047 168 125 72
0.2115 -0.2598 1.0047 146 103 50
0.2175 -0.2598 1.0047 167 125 75
0.2236 -0.2598 1.0047 168 124 75
0.2296 -0.2598 1.0046 171 125 75
0.2356 -0.2598 1.0046 167 124 73
0.2417 -0.2598 1.0046 163 119 72
0.2477 -0.2598 1.0046 160 117 66
0.2537 -0.2598 1.0046 159 115 68
0.2598 -0.2598 1.0046 170 124 74
0.2658 -0.2598 1.0045 166 120 70
0.2719 -0.2598 1.0045 163 120 69
0.2779 -0.2598 1.0045 166 125 73
0.2839 -0.2598 1.0045 160 117 66
0.2900 -0.2598 1.0045 164 120 73
0.2960 -0.2598 1.0045 167 121 71
0.3021 -0.2598 1.0045 165 119 69
0.3081 -0.2598 1.0045 148 104 59
0.3141 -0.2598 1.0045 150 107 64
0.3202 -0.2598 1.0045 148 105 60
0.3262 -0.2598 1.0045 152 109 64
0.3322 -0.2598 1.0045 142 101 55
0.3383 -0.2598 1.0045 145 98 54
0.3443 -0.2598 1.0044 144 99 58
0.3504 -0.2598 1.0044 143 101 53
0.3564 -0.2598 1.0044 148 101 59
0.3624 -0.2597 1.0044 150 106 57
0.3685 -0.2597 1.0044 147 99 59
0.3745 -0.2597 1.0044 147 99 59
0.3806 -0.2597 1.0044 149 102 58
0.3866 -0.2597 1.0044 144 97 55
0.3926 -0.2597 1.0044 143 100 57
0.3987 -0.2597 1.0044 146 102 57
0.4047 -0.2597 1.0044 144 100 53
0.4108 -0.2597 1.0044 149 102 56
0.4168 -0.2597 1.0044 151 108 63
0.4228 -0.2597 1.0044 146 99 55
0.4289 -0.2597 1.0044 151 104 62
0.4349 -0.2597 1.0044 150 101 58
0.4410 -0.2597 1.0044 152 103 60
0.4470 -0.2598 1.0044 152 103 62
0.4531 -0.2598 1.0044 148 99 56
0.4591 -0.2598 1.0045 148 101 57
0.4652 -0.2598 1.0045 150 103 59
0.4712 -0.2598 1.0045 142 98 53
0.4773 -0.2598 1.0045 150 106 61
0.4833 -0.2598 1.0046 148 103 61
0.4894 -0.2598 1.0046 152 108 59
0.4954 -0.2598 1.0046 164 118 68
0.5015 -0.2598 1.0047 165 121 72
0.5076 -0.2598 1.0048 141 97 52
0.5137 -0.2599 1.0049 163 119 72
0.5200 -0.2600 1.0055 146 123 105
0.5266 -0.2603 1.0064 131 153 192
0.5329 -0.2604 1.0069 119 145 180
0.5390 -0.2604 1.0070 131 153 190
0.5451 -0.2605 1.0071 123 147 183
0.5512 -0.2605 1.0073 127 153 188
0.5573 -0.2605 1.0073 125 156 187
0.5635 -0.2605 1.0075 136 161 192
0.5696 -0.2606 1.0076 117 142 173
0.5754 -0.2605 1.0072 125 149 183
-0.5809 -0.2663 1.0062 130 146 182
-0.5749 -0.2663 1.0062 126 153 183
-0.5689 -0.2663 1.0063 120 149 183
-0.5628 -0.2663 1.0063 125 147 184
-0.5567 -0.2663 1.0062 126 153 183
-0.5507 -0.2663 1.0062 113 139 172
-0.5446 -0.2662 1.0061 131 155 189
-0.5385 -0.2662 1.0061 122 146 180
-0.5324 -0.2662 1.0061 125 148 180
-0.5262 -0.2661 1.0057 128 151 185
-0.5199 -0.2660 1.0052 154 127 98
-0.5137 -0.2659 1.0048 171 128 77
-0.5076 -0.2659 1.0047 159 117 69
-0.5015 -0.2659 1.0047 165 122 71
-0.4955 -0.2659 1.0047 174 128 79
-0.4894 -0.2659 1.0047 134 90 43
-0.4833 -0.2658 1.0046 149 106 64
-0.4773 -0.2658 1.0046 149 104 62
-0.4712 -0.2658 1.0045 140 95 53
-0.4652 -0.2658 1.0045 144 101 58
-0.4591 -0.2658 1.0045 148 105 62
-0.4531 -0.2658 1.0045 153 104 61
-0.4470 -0.2658 1.0045 155 113 65
-0.4410 -0.2658 1.0045 156 107 64
-0.4349 -0.2658 1.0045 145 103 61
-0.4289 -0.2658 1.0044 145 101 56
-0.4229 -0.2658 1.0044 151 107 60
-0.4168 -0.2658 1.0044 152 111 67
-0.4108 -0.2658 1.0044 154 111 66
-0.4047 -0.2658 1.0044 150 106 59
-0.3987 -0.2658 1.0044 150 103 59
-0.3926 -0.2658 1.0044 143 100 55
-0.3866 -0.2658 1.0044 150 108 60
-0.3806 -0.2658 1.0044 147 105 55
-0.3745 -0.2658 1.0044 144 98 49
-0.3685 -0.2658 1.0044 150 106 59
-0.3624 -0.2658 1.0044 151 109 61
-0.3564 -0.2658 1.0044 147 104 59
-0.3504 -0.2658 1.0044 152 108 63
-0.3443 -0.2658 1.0044 148 101 59
-0.3383 -0.2658 1.0045 153 110 65
-0.3323 -0.2658 1.0045 146 101 59
-0.3262 -0.2658 1.0045 148 105 62
-0.3202 -0.2658 1.0045 146 102 57
-0.3141 -0.2658 1.0045 149 105 58
-0.3081 -0.2658 1.0045 149 104 62
-0.3021 -0.2658 1.0045 163 115 67
-0.2960 -0.2658 1.0045 157 113 66
-0.2900 -0.2658 1.0046 166 118 70
-0.2840 -0.2658 1.0046 163 120 69
-0.2779 -0.2658 1.0046 165 124 72
-0.2719 -0.2658 1.0046 173 122 75
-0.2658 -0.2658 1.0046 165 118 72
-0.2598 -0.2658 1.0046 163 119 70
-0.2537 -0.2658 1.0046 165 122 71
-0.2477 -0.2658 1.0046 162 120 70
-0.2417 -0.2658 1.0046 169 125 80
-0.2356 -0.2658 1.0046 168 122 73
-0.2296 -0.2658 1.0046 163 119 72
-0.2235 -0.2658 1.0046 166 122 75
-0.2175 -0.2658 1.0046 169 123 74
-0.2115 -0.2658 1.0046 170 128 78
-0.2054 -0.2658 1.0046 161 114 68
-0.1994 -0.2658 1.0046 167 121 72
-0.1933 -0.2658 1.0046 167 121 71
-0.1873 -0.2658 1.0046 162 122 70
-0.1813 -0.2658 1.0046 165 121 74
-0.1752 -0.2658 1.0046 164 120 73
-0.1692 -0.2658 1.0046 175 131 82
-0.1631 -0.2658 1.0046 165 121 72
-0.1571 -0.2658 1.0046 132 88 41
-0.1510 -0.2658 1.0046 167 117 68
-0.1450 -0.2659 1.0047 162 114 65
-0.1390 -0.2659 1.0047 167 121 72
-0.1329 -0.2659 1.0047 173 127 78
-0.1269 -0.2659 1.0047 159 117 69
-0.1208 -0.2659 1.0047 164 123 71
-0.1148 -0.2659 1.0047 162 116 66
-0.1088 -0.2659 1.0047 167 123 76
-0.1027 -0.2659 1.0047 169 126 73
-0.0967 -0.2659 1.0048 82 59 28
-0.0906 -0.2659 1.0048 92 64 42
-0.0846 -0.2659 1.0048 89 61 39
-0.0786 -0.2659 1.0048 93 67 42
-0.0725 -0.2659 1.0049 84 57 28
-0.0665 -0.2659 1.0049 89 61 39
-0.0604 -0.2659 1.0049 83 59 35
-0.0544 -0.2659 1.0049 78 50 28
-0.0483 -0.2659 1.0048 84 64 39
-0.0423 -0.2659 1.0048 86 59 38
-0.0363 -0.2659 1.0048 85 57 36
-0.0302 -0.2659 1.0048 83 61 37
-0.0242 -0.2659 1.0048 86 58 34
-0.0181 -0.2659 1.0048 91 63 39
-0.0121 -0.2659 1.0048 90 64 37
-0.0060 -0.2659 1.0048 85 59 36
0.0000 -0.2659 1.0048 86 59 38
0.0060 -0.2659 1.0048 84 54 30
0.0121 -0.2659 1.0048 94 61 42
0.0181 -0.2659 1.0048 84 58 41
0.0242 -0.2659 1.0048 88 62 39
0.0302 -0.2659 1.0048 87 63 37
0.0363 -0.2659 1.0048 84 63 34
0.0423 -0.2659 1.0048 76 52 28
0.0483 -0.2659 1.0048 86 62 38
0.0544 -0.2659 1.0048 83 55 33
0.0604 -0.2659 1.0048 85 55 31
0.0665 -0.2659 1.0048 86 60 33
0.0725 -0.2659 1.0048 85 59 36
0.0786 -0.2659 1.0048 81 56 34
0.0846 -0.2659 1.0049 84 58 31
0.0906 -0.2659 1.0049 94 60 33
0.0967 -0.2659 1.0049 91 65 40
0.1027 -0.2659 1.0049 158 118 69
0.1088 -0.2659 1.0049 167 123 74
0.1148 -0.2659 1.0049 161 119 71
0.1209 -0.2659 1.0049 162 116 67
0.1269 -0.2659 1.0049 168 122 73
0.1330 -0.2659 1.0049 168 122 73
0.1390 -0.2659 1.0049 168 127 75
0.1450 -0.2659 1.0049 169 126 75
0.1511 -0.2659 1.0048 169 125 80
0.1571 -0.2659 1.0048 176 130 81
0.1632 -0.2659 1.0048 159 113 63
0.1692 -0.2659 1.0048 168 126 76
0.1752 -0.2659 1.0048 140 96 49
0.1813 -0.2659 1.0048 160 119 73
0.1873 -0.2659 1.0048 166 122 77
0.1934 -0.2659 1.0047 161 117 70
0.1994 -0.2659 1.0047 164 121 70
0.2054 -0.2659 1.0047 168 121 77
0.2115 -0.2659 1.0047 170 122 73
0.2175 -0.2659 1.0047 162 120 70
0.2236 -0.2658 1.0046 156 113 62
0.2296 -0.2658 1.0046 160 114 64
0.2356 -0.2658 1.0046 167 124 73
0.2417 -0.2658 1.0046 163 123 72
0.2477 -0.2658 1.0046 167 126 72
0.2537 -0.2658 1.0046 159 116 65
0.2598 -0.2658 1.0045 176 128 79
0.2658 -0.2658 1.0045 163 115 67
0.2719 -0.2658 1.0045 164 116 68
0.2779 -0.2658 1.0045 164 116 70
0.2839 -0.2658 1.0045 169 123 74
0.2900 -0.2658 1.0045 169 123 74
0.2960 -0.2658 1.0045 163 119 72
0.3020 -0.2658 1.0045 166 123 72
0.3081 -0.2658 1.0045 148 104 55
0.3141 -0.2658 1.0045 161 118 73
0.3202 -0.2658 1.0044 149 106 61
0.3262 -0.2658 1.0044 155 112 67
0.3322 -0.2658 1.0044 152 109 66
0.3383 -0.2658 1.0044 148 103 62
0.3443 -0.2658 1.0044 152 109 67
0.3504 -0.2658 1.0044 148 105 62
0.3564 -0.2658 1.0044 152 107 66
0.3624 -0.2658 1.0044 141 97 48
0.3685 -0.2658 1.0044 147 105 57
0.3745 -0.2658 1.0044 155 107 59
0.3805 -0.2658 1.0044 148 104 55
0.3866 -0.2658 1.0044 153 106 62
0.3926 -0.2658 1.0044 147 103 58
0.3987 -0.2658 1.0044 150 105 63
0.4047 -0.2658 1.0044 143 98 56
0.4107 -0.2658 1.0044 144 100 53
0.4168 -0.2658 1.0044 155 111 66
0.4228 -0.2658 1.0044 140 98 56
0.4289 -0.2658 1.0044 143 100 57
0.4349 -0.2658 1.0044 153 109 64
0.4410 -0.2658 1.0044 155 112 67
0.4470 -0.2658 1.0044 151 109 61
0.4531 -0.2658 1.0044 148 105 60
0.4591 -0.2658 1.0044 151 108 63
0.4651 -0.2658 1.0045 148 101 59
0.4712 -0.2658 1.0045 147 106 62
0.4773 -0.2658 1.0045 161 114 70
0.4833 -0.2658 1.0045 148 104 59
0.4894 -0.2658 1.0046 149 102 56
0.4954 -0.2658 1.0046 166 120 71
0.5015 -0.2659 1.0047 159 115 66
0.5076 -0.2659 1.0048 136 92 47
0.5137 -0.2659 1.0049 166 120 71
0.5200 -0.2661 1.0054 142 124 104
0.5264 -0.2662 1.0061 119 139 174
0.5327 -0.2663 1.0065 130 154 190
0.5388 -0.2664 1.0066 126 150 186
0.5450 -0.2664 1.0068 128 151 185
0.5511 -0.2665 1.0069 127 152 183
0.5572 -0.2665 1.0070 119 145 180
0.5633 -0.2665 1.0072 135 162 192
0.5694 -0.2665 1.0073 126 152 187
0.5753 -0.2664 1.0069 131 156 187
-0.5810 -0.2723 1.0062 127 151 185
-0.5748 -0.2723 1.0061 128 151 185
-0.5688 -0.2723 1.0061 129 151 188
-0.5627 -0.2723 1.0061 124 148 184
-0.5567 -0.2723 1.0061 129 153 187
-0.5506 -0.2723 1.0061 118 142 176
-0.5445 -0.2723 1.0061 116 140 174
-0.5384 -0.2722 1.0060 126 150 184
-0.5323 -0.2722 1.0059 132 155 187
-0.5262 -0.2722 1.0056 127 150 184
-0.5199 -0.2721 1.0053 149 122 93
-0.5137 -0.2720 1.0050 169 126 75
-0.5076 -0.2719 1.0048 162 119 76
-0.5015 -0.2719 1.0047 168 122 73
-0.4955 -0.2719 1.0047 156 112 67
-0.4894 -0.2719 1.0046 140 96 49
-0.4833 -0.2719 1.0046 150 107 64
-0.4773 -0.2719 1.0045 143 102 56
-0.4712 -0.2719 1.0045 140 97 52
-0.4652 -0.2719 1.0045 155 112 67
-0.4591 -0.2718 1.0045 153 111 63
-0.4531 -0.2718 1.0045 153 106 62
-0.4470 -0.2718 1.0045 148 105 62
-0.4410 -0.2718 1.0045 148 101 57
-0.4349 -0.2718 1.0045 150 106 59
-0.4289 -0.2718 1.0044 150 102 62
-0.4228 -0.2718 1.0044 152 108 69
-0.4168 -0.2718 1.0044 151 106 64
-0.4108 -0.2718 1.0044 147 102 60
-0.4047 -0.2718 1.0044 145 98 54
-0.3987 -0.2718 1.0044 156 109 65
-0.3926 -0.2718 1.0044 154 107 65
-0.3866 -0.2718 1.0044 153 108 66
-0.3805 -0.2718 1.0044 152 110 62
-0.3745 -0.2718 1.0044 145 98 54
-0.3685 -0.2718 1.0044 150 105 63
-0.3624 -0.2718 1.0044 157 116 70
-0.3564 -0.2718 1.0044 145 101 56
-0.3504 -0.2718 1.0044 156 112 67
-0.3443 -0.2718 1.0044 156 113 68
-0.3383 -0.2718 1.0044 154 111 68
-0.3322 -0.2718 1.0044 148 105 63
-0.3262 -0.2718 1.0045 148 106 64
-0.3202 -0.2718 1.0045 148 105 60
-0.3141 -0.2718 1.0045 151 107 60
-0.3081 -0.2718 1.0045 132 88 43
-0.3021 -0.2719 1.0045 167 124 73
-0.2960 -0.2719 1.0045 159 117 69
-0.2900 -0.2719 1.0045 163 121 73
-0.2839 -0.2719 1.0045 165 123 73
-0.2779 -0.2719 1.0046 172 128 79
-0.2719 -0.2719 1.0046 160 116 67
-0.2658 -0.2719 1.0046 164 118 69
-0.2598 -0.2719 1.0046 163 117 68
-0.2537 -0.2719 1.0046 164 120 73
-0.2477 -0.2719 1.0046 158 115 70
-0.2417 -0.2719 1.0046 163 121 73
-0.2356 -0.2719 1.0046 163 117 67
-0.2296 -0.2719 1.0046 163 120 69
-0.2235 -0.2719 1.0046 158 114 67
-0.2175 -0.2719 1.0046 164 120 71
-0.2115 -0.2719 1.0046 168 120 74
-0.2054 -0.2719 1.0046 168 121 77
-0.1994 -0.2719 1.0046 167 123 76
-0.1933 -0.2719 1.0046 166 120 71
-0.1873 -0.2719 1.0046 165 118 72
-0.1813 -0.2719 1.0046 163 121 73
-0.1752 -0.2719 1.0046 160 116 71
-0.1692 -0.2719 1.0046 172 125 79
-0.1631 -0.2719 1.0046 156 115 63
-0.1571 -0.2719 1.0046 128 88 37
-0.1510 -0.2719 1.0046 164 124 73
-0.1450 -0.2719 1.0046 168 127 75
-0.1390 -0.2719 1.0046 159 115 66
-0.1329 -0.2719 1.0046 167 121 72
-0.1269 -0.2719 1.0046 162 115 69
-0.1208 -0.2719 1.0047 158 117 65
-0.1148 -0.2719 1.0047 163 117 68
-0.1088 -0.2719 1.0047 161 118 73
-0.1027 -0.2719 1.0047 165 123 73
-0.0967 -0.2719 1.0048 86 59 29
-0.0906 -0.2719 1.0048 81 54 25
-0.0846 -0.2719 1.0048 85 64 35
-0.0786 -0.2719 1.0048 91 65 32
-0.0725 -0.2719 1.0048 88 58 30
-0.0665 -0.2719 1.0048 101 75 50
-0.0604 -0.2719 1.0048 90 62 38
-0.0544 -0.2719 1.0048 85 59 34
-0.0483 -0.2719 1.0048 84 58 33
-0.0423 -0.2719 1.0048 92 62 38
-0.0363 -0.2719 1.0048 89 57 34
-0.0302 -0.2719 1.0048 80 50 26
-0.0242 -0.2719 1.0048 94 67 38
-0.0181 -0.2719 1.0048 84 57 28
-0.0121 -0.2719 1.0048 77 52 22
-0.0060 -0.2719 1.0048 86 60 35
0.0000 -0.2719 1.0048 87 61 36
0.0060 -0.2719 1.0048 90 63 34
0.0121 -0.2719 1.0048 82 56 29
0.0181 -0.2719 1.0048 81 57 29
0.0242 -0.2719 1.0048 91 63 39
0.0302 -0.2719 1.0048 89 61 37
0.0363 -0.2719 1.0048 82 54 30
0.0423 -0.2719 1.0048 89 61 39
0.0483 -0.2719 1.0048 78 50 26
0.0544 -0.2719 1.0048 92 66 39
0.0604 -0.2719 1.0048 90 63 36
0.0665 -0.2719 1.0048 85 57 35
0.0725 -0.2719 1.0048 84 60 34
0.0786 -0.2719 1.0048 76 54 30
0.0846 -0.2719 1.0048 88 63 33
0.0906 -0.2719 1.0048 97 67 33
0.0967 -0.2720 1.0049 78 54 26
0.1027 -0.2720 1.0049 159 117 69
0.1088 -0.2720 1.0049 165 121 72
0.1148 -0.2720 1.0049 168 124 77
0.1209 -0.2720 1.0049 158 114 65
0.1269 -0.2720 1.0049 158 111 69
0.1330 -0.2720 1.0049 159 112 70
0.1390 -0.2719 1.0049 170 126 79
0.1450 -0.2719 1.0048 159 113 64
0.1511 -0.2719 1.0048 171 123 74
0.1571 -0.2719 1.0048 172 126 77
0.1632 -0.2719 1.0048 165 119 70
0.1692 -0.2719 1.0048 170 122 74
0.1752 -0.2719 1.0048 137 92 50
0.1813 -0.2719 1.0048 167 119 73
0.1873 -0.2719 1.0048 169 125 76
0.1934 -0.2719 1.0047 164 120 75
0.1994 -0.2719 1.0047 155 115 64
0.2054 -0.2719 1.0047 166 122 77
0.2115 -0.2719 1.0047 164 121 70
0.2175 -0.2719 1.0047 166 122 75
0.2236 -0.2719 1.0046 161 114 68
0.2296 -0.2719 1.0046 164 117 71
0.2356 -0.2719 1.0046 161 117 72
0.2417 -0.2719 1.0046 164 120 73
0.2477 -0.2719 1.0046 162 116 64
0.2537 -0.2719 1.0045 159 119 67
0.2598 -0.2719 1.0045 154 114 63
0.2658 -0.2719 1.0045 158 118 66
0.2718 -0.2718 1.0045 166 124 74
0.2779 -0.2718 1.0045 168 124 75
0.2839 -0.2718 1.0045 167 125 75
0.2900 -0.2718 1.0045 168 122 73
0.2960 -0.2718 1.0045 162 115 69
0.3020 -0.2718 1.0044 162 118 71
0.3081 -0.2718 1.0044 144 102 54
0.3141 -0.2718 1.0044 152 108 63
0.3202 -0.2718 1.0044 150 107 62
0.3262 -0.2718 1.0044 145 102 57
0.3322 -0.2718 1.0044 150 106 61
0.3383 -0.2718 1.0044 148 105 63
0.3443 -0.2718 1.0044 155 112 70
0.3503 -0.2718 1.0044 151 108 63
0.3564 -0.2718 1.0044 147 102 60
0.3624 -0.2718 1.0044 157 112 70
0.3685 -0.2718 1.0044 156 109 67
0.3745 -0.2718 1.0044 145 97 57
0.3805 -0.2718 1.0043 156 109 67
0.3866 -0.2718 1.0043 146 103 61
0.3926 -0.2718 1.0043 148 103 61
0.3987 -0.2718 1.0043 147 103 58
0.4047 -0.2718 1.0043 152 105 59
0.4107 -0.2718 1.0043 142 93 50
0.4168 -0.2718 1.0044 147 104 62
0.4228 -0.2718 1.0044 146 104 62
0.4289 -0.2718 1.0044 155 108 66
0.4349 -0.2718 1.0044 154 110 63
0.4410 -0.2718 1.0044 149 106 61
0.4470 -0.2718 1.0044 145 101 56
0.4530 -0.2718 1.0044 156 109 63
0.4591 -0.2718 1.0044 152 109 64
0.4651 -0.2718 1.0045 151 104 60
0.4712 -0.2718 1.0045 149 108 64
0.4773 -0.2719 1.0045 158 111 67
0.4833 -0.2719 1.0045 149 106 63
0.4894 -0.2719 1.0046 143 99 54
0.4955 -0.2719 1.0047 162 118 69
0.5015 -0.2719 1.0048 162 118 71
0.5076 -0.2719 1.0048 129 88 44
0.5137 -0.2720 1.0050 164 121 70
0.5200 -0.2721 1.0054 140 122 102
0.5262 -0.2722 1.0058 123 152 182
0.5325 -0.2723 1.0061 126 149 183
0.5387 -0.2724 1.0064 132 156 192
0.5448 -0.2724 1.0066 124 150 185
0.5509 -0.2724 1.0067 118 144 177
0.5570 -0.2725 1.0068 121 148 178
0.5632 -0.2725 1.0069 126 152 187
0.5693 -0.2726 1.0071 125 150 181
0.5752 -0.2724 1.0067 119 143 179
-0.5811 -0.2784 1.0064 133 155 192
-0.5749 -0.2784 1.0063 124 144 181
-0.5688 -0.2784 1.0062 128 153 184
-0.5627 -0.2783 1.0061 127 150 184
-0.5566 -0.2783 1.0061 126 149 183
-0.5506 -0.2783 1.0060 132 154 191
-0.5445 -0.2783 1.0060 124 146 183
-0.5384 -0.2783 1.0059 126 150 186
-0.5323 -0.2783 1.0059 122 146 180
-0.5262 -0.2782 1.0056 129 153 187
-0.5200 -0.2781 1.0053 153 126 96
-0.5138 -0.2780 1.0051 161 118 67
-0.5077 -0.2780 1.0049 166 122 75
-0.5016 -0.2780 1.0048 165 119 69
-0.4955 -0.2780 1.0047 166 122 75
-0.4894 -0.2779 1.0047 137 95 45
-0.4833 -0.2779 1.0046 152 108 63
-0.4773 -0.2779 1.0046 152 107 65
-0.4712 -0.2779 1.0045 148 101 59
-0.4652 -0.2779 1.0045 151 104 62
-0.4591 -0.2779 1.0045 150 106 59
-0.4531 -0.2779 1.0045 153 110 65
-0.4470 -0.2779 1.0044 158 113 72
-0.4410 -0.2779 1.0044 142 100 52
-0.4349 -0.2779 1.0044 147 100 56
-0.4289 -0.2779 1.0044 154 110 63
-0.4228 -0.2779 1.0044 150 110 59
-0.4168 -0.2779 1.0044 146 102 57
-0.4108 -0.2779 1.0044 147 104 61
-0.4047 -0.2779 1.0044 147 105 55
-0.3987 -0.2779 1.0044 143 101 53
-0.3926 -0.2779 1.0044 144 100 55
-0.3866 -0.2779 1.0044 151 107 62
-0.3805 -0.2779 1.0044 151 107 60
-0.3745 -0.2779 1.0044 141 98 53
-0.3685 -0.2779 1.0044 145 100 58
-0.3624 -0.2779 1.0044 145 104 58
-0.3564 -0.2779 1.0044 156 109 65
-0.3503 -0.2779 1.0044 145 101 56
-0.3443 -0.2779 1.0044 156 116 67
-0.3383 -0.2779 1.0044 152 108 63
-0.3322 -0.2779 1.0044 151 102 61
-0.3262 -0.2779 1.0044 144 99 57
-0.3202 -0.2779 1.0045 155 111 66
-0.3141 -0.2779 1.0045 148 101 57
-0.3081 -0.2779 1.0045 156 112 63
-0.3021 -0.2779 1.0045 166 125 73
-0.2960 -0.2779 1.0045 163 122 70
-0.2900 -0.2779 1.0045 161 117 70
-0.2839 -0.2779 1.0045 167 116 71
-0.2779 -0.2779 1.0045 170 118 71
-0.2719 -0.2779 1.0045 166 123 72
-0.2658 -0.2779 1.0045 167 121 72
-0.2598 -0.2779 1.0046 171 125 76
-0.2537 -0.2779 1.0046 170 123 77
-0.2477 -0.2779 1.0045 162 115 71
-0.2417 -0.2779 1.0045 161 119 71
-0.2356 -0.2779 1.0045 163 117 67
-0.2296 -0.2779 1.0045 164 120 71
-0.2235 -0.2779 1.0045 173 126 80
-0.2175 -0.2779 1.0045 168 122 73
-0.2114 -0.2779 1.0045 162 122 71
-0.2054 -0.2779 1.0045 167 120 74
-0.1994 -0.2779 1.0045 163 119 72
-0.1933 -0.2779 1.0046 168 126 76
-0.1873 -0.2779 1.0046 170 122 73
-0.1812 -0.2779 1.0046 170 129 77
-0.1752 -0.2779 1.0046 167 124 73
-0.1692 -0.2779 1.0046 164 116 68
-0.1631 -0.2779 1.0046 164 118 68
-0.1571 -0.2779 1.0046 131 87 38
-0.1510 -0.2779 1.0046 171 124 80
-0.1450 -0.2779 1.0046 165 119 69
-0.1390 -0.2779 1.0046 164 118 68
-0.1329 -0.2779 1.0046 163 121 71
-0.1269 -0.2779 1.0046 157 117 66
-0.1208 -0.2779 1.0046 165 124 72
-0.1148 -0.2779 1.0047 166 120 70
-0.1088 -0.2779 1.0047 161 118 73
-0.1027 -0.2780 1.0048 167 125 77
-0.0967 -0.2780 1.0048 87 59 35
-0.0906 -0.2780 1.0048 94 62 41
-0.0846 -0.2780 1.0048 88 60 38
-0.0786 -0.2780 1.0048 88 61 34
-0.0725 -0.2780 1.0048 95 63 40
-0.0665 -0.2780 1.0048 84 63 32
-0.0604 -0.2780 1.0048 88 58 32
-0.0544 -0.2780 1.0048 88 69 37
-0.0483 -0.2780 1.0048 92 64 42
-0.0423 -0.2780 1.0048 82 56 33
-0.0363 -0.2780 1.0048 81 56 34
-0.0302 -0.2780 1.0048 93 60 41
-0.0242 -0.2780 1.0048 78 52 27
-0.0181 -0.2780 1.0048 88 64 36
-0.0121 -0.2780 1.0048 90 69 38
-0.0060 -0.2780 1.0048 79 56 25
0.0000 -0.2780 1.0048 82 57 35
0.0060 -0.2780 1.0048 90 64 41
0.0121 -0.2780 1.0048 86 62 38
0.0181 -0.2780 1.0048 80 56 32
0.0242 -0.2780 1.0048 87 59 35
0.0302 -0.2780 1.0048 80 54 27
0.0363 -0.2780 1.0048 87 63 35
0.0423 -0.2780 1.0048 91 65 38
0.0483 -0.2780 1.0048 84 58 35
0.0544 -0.2780 1.0048 85 61 37
0.0604 -0.2780 1.0048 84 60 34
0.0665 -0.2780 1.0048 85 59 32
0.0725 -0.2780 1.0048 87 61 36
0.0786 -0.2780 1.0048 84 62 39
0.0846 -0.2780 1.0049 89 64 34
0.0907 -0.2780 1.0049 87 57 21
0.0967 -0.2780 1.0049 84 59 29
0.1027 -0.2780 1.0050 166 122 75
0.1088 -0.2780 1.0050 165 122 71
0.1148 -0.2780 1.0050 156 112 63
0.1209 -0.2780 1.0050 161 118 67
0.1269 -0.2780 1.0050 167 124 73
0.1330 -0.2780 1.0049 168 125 74
0.1390 -0.2780 1.0049 166 122 73
0.1450 -0.2780 1.0049 161 117 72
0.1511 -0.2780 1.0049 163 120 69
0.1571 -0.2780 1.0049 155 111 64
0.1632 -0.2780 1.0049 161 118 73
0.1692 -0.2780 1.0049 158 116 66
0.1753 -0.2780 1.0049 144 97 51
0.1813 -0.2780 1.0048 157 117 68
0.1873 -0.2780 1.0048 165 119 70
0.1934 -0.2780 1.0048 163 117 68
0.1994 -0.2780 1.0048 168 125 72
0.2054 -0.2780 1.0047 163 116 70
0.2115 -0.2780 1.0047 168 122 70
0.2175 -0.2779 1.0047 170 124 74
0.2236 -0.2779 1.0047 164 118 66
0.2296 -0.2779 1.0046 167 121 69
0.2356 -0.2779 1.0046 171 125 75
0.2417 -0.2779 1.0046 157 113 66
0.2477 -0.2779 1.0046 165 121 72
0.2537 -0.2779 1.0045 161 119 71
0.2598 -0.2779 1.0045 163 121 71
0.2658 -0.2779 1.0045 167 121 71
0.2718 -0.2779 1.0045 167 119 70
0.2779 -0.2779 1.0045 173 125 76
0.2839 -0.2779 1.0045 165 119 70
0.2900 -0.2779 1.0045 172 124 75
0.2960 -0.2779 1.0044 166 120 71
0.3020 -0.2779 1.0044 167 123 74
0.3081 -0.2779 1.0044 152 109 64
0.3141 -0.2779 1.0044 139 95 50
0.3202 -0.2779 1.0044 162 115 71
0.3262 -0.2779 1.0044 154 110 65
0.3322 -0.2779 1.0044 145 101 56
0.3383 -0.2779 1.0044 144 99 57
0.3443 -0.2779 1.0044 154 110 65
0.3503 -0.2779 1.0044 150 106 59
0.3564 -0.2779 1.0044 149 105 60
0.3624 -0.2779 1.0044 146 102 57
0.3685 -0.2779 1.0044 150 104 55
0.3745 -0.2778 1.0043 142 100 50
0.3805 -0.2778 1.0043 151 107 60
0.3866 -0.2778 1.0043 143 100 57
0.3926 -0.2778 1.0043 152 107 65
0.3987 -0.2778 1.0043 153 106 62
0.4047 -0.2779 1.0044 155 109 60
0.4107 -0.2779 1.0044 152 108 63
0.4168 -0.2779 1.0044 156 113 70
0.4228 -0.2779 1.0044 152 104 64
0.4289 -0.2779 1.0044 147 106 62
0.4349 -0.2779 1.0044 156 112 63
0.4410 -0.2779 1.0044 154 111 66
0.4470 -0.2779 1.0044 146 101 59
0.4530 -0.2779 1.0044 147 100 56
0.4591 -0.2779 1.0044 158 114 69
0.4652 -0.2779 1.0045 145 98 54
0.4712 -0.2779 1.0045 140 99 53
0.4773 -0.2779 1.0045 146 99 55
0.4833 -0.2779 1.0046 156 113 68
0.4894 -0.2779 1.0046 154 112 64
0.4955 -0.2779 1.0047 163 120 69
0.5016 -0.2780 1.0048 164 118 68
0.5077 -0.2780 1.0049 138 91 47
0.5138 -0.2781 1.0051 167 120 68
0.5200 -0.2781 1.0054 143 125 103
0.5262 -0.2782 1.0057 124 149 179
0.5324 -0.2783 1.0060 127 152 183
0.5386 -0.2784 1.0062 125 149 183
0.5447 -0.2784 1.0064 121 150 184
0.5509 -0.2785 1.0065 128 152 186
0.5569 -0.2785 1.0066 123 145 182
0.5631 -0.2785 1.0068 119 144 174
0.5694 -0.2787 1.0072 129 153 189
0.5751 -0.2785 1.0066 121 146 177
-0.5810 -0.2844 1.0063 129 147 185
-0.5749 -0.2844 1.0062 124 150 183
-0.5688 -0.2844 1.0061 127 150 182
-0.5627 -0.2844 1.0061 133 153 186
-0.5567 -0.2844 1.0061 127 151 187
-0.5506 -0.2844 1.0061 118 140 177
-0.5446 -0.2844 1.0061 123 143 180
-0.5385 -0.2844 1.0060 124 147 181
-0.5324 -0.2843 1.0060 133 157 191
-0.5263 -0.2843 1.0058 127 151 185
-0.5200 -0.2842 1.0055 149 120 88
-0.5138 -0.2841 1.0051 159 116 65
-0.5077 -0.2841 1.0049 163 117 68
-0.5016 -0.2840 1.0048 163 116 62
-0.4955 -0.2840 1.0047 160 117 74
-0.4894 -0.2840 1.0047 140 97 52
-0.4833 -0.2840 1.0046 147 100 56
-0.4773 -0.2840 1.0046 141 94 50
-0.4712 -0.2839 1.0045 152 105 61
-0.4652 -0.2839 1.0045 154 110 65
-0.4591 -0.2839 1.0045 159 111 65
-0.4531 -0.2839 1.0045 152 105 61
-0.4470 -0.2839 1.0045 157 105 65
-0.4410 -0.2839 1.0044 156 109 65
-0.4349 -0.2839 1.0044 156 110 61
-0.4289 -0.2839 1.0044 146 105 59
-0.4228 -0.2839 1.0044 151 106 64
-0.4168 -0.2839 1.0044 152 108 59
-0.4107 -0.2839 1.0044 148 105 60
-0.4047 -0.2839 1.0044 145 101 52
-0.3987 -0.2839 1.0044 147 105 57
-0.3926 -0.2839 1.0044 152 107 65
-0.3866 -0.2839 1.0044 145 102 57
-0.3805 -0.2839 1.0044 152 106 56
-0.3745 -0.2839 1.0044 143 101 51
-0.3685 -0.2839 1.0043 153 111 61
-0.3624 -0.2839 1.0043 151 107 60
-0.3564 -0.2839 1.0043 146 99 57
-0.3503 -0.2839 1.0044 145 98 56
-0.3443 -0.2839 1.0044 148 99 56
-0.3383 -0.2839 1.0044 158 114 69
-0.3322 -0.2839 1.0044 154 107 63
-0.3262 -0.2839 1.0044 151 104 60
-0.3202 -0.2839 1.0045 147 100 56
-0.3141 -0.2839 1.0045 145 98 56
-0.3081 -0.2839 1.0045 148 104 55
-0.3021 -0.2839 1.0045 164 121 70
-0.2960 -0.2839 1.0045 163 117 67
-0.2900 -0.2839 1.0045 165 119 70
-0.2839 -0.2839 1.0045 167 125 75
-0.2779 -0.2839 1.0045 164 122 72
-0.2719 -0.2839 1.0045 160 117 64
-0.2658 -0.2839 1.0045 159 116 65
-0.2598 -0.2839 1.0046 166 120 70
-0.2537 -0.2839 1.0046 174 127 81
-0.2477 -0.2839 1.0046 156 109 63
-0.2417 -0.2839 1.0046 167 123 76
-0.2356 -0.2839 1.0046 161 115 66
-0.2296 -0.2839 1.0045 157 113 66
-0.2235 -0.2839 1.0045 167 120 74
-0.2175 -0.2839 1.0045 170 129 77
-0.2114 -0.2839 1.0045 169 123 73
-0.2054 -0.2839 1.0045 168 126 76
-0.1994 -0.2839 1.0045 165 124 72
-0.1933 -0.2839 1.0045 165 117 68
-0.1873 -0.2839 1.0046 160 116 67
-0.1812 -0.2839 1.0046 161 118 67
-0.1752 -0.2839 1.0046 166 123 72
-0.1692 -0.2839 1.0046 163 121 71
-0.1631 -0.2839 1.0046 159 119 68
-0.1571 -0.2839 1.0046 137 96 50
-0.1510 -0.2839 1.0045 159 116 71
-0.1450 -0.2839 1.0046 158 112 62
-0.1390 -0.2840 1.0046 170 124 74
-0.1329 -0.2840 1.0046 163 120 69
-0.1269 -0.2840 1.0046 160 119 67
-0.1208 -0.2840 1.0046 163 122 66
-0.1148 -0.2840 1.0047 163 117 65
-0.1088 -0.2840 1.0047 167 124 73
-0.1027 -0.2840 1.0047 163 120 67
-0.0967 -0.2840 1.0048 83 58 28
-0.0906 -0.2840 1.0048 85 57 33
-0.0846 -0.2840 1.0048 82 58 34
-0.0786 -0.2840 1.0048 95 70 40
-0.0725 -0.2840 1.0048 90 59 31
-0.0665 -0.2840 1.0048 83 55 34
-0.0604 -0.2840 1.0048 86 60 37
-0.0544 -0.2840 1.0048 90 59 39
-0.0483 -0.2840 1.0048 81 57 31
-0.0423 -0.2840 1.0048 88 67 40
-0.0363 -0.2840 1.0048 79 59 34
-0.0302 -0.2840 1.0048 79 59 34
-0.0242 -0.2840 1.0048 85 61 37
-0.0181 -0.2840 1.0048 89 64 42
-0.0121 -0.2840 1.0048 89 65 41
-0.0060 -0.2840 1.0048 87 61 36
0.0000 -0.2840 1.0048 84 62 39
0.0060 -0.2840 1.0048 83 57 30
0.0121 -0.2840 1.0048 82 55 28
0.0181 -0.2840 1.0048 86 62 38
0.0242 -0.2840 1.0048 86 58 36
0.0302 -0.2840 1.0048 82 56 33
0.0363 -0.2840 1.0048 90 64 41
0.0423 -0.2840 1.0048 85 57 35
0.0483 -0.2840 1.0048 84 60 36
0.0544 -0.2840 1.0048 93 67 44
0.0604 -0.2840 1.0048 88 62 37
0.0665 -0.2840 1.0048 90 69 42
0.0725 -0.2840 1.0048 83 57 34
0.0786 -0.2840 1.0049 77 52 32
0.0846 -0.2840 1.0049 87 59 37
0.0907 -0.2840 1.0049 89 55 27
0.0967 -0.2841 1.0050 87 60 33
0.1027 -0.2841 1.0050 165 118 72
0.1088 -0.2841 1.0050 168 122 72
0.1148 -0.2841 1.0050 160 116 67
0.1209 -0.2841 1.0050 163 119 70
0.1269 -0.2841 1.0050 171 127 80
0.1330 -0.2841 1.0050 158 114 65
0.1390 -0.2841 1.0050 164 120 71
0.1451 -0.2841 1.0049 163 120 69
0.1511 -0.2841 1.0049 167 123 76
0.1571 -0.2840 1.0049 167 120 74
0.1632 -0.2840 1.0049 175 129 80
0.1692 -0.2840 1.0049 170 124 74
0.1753 -0.2840 1.0049 141 99 49
0.1813 -0.2840 1.0049 167 121 72
0.1873 -0.2840 1.0048 164 123 71
0.1934 -0.2840 1.0048 167 121 72
0.1994 -0.2840 1.0048 152 111 57
0.2055 -0.2840 1.0048 164 120 73
0.2115 -0.2840 1.0047 163 120 67
0.2175 -0.2840 1.0047 162 114 66
0.2236 -0.2840 1.0047 165 119 70
0.2296 -0.2840 1.0047 170 124 75
0.2356 -0.2840 1.0046 167 123 76
0.2417 -0.2840 1.0046 154 111 60
0.2477 -0.2840 1.0046 159 113 61
0.2537 -0.2839 1.0046 165 121 72
0.2598 -0.2839 1.0045 161 115 66
0.2658 -0.2839 1.0045 164 118 69
0.2719 -0.2839 1.0045 167 123 74
0.2779 -0.2839 1.0045 161 120 68
0.2839 -0.2839 1.0045 167 123 74
0.2900 -0.2839 1.0045 167 121 69
0.2960 -0.2839 1.0045 167 120 68
0.3020 -0.2839 1.0044 167 121 69
0.3081 -0.2839 1.0044 149 106 55
0.3141 -0.2839 1.0044 150 106 59
0.3201 -0.2839 1.0044 151 107 62
0.3262 -0.2839 1.0044 157 113 68
0.3322 -0.2839 1.0044 153 106 64
0.3383 -0.2839 1.0044 156 109 67
0.3443 -0.2839 1.0044 153 104 61
0.3503 -0.2839 1.0044 143 95 49
0.3564 -0.2839 1.0044 151 107 62
0.3624 -0.2839 1.0044 158 110 70
0.3685 -0.2839 1.0044 146 105 61
0.3745 -0.2839 1.0044 152 108 61
0.3805 -0.2839 1.0044 146 105 61
0.3866 -0.2839 1.0044 149 105 60
0.3926 -0.2839 1.0044 146 101 59
0.3987 -0.2839 1.0044 154 107 63
0.4047 -0.2839 1.0044 153 109 64
0.4107 -0.2839 1.0044 150 106 61
0.4168 -0.2839 1.0044 157 110 66
0.4228 -0.2839 1.0044 148 107 61
0.4289 -0.2839 1.0044 150 101 58
0.4349 -0.2839 1.0044 141 99 51
0.4410 -0.2839 1.0044 140 97 52
0.4470 -0.2839 1.0044 147 105 57
0.4530 -0.2839 1.0044 151 106 64
0.4591 -0.2839 1.0044 150 106 61
0.4652 -0.2839 1.0045 152 103 60
0.4712 -0.2839 1.0045 148 105 60
0.4773 -0.2839 1.0045 156 109 63
0.4833 -0.2840 1.0046 144 97 51
0.4894 -0.2840 1.0046 148 102 53
0.4955 -0.2840 1.0047 170 124 74
0.5016 -0.2840 1.0048 168 121 69
0.5077 -0.2840 1.0049 138 95 52
0.5138 -0.2841 1.0051 168 120 71
0.5199 -0.2842 1.0053 149 127 106
0.5262 -0.2843 1.0057 119 146 176
0.5324 -0.2843 1.0060 124 148 182
0.5385 -0.2844 1.0062 126 149 183
0.5447 -0.2845 1.0064 126 146 181
0.5509 -0.2845 1.0066 136 156 189
0.5570 -0.2845 1.0067 128 151 182
0.5632 -0.2846 1.0070 128 151 185
0.5695 -0.2848 1.0074 128 151 182
0.5753 -0.2846 1.0070 123 147 183
-0.5810 -0.2905 1.0064 122 145 177
-0.5749 -0.2905 1.0063 129 149 182
-0.5690 -0.2905 1.0065 123 143 176
-0.5627 -0.2904 1.0061 125 148 180
-0.5566 -0.2904 1.0061 127 150 184
-0.5506 -0.2904 1.0060 129 151 188
-0.5445 -0.2904 1.0059 123 147 185
-0.5384 -0.2904 1.0059 123 148 179
-0.5323 -0.2903 1.0058 121 145 183
-0.5262 -0.2903 1.0057 129 148 181
-0.5200 -0.2902 1.0054 153 121 96
-0.5139 -0.2902 1.0052 167 119 71
-0.5078 -0.2901 1.0051 161 115 65
-0.5016 -0.2901 1.0050 163 115 66
-0.4955 -0.2901 1.0048 168 122 72
-0.4895 -0.2900 1.0047 139 95 48
-0.4834 -0.2900 1.0047 145 101 56
-0.4773 -0.2900 1.0046 150 106 59
-0.4712 -0.2900 1.0046 144 101 56
-0.4652 -0.2900 1.0046 151 107 62
-0.4591 -0.2900 1.0045 152 103 60
-0.4531 -0.2900 1.0045 148 104 59
-0.4470 -0.2900 1.0045 142 98 53
-0.4410 -0.2900 1.0045 152 105 61
-0.4350 -0.2900 1.0045 156 107 66
-0.4289 -0.2900 1.0045 153 104 64
-0.4229 -0.2900 1.0044 155 108 66
-0.4168 -0.2900 1.0044 150 98 58
-0.4108 -0.2900 1.0044 147 102 60
-0.4047 -0.2899 1.0044 154 113 69
-0.3987 -0.2899 1.0044 148 99 58
-0.3926 -0.2899 1.0044 145 98 54
-0.3866 -0.2899 1.0044 152 103 63
-0.3806 -0.2899 1.0044 147 100 58
-0.3745 -0.2899 1.0044 147 103 58
-0.3685 -0.2899 1.0044 150 106 61
-0.3624 -0.2899 1.0044 152 108 63
-0.3564 -0.2899 1.0044 151 106 64
-0.3503 -0.2899 1.0044 149 106 64
-0.3443 -0.2899 1.0044 148 103 62
-0.3383 -0.2899 1.0044 147 103 56
-0.3322 -0.2900 1.0044 148 101 55
-0.3262 -0.2900 1.0044 151 107 62
-0.3202 -0.2900 1.0045 141 98 56
-0.3141 -0.2900 1.0045 153 111 69
-0.3081 -0.2900 1.0045 147 104 59
-0.3021 -0.2900 1.0045 164 120 71
-0.2960 -0.2900 1.0045 169 125 78
-0.2900 -0.2900 1.0045 170 124 75
-0.2839 -0.2900 1.0045 162 119 68
-0.2779 -0.2900 1.0045 166 120 70
-0.2719 -0.2900 1.0045 167 117 68
-0.2658 -0.2900 1.0045 168 122 72
-0.2598 -0.2900 1.0045 166 124 74
-0.2537 -0.2900 1.0045 164 118 68
-0.2477 -0.2900 1.0045 172 124 76
-0.2417 -0.2900 1.0045 161 118 75
-0.2356 -0.2900 1.0045 168 119 76
-0.2296 -0.2900 1.0045 163 115 66
-0.2235 -0.2900 1.0045 176 128 79
-0.2175 -0.2900 1.0045 169 121 72
-0.2114 -0.2900 1.0045 172 126 76
-0.2054 -0.2900 1.0045 168 124 77
-0.1994 -0.2900 1.0045 165 122 71
-0.1933 -0.2900 1.0045 162 118 69
-0.1873 -0.2900 1.0045 168 124 75
-0.1812 -0.2900 1.0045 166 122 73
-0.1752 -0.2900 1.0045 161 115 66
-0.1692 -0.2900 1.0045 163 117 65
-0.1631 -0.2900 1.0045 165 119 69
-0.1571 -0.2900 1.0045 133 89 42
-0.1510 -0.2900 1.0045 156 112 63
-0.1450 -0.2900 1.0046 171 125 75
-0.1390 -0.2900 1.0046 163 117 68
-0.1329 -0.2900 1.0046 167 121 72
-0.1269 -0.2900 1.0046 177 131 79
-0.1208 -0.2900 1.0046 169 123 73
-0.1148 -0.2900 1.0046 173 123 74
-0.1088 -0.2900 1.0047 170 119 72
-0.1027 -0.2900 1.0047 164 120 73
-0.0967 -0.2901 1.0048 87 57 29
-0.0906 -0.2901 1.0048 90 64 41
-0.0846 -0.2901 1.0049 89 68 41
-0.0786 -0.2901 1.0049 81 54 25
-0.0725 -0.2901 1.0049 91 61 37
-0.0665 -0.2901 1.0049 85 61 35
-0.0604 -0.2901 1.0048 88 63 41
-0.0544 -0.2901 1.0048 91 65 40
-0.0483 -0.2901 1.0048 86 55 34
-0.0423 -0.2901 1.0048 85 54 33
-0.0363 -0.2901 1.0048 82 54 33
-0.0302 -0.2901 1.0048 83 56 35
-0.0242 -0.2901 1.0048 79 51 27
-0.0181 -0.2901 1.0048 89 61 37
-0.0121 -0.2901 1.0048 90 62 40
-0.0060 -0.2901 1.0048 78 50 28
0.0000 -0.2901 1.0048 90 69 42
0.0060 -0.2901 1.0048 92 62 38
0.0121 -0.2901 1.0048 83 57 30
0.0181 -0.2901 1.0048 77 53 29
0.0242 -0.2901 1.0048 85 59 34
0.0302 -0.2901 1.0048 86 60 37
0.0363 -0.2901 1.0048 87 61 36
0.0423 -0.2901 1.0048 86 62 34
0.0483 -0.2901 1.0048 86 58 34
0.0544 -0.2901 1.0048 85 59 36
0.0604 -0.2901 1.0048 91 67 43
0.0665 -0.2901 1.0048 85 57 35
0.0725 -0.2901 1.0048 77 56 29
0.0786 -0.2901 1.0048 86 65 38
0.0846 -0.2901 1.0048 93 67 44
0.0906 -0.2901 1.0049 90 58 33
0.0967 -0.2901 1.0049 90 59 39
0.1027 -0.2901 1.0049 154 112 62
0.1088 -0.2901 1.0050 163 119 70
0.1148 -0.2901 1.0051 165 119 69
0.1209 -0.2901 1.0051 167 123 74
0.1269 -0.2901 1.0051 158 114 67
0.1330 -0.2901 1.0050 165 119 70
0.1390 -0.2901 1.0050 159 118 66
0.1451 -0.2901 1.0050 165 122 69
0.1511 -0.2901 1.0049 170 122 76
0.1571 -0.2901 1.0049 166 119 75
0.1632 -0.2901 1.0049 168 121 75
0.1692 -0.2901 1.0049 166 124 74
0.1753 -0.2901 1.0049 142 100 52
0.1813 -0.2901 1.0049 161 120 68
0.1873 -0.2901 1.0049 164 118 66
0.1934 -0.2901 1.0048 166 122 75
0.1994 -0.2901 1.0048 172 128 79
0.2055 -0.2901 1.0048 163 119 70
0.2115 -0.2900 1.0048 164 117 73
0.2175 -0.2900 1.0047 164 118 69
0.2236 -0.2900 1.0047 160 117 66
0.2296 -0.2900 1.0047 160 117 66
0.2356 -0.2900 1.0047 168 122 73
0.2417 -0.2900 1.0046 166 120 71
0.2477 -0.2900 1.0046 173 125 79
0.2537 -0.2900 1.0046 157 113 68
0.2598 -0.2900 1.0046 167 123 78
0.2658 -0.2900 1.0045 166 119 75
0.2719 -0.2900 1.0045 169 121 75
0.2779 -0.2900 1.0045 165 117 69
0.2839 -0.2900 1.0045 169 121 75
0.2900 -0.2900 1.0045 167 123 74
0.2960 -0.2900 1.0045 160 112 66
0.3020 -0.2900 1.0045 162 118 71
0.3081 -0.2900 1.0044 157 114 69
0.3141 -0.2900 1.0044 146 105 61
0.3202 -0.2900 1.0044 148 105 62
0.3262 -0.2899 1.0044 150 102 62
0.3322 -0.2899 1.0044 145 102 60
0.3383 -0.2899 1.0044 150 107 65
0.3443 -0.2899 1.0044 145 100 59
0.3503 -0.2899 1.0044 154 109 67
0.3564 -0.2899 1.0044 150 107 64
0.3624 -0.2899 1.0044 142 99 56
0.3685 -0.2899 1.0043 148 105 60
0.3745 -0.2899 1.0043 148 104 59
0.3805 -0.2899 1.0043 149 104 62
0.3866 -0.2899 1.0043 153 113 64
0.3926 -0.2899 1.0043 151 109 59
0.3987 -0.2899 1.0044 147 103 56
0.4047 -0.2899 1.0044 145 102 59
0.4107 -0.2899 1.0044 146 99 55
0.4168 -0.2899 1.0044 147 102 60
0.4228 -0.2899 1.0044 140 97 55
0.4289 -0.2899 1.0044 144 103 59
0.4349 -0.2899 1.0044 151 108 57
0.4410 -0.2899 1.0044 143 102 58
0.4470 -0.2900 1.0044 150 107 62
0.4531 -0.2900 1.0044 149 102 56
0.4591 -0.2900 1.0045 142 97 55
0.4652 -0.2900 1.0045 154 109 67
0.4712 -0.2900 1.0045 149 106 63
0.4773 -0.2900 1.0046 151 107 62
0.4833 -0.2900 1.0046 146 99 55
0.4894 -0.2900 1.0046 151 102 61
0.4955 -0.2900 1.0047 168 122 73
0.5015 -0.2901 1.0048 175 129 80
0.5076 -0.2901 1.0049 129 91 44
0.5138 -0.2901 1.0050 169 121 75
0.5199 -0.2902 1.0052 148 134 105
0.5261 -0.2903 1.0055 123 152 182
0.5324 -0.2904 1.0059 131 155 189
0.5386 -0.2905 1.0062 127 151 185
0.5447 -0.2905 1.0064 121 145 179
0.5508 -0.2905 1.0065 125 148 180
0.5569 -0.2905 1.0065 127 152 183
0.5631 -0.2906 1.0068 128 153 184
0.5692 -0.2906 1.0068 130 154 192
0.5750 -0.2905 1.0065 117 143 176
-0.5787 -0.2954 1.0023 105 93 79
-0.5726 -0.2954 1.0023 97 85 71
-0.5665 -0.2953 1.0021 101 89 75
-0.5605 -0.2953 1.0021 101 89 75
-0.5546 -0.2954 1.0023 102 92 80
-0.5488 -0.2955 1.0027 91 83 70
-0.5429 -0.2956 1.0029 97 90 74
-0.5368 -0.2955 1.0029 97 90 74
-0.5306 -0.2955 1.0027 104 95 80
-0.5245 -0.2954 1.0024 98 95 80
-0.5184 -0.2954 1.0023 157 125 87
-0.5124 -0.2954 1.0023 159 117 79
-0.5063 -0.2954 1.0023 161 130 86
-0.5003 -0.2954 1.0024 154 121 80
-0.4944 -0.2954 1.0025 152 117 75
-0.4884 -0.2955 1.0026 129 96 53
-0.4824 -0.2955 1.0027 144 106 69
-0.4764 -0.2955 1.0028 142 104 67
-0.4704 -0.2955 1.0028 150 115 77
-0.4644 -0.2955 1.0028 141 106 66
-0.4583 -0.2955 1.0027 148 113 75
-0.4522 -0.2955 1.0026 144 111 70
-0.4462 -0.2954 1.0025 143 108 68
-0.4401 -0.2954 1.0025 138 106 67
-0.4341 -0.2954 1.0025 140 107 66
-0.4281 -0.2955 1.0026 146 111 73
-0.4221 -0.2955 1.0027 146 111 71
-0.4161 -0.2955 1.0028 146 113 72
-0.4101 -0.2955 1.0029 143 105 69
-0.4041 -0.2956 1.0030 139 105 68
-0.3981 -0.2956 1.0030 146 106 71
-0.3920 -0.2955 1.0029 143 109 71
-0.3860 -0.2955 1.0027 141 109 70
-0.3799 -0.2955 1.0026 141 112 70
-0.3738 -0.2954 1.0026 136 107 63
-0.3678 -0.2954 1.0025 142 109 68
-0.3618 -0.2954 1.0025 143 108 66
-0.3558 -0.2955 1.0026 146 111 69
-0.3498 -0.2955 1.0027 144 109 69
-0.3438 -0.2955 1.0028 145 110 72
-0.3378 -0.2956 1.0030 142 107 69
-0.3318 -0.2956 1.0031 143 109 71
-0.3258 -0.2956 1.0031 143 108 70
-0.3197 -0.2956 1.0031 136 103 60
-0.3137 -0.2956 1.0030 146 111 71
-0.3076 -0.2956 1.0029 134 99 57
-0.3016 -0.2955 1.0029 160 123 78
-0.2955 -0.2955 1.0029 154 120 74
-0.2895 -0.2955 1.0029 154 120 74
-0.2835 -0.2955 1.0028 157 123 77
-0.2774 -0.2955 1.0028 161 124 80
-0.2714 -0.2955 1.0028 152 113 70
-0.2653 -0.2955 1.0027 158 119 76
-0.2593 -0.2955 1.0027 155 116 75
-0.2533 -0.2955 1.0027 157 123 78
-0.2472 -0.2955 1.0026 158 123 81
-0.2412 -0.2955 1.0026 154 116 77
-0.2351 -0.2954 1.0025 152 121 77
-0.2291 -0.2954 1.0025 169 128 84
-0.2231 -0.2954 1.0025 152 119 74
-0.2170 -0.2954 1.0025 158 123 81
-0.2110 -0.2954 1.0025 160 125 85
-0.2050 -0.2955 1.0026 151 116 76
-0.1990 -0.2955 1.0027 152 115 73
-0.1930 -0.2955 1.0028 164 127 85
-0.1870 -0.2955 1.0029 163 129 84
-0.1810 -0.2956 1.0030 157 122 84
-0.1750 -0.2956 1.0031 155 117 78
-0.1689 -0.2956 1.0032 159 125 80
-0.1629 -0.2957 1.0033 162 131 87
-0.1569 -0.2957 1.0033 133 102 58
-0.1508 -0.2957 1.0033 162 130 81
-0.1448 -0.2957 1.0033 159 127 80
-0.1388 -0.2957 1.0035 160 128 81
-0.1328 -0.2958 1.0039 159 127 80
-0.1268 -0.2959 1.0042 152 118 73
-0.1208 -0.2960 1.0043 160 125 83
-0.1148 -0.2960 1.0043 164 125 84
-0.1087 -0.2959 1.0042 159 120 79
-0.1026 -0.2958 1.0039 152 118 80
-0.0966 -0.2957 1.0036 84 58 31
-0.0905 -0.2957 1.0033 78 54 30
-0.0845 -0.2956 1.0030 79 59 34
-0.0784 -0.2955 1.0028 83 59 33
-0.0724 -0.2955 1.0027 81 53 29
-0.0663 -0.2955 1.0026 81 57 29
-0.0603 -0.2954 1.0025 82 58 34
-0.0543 -0.2954 1.0025 89 63 36
-0.0482 -0.2955 1.0026 93 69 41
-0.0422 -0.2955 1.0027 75 51 23
-0.0362 -0.2955 1.0028 84 60 32
-0.0302 -0.2955 1.0029 80 56 28
-0.0241 -0.2956 1.0029 86 60 33
-0.0181 -0.2956 1.0030 79 58 31
-0.0121 -0.2956 1.0030 75 58 30
-0.0060 -0.2956 1.0030 82 61 34
0.0000 -0.2956 1.0031 77 58 28
0.0060 -0.2956 1.0031 76 49 22
0.0121 -0.2956 1.0031 80 57 26
0.0181 -0.2956 1.0031 87 66 39
0.0241 -0.2956 1.0031 93 70 39
0.0302 -0.2956 1.0030 81 57 29
0.0362 -0.2956 1.0030 76 52 24
0.0422 -0.2955 1.0029 90 69 40
0.0482 -0.2955 1.0028 78 54 28
0.0543 -0.2955 1.0028 86 62 36
0.0603 -0.2955 1.0028 80 59 32
0.0663 -0.2955 1.0029 84 60 34
0.0724 -0.2956 1.0030 87 61 36
0.0784 -0.2956 1.0030 79 55 29
0.0845 -0.2956 1.0030 81 60 33
0.0905 -0.2956 1.0030 93 69 41
0.0965 -0.2956 1.0032 80 53 26
0.1026 -0.2957 1.0036 156 122 77
0.1087 -0.2959 1.0039 161 127 81
0.1147 -0.2959 1.0042 163 126 81
0.1208 -0.2960 1.0043 159 122 78
0.1268 -0.2959 1.0042 159 122 80
0.1328 -0.2959 1.0040 154 117 73
0.1388 -0.2958 1.0037 160 123 81
0.1448 -0.2957 1.0035 151 114 70
0.1509 -0.2957 1.0034 161 124 80
0.1569 -0.2957 1.0033 163 126 82
0.1629 -0.2956 1.0032 152 115 73
0.1689 -0.2956 1.0032 157 122 84
0.1750 -0.2956 1.0032 130 94 58
0.1810 -0.2957 1.0033 154 121 80
0.1871 -0.2957 1.0033 154 123 79
0.1931 -0.2957 1.0034 154 119 77
0.1991 -0.2957 1.0034 159 122 78
0.2052 -0.2957 1.0035 155 121 76
0.2112 -0.2957 1.0036 158 124 79
0.2173 -0.2957 1.0036 156 122 77
0.2233 -0.2957 1.0035 160 126 81
0.2293 -0.2957 1.0034 159 126 83
0.2353 -0.2957 1.0033 151 116 76
0.2413 -0.2956 1.0032 156 121 79
0.2473 -0.2956 1.0031 151 114 72
0.2534 -0.2956 1.0030 163 128 86
0.2594 -0.2956 1.0029 159 125 80
0.2654 -0.2955 1.0028 151 114 72
0.2714 -0.2955 1.0027 159 122 78
0.2774 -0.2955 1.0026 158 121 77
0.2834 -0.2954 1.0026 158 121 79
0.2894 -0.2954 1.0025 157 123 78
0.2954 -0.2954 1.0025 149 112 70
0.3015 -0.2954 1.0025 161 126 84
0.3075 -0.2954 1.0025 150 115 73
0.3135 -0.2954 1.0026 148 110 71
0.3196 -0.2955 1.0026 147 112 70
0.3256 -0.2955 1.0027 141 106 66
0.3317 -0.2955 1.0027 144 105 66
0.3377 -0.2955 1.0028 146 111 73
0.3437 -0.2955 1.0028 144 104 68
0.3498 -0.2955 1.0028 147 109 72
0.3559 -0.2955 1.0029 141 103 66
0.3619 -0.2956 1.0030 144 105 64
0.3680 -0.2956 1.0031 158 121 79
0.3741 -0.2956 1.0032 142 103 62
0.3801 -0.2956 1.0033 142 104 65
0.3862 -0.2957 1.0033 145 110 70
0.3922 -0.2956 1.0033 143 105 68
0.3982 -0.2956 1.0032 143 105 68
0.4042 -0.2956 1.0032 142 104 67
0.4103 -0.2956 1.0032 138 104 66
0.4163 -0.2956 1.0032 144 112 73
0.4224 -0.2956 1.0032 140 106 69
0.4284 -0.2956 1.0032 140 104 68
0.4344 -0.2956 1.0032 142 107 65
0.4404 -0.2956 1.0032 148 114 69
0.4465 -0.2956 1.0032 141 105 69
0.4525 -0.2956 1.0032 140 106 71
0.4585 -0.2956 1.0032 145 107 68
0.4645 -0.2956 1.0031 143 105 66
0.4705 -0.2956 1.0031 138 99 60
0.4766 -0.2956 1.0031 151 112 73
0.4827 -0.2956 1.0032 144 106 69
0.4888 -0.2957 1.0034 144 110 65
0.4949 -0.2957 1.0035 160 125 85
0.5009 -0.2957 1.0034 147 114 73
0.5067 -0.2956 1.0031 126 93 52
0.5126 -0.2955 1.0028 151 117 79
0.5186 -0.2955 1.0026 151 120 92
0.5246 -0.2954 1.0025 105 93 79
0.5306 -0.2954 1.0025 102 95 77
0.5366 -0.2954 1.0024 105 95 83
0.5425 -0.2954 1.0024 103 89 78
0.5485 -0.2954 1.0023 105 96 81
0.5546 -0.2954 1.0024 100 93 77
0.5607 -0.2954 1.0025 105 95 83
0.5668 -0.2955 1.0026 104 94 84
0.5728 -0.2954 1.0025 105 95 85
-0.5776 -0.3008 1.0005 109 90 60
-0.5717 -0.3009 1.0006 112 91 62
-0.5657 -0.3009 1.0007 112 88 60
-0.5597 -0.3009 1.0007 114 93 64
-0.5537 -0.3009 1.0006 104 85 55
-0.5476 -0.3009 1.0006 111 95 62
-0.5416 -0.3009 1.0006 107 88 55
-0.5356 -0.3009 1.0006 111 92 62
-0.5296 -0.3009 1.0007 112 89 57
-0.5236 -0.3009 1.0007 106 91 58
-0.5176 -0.3009 1.0007 109 88 57
-0.5115 -0.3009 1.0007 115 92 61
-0.5055 -0.3009 1.0007 113 89 61
-0.4995 -0.3009 1.0007 107 85 61
-0.4935 -0.3009 1.0007 99 75 51
-0.4875 -0.3009 1.0007 116 92 64
-0.4815 -0.3009 1.0007 108 89 57
-0.4754 -0.3009 1.0007 112 92 65
-0.4694 -0.3009 1.0007 108 90 66
-0.4634 -0.3009 1.0007 106 89 61
-0.4574 -0.3009 1.0007 104 84 51
-0.4514 -0.3009 1.0007 118 100 64
-0.4454 -0.3009 1.0007 107 91 57
-0.4393 -0.3009 1.0007 108 87 56
-0.4333 -0.3009 1.0007 111 95 62
-0.4273 -0.3009 1.0007 109 85 57
-0.4213 -0.3009 1.0007 113 90 59
-0.4153 -0.3009 1.0007 110 93 63
-0.4092 -0.3009 1.0007 111 91 58
-0.4032 -0.3009 1.0007 118 100 64
-0.3972 -0.3009 1.0007 106 90 56
-0.3912 -0.3009 1.0007 110 91 58
-0.3852 -0.3009 1.0007 107 86 55
-0.3791 -0.3009 1.0007 109 90 58
-0.3731 -0.3009 1.0007 113 94 62
-0.3671 -0.3009 1.0007 105 85 58
-0.3611 -0.3009 1.0007 113 92 63
-0.3551 -0.3009 1.0007 107 88 58
-0.3491 -0.3009 1.0007 114 95 65
-0.3430 -0.3009 1.0007 107 87 60
-0.3370 -0.3009 1.0007 110 91 59
-0.3310 -0.3009 1.0007 120 99 68
-0.3250 -0.3009 1.0007 109 86 55
-0.3190 -0.3009 1.0007 107 87 54
-0.3129 -0.3009 1.0007 108 89 59
-0.3069 -0.3009 1.0007 108 87 58
-0.3009 -0.3009 1.0007 108 87 56
-0.2949 -0.3009 1.0007 102 81 50
-0.2889 -0.3009 1.0007 106 90 56
-0.2828 -0.3009 1.0007 107 91 57
-0.2768 -0.3009 1.0006 111 92 60
-0.2708 -0.3009 1.0006 112 91 62
-0.2648 -0.3009 1.0006 111 95 62
-0.2588 -0.3009 1.0006 111 95 62
-0.2527 -0.3009 1.0006 114 95 63
-0.2467 -0.3009 1.0006 106 91 60
-0.2407 -0.3009 1.0006 103 86 58
-0.2347 -0.3009 1.0006 108 87 58
-0.2287 -0.3009 1.0006 111 87 59
-0.2227 -0.3009 1.0006 115 89 64
-0.2166 -0.3009 1.0006 111 92 62
-0.2106 -0.3009 1.0006 105 86 56
-0.2046 -0.3009 1.0006 107 91 58
-0.1986 -0.3009 1.0006 102 87 54
-0.1926 -0.3009 1.0006 105 84 57
-0.1866 -0.3009 1.0006 109 88 59
-0.1805 -0.3009 1.0006 117 98 66
-0.1745 -0.3009 1.0006 111 92 62
-0.1685 -0.3009 1.0006 112 91 62
-0.1625 -0.3009 1.0006 108 84 56
-0.1565 -0.3009 1.0006 113 92 65
-0.1504 -0.3009 1.0006 113 87 62
-0.1444 -0.3009 1.0006 113 89 63
-0.1384 -0.3009 1.0006 111 90 61
-0.1324 -0.3009 1.0006 116 95 66
-0.1264 -0.3009 1.0006 112 88 64
-0.1204 -0.3009 1.0006 104 88 55
-0.1143 -0.3009 1.0006 113 98 65
-0.1083 -0.3009 1.0006 106 87 54
-0.1023 -0.3009 1.0006 112 91 60
-0.0963 -0.3009 1.0006 105 84 53
-0.0903 -0.3009 1.0006 109 88 57
-0.0842 -0.3009 1.0006 108 89 59
-0.0782 -0.3009 1.0006 111 90 59
-0.0722 -0.3009 1.0006 114 91 59
-0.0662 -0.3009 1.0006 113 94 64
-0.0602 -0.3009 1.0006 114 93 64
-0.0542 -0.3009 1.0006 113 89 61
-0.0481 -0.3009 1.0006 110 91 59
-0.0421 -0.3009 1.0006 106 87 55
-0.0361 -0.3009 1.0005 121 102 70
-0.0301 -0.3009 1.0005 109 88 57
-0.0241 -0.3009 1.0005 109 94 63
-0.0181 -0.3009 1.0005 114 93 64
-0.0120 -0.3009 1.0005 115 89 62
-0.0060 -0.3009 1.0005 100 81 49
0.0000 -0.3009 1.0005 110 94 61
0.0060 -0.3009 1.0005 112 91 62
0.0120 -0.3009 1.0005 117 96 65
0.0181 -0.3009 1.0005 108 89 59
0.0241 -0.3009 1.0005 112 92 59
0.0301 -0.3009 1.0005 104 83 54
0.0361 -0.3009 1.0005 109 88 57
0.0421 -0.3009 1.0005 109 88 57
0.0481 -0.3009 1.0005 113 94 64
0.0542 -0.3009 1.0005 112 91 62
0.0602 -0.3009 1.0005 105 81 53
0.0662 -0.3009 1.0005 110 91 61
0.0722 -0.3009 1.0005 107 86 57
0.0782 -0.3009 1.0005 115 96 66
0.0842 -0.3009 1.0005 111 92 62
0.0903 -0.3009 1.0005 105 84 55
0.0963 -0.3008 1.0005 111 95 62
0.1023 -0.3008 1.0004 111 89 65
0.1083 -0.3008 1.0004 110 90 57
0.1143 -0.3008 1.0004 111 90 61
0.1203 -0.3008 1.0004 105 84 53
0.1263 -0.3008 1.0004 104 87 61
0.1324 -0.3008 1.0004 104 87 61
0.1384 -0.3008 1.0004 112 91 64
0.1444 -0.3008 1.0004 107 90 64
0.1504 -0.3008 1.0004 106 89 59
0.1564 -0.3008 1.0004 108 89 57
0.1624 -0.3008 1.0004 122 103 73
0.1685 -0.3008 1.0004 103 88 55
0.1745 -0.3008 1.0004 108 92 58
0.1805 -0.3008 1.0004 110 89 58
0.1865 -0.3008 1.0004 113 90 58
0.1925 -0.3008 1.0004 113 90 59
0.1985 -0.3008 1.0004 108 87 60
0.2046 -0.3008 1.0004 107 87 60
0.2106 -0.3008 1.0004 110 91 59
0.2166 -0.3008 1.0004 112 93 61
0.2226 -0.3008 1.0004 108 89 57
0.2286 -0.3008 1.0004 103 84 54
0.2346 -0.3008 1.0004 112 93 63
0.2406 -0.3008 1.0004 106 86 59
0.2467 -0.3008 1.0004 104 84 57
0.2527 -0.3008 1.0004 114 97 67
0.2587 -0.3008 1.0004 114 95 65
0.2647 -0.3008 1.0004 110 89 60
0.2707 -0.3008 1.0004 104 83 54
0.2768 -0.3008 1.0004 110 91 61
0.2828 -0.3008 1.0004 111 91 64
0.2888 -0.3008 1.0004 111 94 64
0.2948 -0.3008 1.0004 112 92 65
0.3008 -0.3008 1.0004 107 86 59
0.3068 -0.3008 1.0004 106 85 58
0.3128 -0.3008 1.0004 103 82 55
0.3189 -0.3008 1.0004 117 97 64
0.3249 -0.3008 1.0004 110 89 60
0.3309 -0.3008 1.0004 107 90 60
0.3369 -0.3008 1.0004 111 92 62
0.3429 -0.3008 1.0004 106 85 56
0.3489 -0.3008 1.0004 110 90 63
0.3550 -0.3008 1.0004 107 88 58
0.3610 -0.3008 1.0004 111 90 59
0.3670 -0.3008 1.0004 105 85 58
0.3730 -0.3008 1.0004 112 88 62
0.3790 -0.3008 1.0004 111 90 61
0.3850 -0.3008 1.0004 109 90 58
0.3911 -0.3008 1.0004 113 92 63
0.3971 -0.3008 1.0004 106 86 59
0.4031 -0.3008 1.0004 110 94 60
0.4091 -0.3008 1.0004 110 89 60
0.4151 -0.3008 1.0004 117 93 65
0.4212 -0.3008 1.0004 111 90 61
0.4272 -0.3008 1.0004 114 95 65
0.4332 -0.3008 1.0004 113 96 68
0.4392 -0.3008 1.0004 114 98 64
0.4452 -0.3008 1.0004 108 93 60
0.4512 -0.3008 1.0004 104 90 55
0.4573 -0.3008 1.0004 103 84 52
0.4633 -0.3008 1.0004 115 94 65
0.4693 -0.3008 1.0005 107 88 58
0.4753 -0.3008 1.0005 111 92 62
0.4814 -0.3008 1.0005 117 96 65
0.4874 -0.3008 1.0005 115 95 68
0.4934 -0.3008 1.0005 112 93 61
0.4994 -0.3008 1.0005 113 94 62
0.5054 -0.3008 1.0005 110 89 60
0.5114 -0.3008 1.0005 102 83 51
0.5175 -0.3008 1.0005 107 88 58
0.5235 -0.3008 1.0005 108 89 57
0.5295 -0.3008 1.0005 106 87 57
0.5355 -0.3008 1.0005 103 88 55
0.5415 -0.3008 1.0005 111 96 63
0.5475 -0.3008 1.0005 115 92 61
0.5535 -0.3008 1.0005 113 90 59
0.5596 -0.3008 1.0005 118 97 66
0.5656 -0.3008 1.0004 111 90 61
0.5715 -0.3008 1.0003 114 90 62
-0.5777 -0.3069 1.0005 113 94 61
-0.5717 -0.3069 1.0006 116 96 63
-0.5657 -0.3069 1.0007 116 93 62
-0.5597 -0.3069 1.0007 106 85 54
-0.5537 -0.3069 1.0007 106 87 55
-0.5477 -0.3069 1.0007 110 90 63
-0.5416 -0.3069 1.0007 121 101 76
-0.5356 -0.3069 1.0007 112 92 65
-0.5296 -0.3069 1.0007 110 95 64
-0.5236 -0.3069 1.0007 117 90 60
-0.5176 -0.3069 1.0007 104 84 59
-0.5116 -0.3069 1.0007 105 84 53
-0.5055 -0.3069 1.0007 106 87 54
-0.4995 -0.3069 1.0007 116 100 67
-0.4935 -0.3069 1.0007 113 97 63
-0.4875 -0.3069 1.0007 99 80 48
-0.4815 -0.3069 1.0007 111 90 59
-0.4754 -0.3069 1.0007 110 87 55
-0.4694 -0.3069 1.0007 106 82 54
-0.4634 -0.3069 1.0007 115 91 63
-0.4574 -0.3069 1.0007 113 93 66
-0.4514 -0.3069 1.0007 109 88 61
-0.4454 -0.3069 1.0007 116 95 68
-0.4393 -0.3069 1.0007 109 92 64
-0.4333 -0.3069 1.0007 110 93 65
-0.4273 -0.3069 1.0007 107 90 62
-0.4213 -0.3069 1.0007 103 88 55
-0.4153 -0.3069 1.0007 103 86 56
-0.4092 -0.3069 1.0007 108 89 59
-0.4032 -0.3069 1.0007 109 83 56
-0.3972 -0.3069 1.0007 109 92 64
-0.3912 -0.3069 1.0007 122 94 70
-0.3852 -0.3069 1.0007 109 88 59
-0.3791 -0.3069 1.0007 107 86 57
-0.3731 -0.3069 1.0007 101 82 52
-0.3671 -0.3069 1.0007 105 85 58
-0.3611 -0.3069 1.0007 105 84 55
-0.3551 -0.3069 1.0007 106 87 57
-0.3490 -0.3069 1.0007 104 85 55
-0.3430 -0.3069 1.0007 103 82 55
-0.3370 -0.3069 1.0007 108 88 61
-0.3310 -0.3069 1.0007 103 83 56
-0.3250 -0.3069 1.0007 108 91 65
-0.3190 -0.3069 1.0007 107 90 62
-0.3129 -0.3069 1.0007 111 90 63
-0.3069 -0.3069 1.0007 111 90 63
-0.3009 -0.3069 1.0007 109 88 61
-0.2949 -0.3069 1.0007 106 85 58
-0.2889 -0.3069 1.0007 115 96 66
-0.2828 -0.3069 1.0007 102 83 53
-0.2768 -0.3069 1.0007 112 93 63
-0.2708 -0.3069 1.0006 106 85 56
-0.2648 -0.3069 1.0006 106 85 54
-0.2588 -0.3069 1.0006 109 88 59
-0.2528 -0.3069 1.0006 120 99 68
-0.2467 -0.3069 1.0006 105 82 51
-0.2407 -0.3069 1.0006 107 90 62
-0.2347 -0.3069 1.0006 109 92 64
-0.2287 -0.3069 1.0006 103 86 58
-0.2227 -0.3069 1.0006 106 86 59
-0.2166 -0.3069 1.0006 108 89 59
-0.2106 -0.3069 1.0006 110 91 59
-0.2046 -0.3069 1.0006 106 87 55
-0.1986 -0.3069 1.0006 114 97 67
-0.1926 -0.3069 1.0006 113 94 62
-0.1866 -0.3069 1.0006 111 93 57
-0.1805 -0.3069 1.0006 109 90 58
-0.1745 -0.3069 1.0006 109 90 60
-0.1685 -0.3069 1.0006 108 94 59
-0.1625 -0.3069 1.0006 107 88 55
-0.1565 -0.3069 1.0006 108 88 55
-0.1504 -0.3069 1.0006 116 99 69
-0.1444 -0.3069 1.0006 107 90 60
-0.1384 -0.3069 1.0006 104 84 57
-0.1324 -0.3069 1.0006 107 90 62
-0.1264 -0.3069 1.0006 113 96 68
-0.1204 -0.3069 1.0006 106 87 57
-0.1143 -0.3069 1.0006 106 86 61
-0.1083 -0.3069 1.0006 105 84 57
-0.1023 -0.3069 1.0006 112 86 63
-0.0963 -0.3069 1.0006 115 88 61
-0.0903 -0.3069 1.0006 118 102 69
-0.0842 -0.3069 1.0006 120 97 66
-0.0782 -0.3069 1.0006 106 83 52
-0.0722 -0.3069 1.0006 112 93 61
-0.0662 -0.3069 1.0006 106 89 61
-0.0602 -0.3069 1.0006 110 91 59
-0.0542 -0.3069 1.0005 110 91 61
-0.0481 -0.3069 1.0005 103 82 53
-0.0421 -0.3069 1.0005 100 79 48
-0.0361 -0.3069 1.0005 113 94 62
-0.0301 -0.3069 1.0005 114 90 64
-0.0241 -0.3069 1.0005 118 94 66
-0.0181 -0.3069 1.0005 110 91 61
-0.0120 -0.3069 1.0005 111 94 64
-0.0060 -0.3069 1.0005 113 93 60
0.0000 -0.3069 1.0005 112 92 59
0.0060 -0.3069 1.0005 102 85 55
0.0120 -0.3069 1.0005 112 93 61
0.0181 -0.3069 1.0005 110 91 61
0.0241 -0.3069 1.0005 102 81 50
0.0301 -0.3069 1.0005 111 91 64
0.0361 -0.3069 1.0005 103 84 52
0.0421 -0.3069 1.0005 116 95 64
0.0481 -0.3069 1.0005 109 90 60
0.0542 -0.3069 1.0005 111 92 62
0.0602 -0.3069 1.0005 113 89 61
0.0662 -0.3069 1.0005 115 92 61
0.0722 -0.3069 1.0005 109 90 60
0.0782 -0.3069 1.0005 112 91 60
0.0842 -0.3069 1.0005 113 94 62
0.0903 -0.3069 1.0005 112 91 62
0.0963 -0.3069 1.0005 116 97 64
0.1023 -0.3069 1.0004 110 90 65
0.1083 -0.3068 1.0004 113 94 64
0.1143 -0.3068 1.0004 106 85 54
0.1203 -0.3068 1.0004 111 92 60
0.1263 -0.3068 1.0004 112 93 63
0.1324 -0.3068 1.0004 112 93 61
0.1384 -0.3068 1.0004 112 96 62
0.1444 -0.3068 1.0004 108 89 57
0.1504 -0.3068 1.0004 112 91 62
0.1564 -0.3068 1.0004 116 92 64
0.1624 -0.3068 1.0004 114 90 62
0.1685 -0.3068 1.0004 112 89 58
0.1745 -0.3068 1.0004 119 94 63
0.1805 -0.3068 1.0004 106 83 52
0.1865 -0.3068 1.0004 114 97 67
0.1925 -0.3068 1.0004 104 85 55
0.1985 -0.3068 1.0004 114 93 66
0.2046 -0.3068 1.0004 113 93 66
0.2106 -0.3068 1.0004 110 90 63
0.2166 -0.3068 1.0004 112 93 63
0.2226 -0.3068 1.0004 107 83 55
0.2286 -0.3068 1.0004 112 88 60
0.2346 -0.3068 1.0004 115 91 63
0.2407 -0.3068 1.0004 114 93 62
0.2467 -0.3068 1.0004 109 85 57
0.2527 -0.3068 1.0004 117 96 65
0.2587 -0.3068 1.0004 105 84 55
0.2647 -0.3068 1.0004 110 85 55
0.2707 -0.3068 1.0004 114 93 62
0.2768 -0.3068 1.0004 109 88 59
0.2828 -0.3068 1.0004 119 95 67
0.2888 -0.3068 1.0004 113 92 61
0.2948 -0.3068 1.0004 109 90 60
0.3008 -0.3068 1.0004 104 83 52
0.3068 -0.3068 1.0004 115 96 64
0.3128 -0.3068 1.0004 109 88 59
0.3189 -0.3068 1.0004 103 82 51
0.3249 -0.3068 1.0004 112 95 65
0.3309 -0.3068 1.0004 98 74 48
0.3369 -0.3068 1.0004 110 91 61
0.3429 -0.3068 1.0004 108 87 58
0.3489 -0.3068 1.0004 110 89 60
0.3550 -0.3068 1.0004 112 93 61
0.3610 -0.3068 1.0004 110 91 61
0.3670 -0.3068 1.0004 105 88 60
0.3730 -0.3068 1.0004 103 84 54
0.3790 -0.3068 1.0004 111 92 62
0.3850 -0.3068 1.0004 110 93 63
0.3911 -0.3068 1.0004 108 89 57
0.3971 -0.3068 1.0004 113 94 62
0.4031 -0.3068 1.0004 105 88 58
0.4091 -0.3068 1.0004 102 86 52
0.4151 -0.3068 1.0004 106 90 54
0.4212 -0.3068 1.0004 108 92 56
0.4272 -0.3068 1.0004 108 92 58
0.4332 -0.3068 1.0004 111 92 62
0.4392 -0.3068 1.0004 113 92 65
0.4452 -0.3068 1.0004 117 93 69
0.4512 -0.3068 1.0004 103 82 55
0.4573 -0.3068 1.0004 109 90 60
0.4633 -0.3068 1.0004 105 86 56
0.4693 -0.3068 1.0004 107 88 56
0.4753 -0.3068 1.0004 113 94 64
0.4813 -0.3069 1.0004 112 92 67
0.4874 -0.3069 1.0004 109 90 58
0.4934 -0.3069 1.0005 106 87 57
0.4994 -0.3069 1.0005 100 80 53
0.5054 -0.3069 1.0005 110 91 61
0.5114 -0.3069 1.0005 114 88 63
0.5174 -0.3069 1.0005 108 92 58
0.5235 -0.3069 1.0005 115 92 60
0.5295 -0.3069 1.0005 112 97 68
0.5355 -0.3069 1.0005 112 95 65
0.5415 -0.3069 1.0004 119 102 72
0.5475 -0.3069 1.0004 111 94 64
0.5535 -0.3069 1.0004 114 95 65
0.5596 -0.3069 1.0004 113 94 64
0.5656 -0.3069 1.0004 109 92 62
0.5715 -0.3068 1.0003 115 98 70
-0.5777 -0.3129 1.0006 106 91 58
-0.5717 -0.3129 1.0006 104 85 55
-0.5657 -0.3129 1.0007 112 93 63
-0.5597 -0.3129 1.0007 110 94 61
-0.5537 -0.3129 1.0007 111 92 62
-0.5477 -0.3129 1.0007 112 91 62
-0.5416 -0.3129 1.0007 108 89 59
-0.5356 -0.3129 1.0007 114 94 67
-0.5296 -0.3129 1.0007 112 93 63
-0.5236 -0.3129 1.0007 108 91 61
-0.5176 -0.3129 1.0007 100 81 49
-0.5115 -0.3129 1.0007 113 94 62
-0.5055 -0.3129 1.0007 110 86 58
-0.4995 -0.3129 1.0007 116 95 64
-0.4935 -0.3129 1.0007 115 96 64
-0.4875 -0.3129 1.0007 111 90 61
-0.4815 -0.3129 1.0007 111 90 63
-0.4754 -0.3129 1.0007 113 92 63
-0.4694 -0.3129 1.0007 108 89 57
-0.4634 -0.3129 1.0007 112 93 63
-0.4574 -0.3129 1.0007 112 93 63
-0.4514 -0.3129 1.0007 112 93 60
-0.4453 -0.3129 1.0007 111 88 56
-0.4393 -0.3129 1.0007 110 87 55
-0.4333 -0.3129 1.0007 108 89 57
-0.4273 -0.3129 1.0007 122 98 70
-0.4213 -0.3129 1.0007 110 91 59
-0.4153 -0.3129 1.0007 111 92 60
-0.4092 -0.3129 1.0007 104 84 57
-0.4032 -0.3129 1.0007 113 92 65
-0.3972 -0.3129 1.0007 107 88 58
-0.3912 -0.3129 1.0007 114 94 61
-0.3852 -0.3129 1.0007 109 89 56
-0.3791 -0.3129 1.0007 113 90 59
-0.3731 -0.3129 1.0007 112 91 62
-0.3671 -0.3129 1.0007 115 91 65
-0.3611 -0.3129 1.0007 114 93 62
-0.3551 -0.3129 1.0007 110 91 59
-0.3490 -0.3129 1.0007 112 91 62
-0.3430 -0.3129 1.0007 112 91 64
-0.3370 -0.3129 1.0007 113 92 61
-0.3310 -0.3129 1.0007 119 98 67
-0.3250 -0.3129 1.0007 109 88 59
-0.3190 -0.3129 1.0007 112 91 64
-0.3129 -0.3129 1.0007 105 86 54
-0.3069 -0.3129 1.0007 111 92 60
-0.3009 -0.3129 1.0007 110 89 60
-0.2949 -0.3129 1.0007 112 92 65
-0.2889 -0.3129 1.0007 107 90 62
-0.2828 -0.3129 1.0006 110 91 61
-0.2768 -0.3129 1.0006 110 91 61
-0.2708 -0.3129 1.0006 110 90 63
-0.2648 -0.3129 1.0006 115 91 65
-0.2588 -0.3129 1.0006 115 91 63
-0.2527 -0.3129 1.0006 108 85 54
-0.2467 -0.3129 1.0006 113 94 64
-0.2407 -0.3129 1.0006 105 86 56
-0.2347 -0.3129 1.0006 108 89 57
-0.2287 -0.3129 1.0006 108 87 56
-0.2227 -0.3129 1.0006 108 87 58
-0.2166 -0.3129 1.0006 105 86 54
-0.2106 -0.3129 1.0006 114 98 65
-0.2046 -0.3129 1.0006 111 94 64
-0.1986 -0.3129 1.0006 106 86 59
-0.1926 -0.3129 1.0006 114 93 64
-0.1865 -0.3129 1.0006 109 85 57
-0.1805 -0.3129 1.0006 118 97 66
-0.1745 -0.3129 1.0006 102 83 53
-0.1685 -0.3129 1.0006 114 95 63
-0.1625 -0.3129 1.0006 109 89 56
-0.1565 -0.3129 1.0006 119 96 64
-0.1504 -0.3129 1.0006 115 94 65
-0.1444 -0.3129 1.0006 106 90 57
-0.1384 -0.3129 1.0006 114 90 62
-0.1324 -0.3129 1.0006 110 86 60
-0.1264 -0.3129 1.0006 123 104 74
-0.1204 -0.3129 1.0006 114 95 65
-0.1143 -0.3129 1.0006 110 89 60
-0.1083 -0.3129 1.0006 105 88 58
-0.1023 -0.3129 1.0006 113 92 63
-0.0963 -0.3129 1.0006 108 89 57
-0.0903 -0.3129 1.0006 114 95 65
-0.0842 -0.3129 1.0006 114 94 67
-0.0782 -0.3129 1.0006 110 91 61
-0.0722 -0.3129 1.0006 105 89 56
-0.0662 -0.3129 1.0006 110 90 57
-0.0602 -0.3129 1.0006 108 89 57
-0.0542 -0.3129 1.0005 113 92 61
-0.0481 -0.3129 1.0005 99 82 52
-0.0421 -0.3129 1.0005 114 95 65
-0.0361 -0.3129 1.0005 106 87 55
-0.0301 -0.3129 1.0005 117 94 63
-0.0241 -0.3129 1.0005 111 91 64
-0.0181 -0.3129 1.0005 112 91 62
-0.0120 -0.3129 1.0005 109 88 57
-0.0060 -0.3129 1.0005 109 92 62
0.0000 -0.3129 1.0005 106 85 54
0.0060 -0.3129 1.0005 104 83 52
0.0120 -0.3129 1.0005 108 89 57
0.0181 -0.3129 1.0005 111 90 63
0.0241 -0.3129 1.0005 108 89 57
0.0301 -0.3129 1.0005 104 85 55
0.0361 -0.3129 1.0005 107 86 57
0.0421 -0.3129 1.0005 115 91 63
0.0481 -0.3129 1.0005 108 89 59
0.0542 -0.3129 1.0005 104 83 56
0.0602 -0.3129 1.0005 103 84 52
0.0662 -0.3129 1.0005 109 85 57
0.0722 -0.3129 1.0005 105 84 55
0.0782 -0.3129 1.0005 106 82 54
0.0842 -0.3129 1.0005 112 91 64
0.0903 -0.3129 1.0004 110 89 60
0.0963 -0.3129 1.0004 113 89 63
0.1023 -0.3129 1.0004 117 96 65
0.1083 -0.3129 1.0004 115 96 66
0.1143 -0.3129 1.0004 108 89 59
0.1203 -0.3129 1.0004 101 82 52
0.1263 -0.3129 1.0004 110 87 56
0.1324 -0.3129 1.0004 105 86 54
0.1384 -0.3129 1.0004 108 93 60
0.1444 -0.3128 1.0004 103 84 54
0.1504 -0.3128 1.0004 107 90 60
0.1564 -0.3128 1.0004 112 89 58
0.1624 -0.3128 1.0004 111 91 58
0.1685 -0.3128 1.0004 107 91 58
0.1745 -0.3128 1.0004 109 88 57
0.1805 -0.3128 1.0004 110 89 58
0.1865 -0.3128 1.0004 109 88 59
0.1925 -0.3128 1.0004 105 84 55
0.1985 -0.3128 1.0004 104 88 55
0.2046 -0.3128 1.0004 112 91 60
0.2106 -0.3129 1.0004 113 97 64
0.2166 -0.3129 1.0004 110 89 58
0.2226 -0.3129 1.0004 108 93 64
0.2286 -0.3129 1.0004 103 84 52
0.2346 -0.3129 1.0004 119 95 69
0.2407 -0.3129 1.0004 110 91 59
0.2467 -0.3128 1.0004 115 94 63
0.2527 -0.3128 1.0004 115 96 63
0.2587 -0.3128 1.0004 107 88 56
0.2647 -0.3128 1.0004 108 89 57
0.2707 -0.3128 1.0004 109 93 60
0.2767 -0.3128 1.0004 112 93 60
0.2828 -0.3128 1.0004 107 88 56
0.2888 -0.3128 1.0004 101 80 49
0.2948 -0.3128 1.0004 110 89 58
0.3008 -0.3128 1.0004 115 94 63
0.3068 -0.3128 1.0004 107 88 56
0.3128 -0.3128 1.0004 99 82 52
0.3189 -0.3128 1.0004 112 93 63
0.3249 -0.3128 1.0004 109 88 57
0.3309 -0.3128 1.0004 110 89 60
0.3369 -0.3128 1.0004 112 93 61
0.3429 -0.3128 1.0004 113 90 59
0.3489 -0.3128 1.0004 112 86 59
0.3550 -0.3128 1.0004 104 84 57
0.3610 -0.3128 1.0004 108 86 63
0.3670 -0.3128 1.0004 112 91 60
0.3730 -0.3128 1.0004 111 93 57
0.3790 -0.3128 1.0004 113 93 66
0.3850 -0.3128 1.0004 111 91 64
0.3911 -0.3128 1.0004 102 81 50
0.3971 -0.3129 1.0004 109 89 56
0.4031 -0.3129 1.0004 115 96 64
0.4091 -0.3129 1.0004 111 96 65
0.4151 -0.3129 1.0004 106 89 59
0.4211 -0.3129 1.0004 105 84 57
0.4272 -0.3129 1.0004 116 90 65
0.4332 -0.3129 1.0004 112 93 63
0.4392 -0.3129 1.0004 102 81 52
0.4452 -0.3129 1.0004 115 96 64
0.4512 -0.3129 1.0004 111 92 60
0.4573 -0.3129 1.0004 111 90 63
0.4633 -0.3129 1.0004 110 91 61
0.4693 -0.3129 1.0004 107 88 56
0.4753 -0.3129 1.0004 109 93 60
0.4813 -0.3129 1.0004 113 94 62
0.4874 -0.3129 1.0004 107 86 57
0.4934 -0.3129 1.0004 109 88 59
0.4994 -0.3129 1.0004 116 97 67
0.5054 -0.3129 1.0004 115 96 63
0.5114 -0.3129 1.0004 115 94 65
0.5174 -0.3129 1.0004 110 91 59
0.5235 -0.3129 1.0004 107 86 55
0.5295 -0.3129 1.0004 113 88 58
0.5355 -0.3129 1.0004 111 92 60
0.5415 -0.3129 1.0004 121 96 66
0.5475 -0.3129 1.0004 107 86 55
0.5535 -0.3129 1.0004 113 89 61
0.5595 -0.3129 1.0004 109 90 60
0.5656 -0.3129 1.0004 110 89 60
0.5715 -0.3128 1.0002 107 84 53
-0.5777 -0.3189 1.0006 106 85 56
-0.5717 -0.3189 1.0006 110 91 61
-0.5657 -0.3190 1.0007 111 94 64
-0.5597 -0.3190 1.0007 111 92 60
-0.5537 -0.3190 1.0007 111 90 61
-0.5476 -0.3190 1.0007 102 81 52
-0.5416 -0.3190 1.0007 113 92 61
-0.5356 -0.3190 1.0007 107 86 59
-0.5296 -0.3190 1.0007 104 83 54
-0.5236 -0.3190 1.0007 115 96 66
-0.5176 -0.3190 1.0007 112 93 61
-0.5115 -0.3190 1.0007 109 90 57
-0.5055 -0.3190 1.0007 107 86 55
-0.4995 -0.3190 1.0007 111 90 61
-0.4935 -0.3190 1.0007 114 95 65
-0.4875 -0.3190 1.0007 107 86 55
-0.4815 -0.3190 1.0007 123 102 71
-0.4754 -0.3190 1.0007 110 91 59
-0.4694 -0.3190 1.0007 107 88 56
-0.4634 -0.3190 1.0007 112 91 62
-0.4574 -0.3190 1.0007 115 94 65
-0.4514 -0.3190 1.0007 107 88 56
-0.4453 -0.3190 1.0007 112 96 62
-0.4393 -0.3190 1.0007 112 93 60
-0.4333 -0.3190 1.0007 102 81 50
-0.4273 -0.3190 1.0007 108 89 59
-0.4213 -0.3190 1.0007 115 94 63
-0.4152 -0.3190 1.0007 115 94 63
-0.4092 -0.3190 1.0007 113 92 63
-0.4032 -0.3190 1.0007 112 91 62
-0.3972 -0.3190 1.0007 100 79 50
-0.3912 -0.3190 1.0007 104 83 54
-0.3852 -0.3190 1.0007 111 92 59
-0.3791 -0.3190 1.0006 110 91 61
-0.3731 -0.3190 1.0006 108 92 59
-0.3671 -0.3190 1.0006 104 85 53
-0.3611 -0.3190 1.0006 110 89 58
-0.3551 -0.3189 1.0006 108 87 56
-0.3490 -0.3189 1.0006 107 86 57
-0.3430 -0.3189 1.0006 113 94 64
-0.3370 -0.3189 1.0006 111 90 59
-0.3310 -0.3189 1.0006 111 90 59
-0.3250 -0.3189 1.0006 115 94 63
-0.3189 -0.3189 1.0006 108 87 58
-0.3129 -0.3189 1.0006 124 103 74
-0.3069 -0.3189 1.0006 104 83 52
-0.3009 -0.3189 1.0006 108 87 56
-0.2949 -0.3189 1.0006 113 94 62
-0.2889 -0.3189 1.0006 103 82 55
-0.2828 -0.3189 1.0006 112 88 62
-0.2768 -0.3189 1.0006 103 80 49
-0.2708 -0.3189 1.0006 113 90 59
-0.2648 -0.3189 1.0006 104 80 54
-0.2588 -0.3189 1.0006 107 88 58
-0.2527 -0.3189 1.0006 107 86 55
-0.2467 -0.3189 1.0006 106 85 56
-0.2407 -0.3189 1.0006 117 98 68
-0.2347 -0.3189 1.0006 113 92 61
-0.2287 -0.3189 1.0006 120 99 68
-0.2227 -0.3189 1.0006 119 98 71
-0.2166 -0.3189 1.0006 114 93 62
-0.2106 -0.3189 1.0006 116 97 65
-0.2046 -0.3189 1.0006 110 91 59
-0.1986 -0.3189 1.0006 105 86 54
-0.1926 -0.3189 1.0006 108 89 59
-0.1865 -0.3189 1.0006 113 89 61
-0.1805 -0.3189 1.0006 112 91 62
-0.1745 -0.3189 1.0006 108 89 59
-0.1685 -0.3189 1.0006 110 87 56
-0.1625 -0.3189 1.0006 112 92 59
-0.1565 -0.3189 1.0006 108 87 56
-0.1504 -0.3189 1.0006 107 86 57
-0.1444 -0.3189 1.0006 106 89 61
-0.1384 -0.3189 1.0006 110 90 63
-0.1324 -0.3189 1.0006 109 89 62
-0.1264 -0.3189 1.0006 115 94 67
-0.1204 -0.3189 1.0006 108 89 59
-0.1143 -0.3189 1.0006 109 88 61
-0.1083 -0.3189 1.0006 104 85 52
-0.1023 -0.3189 1.0006 117 94 62
-0.0963 -0.3189 1.0006 103 84 52
-0.0903 -0.3189 1.0006 104 85 55
-0.0842 -0.3189 1.0006 111 91 64
-0.0782 -0.3189 1.0006 111 92 62
-0.0722 -0.3189 1.0005 115 94 63
-0.0662 -0.3189 1.0005 105 90 57
-0.0602 -0.3189 1.0005 117 94 63
-0.0542 -0.3189 1.0005 111 95 62
-0.0481 -0.3189 1.0005 109 90 60
-0.0421 -0.3189 1.0005 107 91 58
-0.0361 -0.3189 1.0005 106 87 55
-0.0301 -0.3189 1.0005 109 88 57
-0.0241 -0.3189 1.0005 108 89 59
-0.0181 -0.3189 1.0005 107 88 56
-0.0120 -0.3189 1.0005 114 95 63
-0.0060 -0.3189 1.0005 107 90 60
0.0000 -0.3189 1.0005 108 87 58
0.0060 -0.3189 1.0005 110 91 59
0.0120 -0.3189 1.0005 102 83 53
0.0181 -0.3189 1.0005 107 83 59
0.0241 -0.3189 1.0005 109 88 57
0.0301 -0.3189 1.0005 109 90 60
0.0361 -0.3189 1.0005 111 92 60
0.0421 -0.3189 1.0005 109 88 59
0.0481 -0.3189 1.0005 107 91 57
0.0542 -0.3189 1.0005 103 82 51
0.0602 -0.3189 1.0005 103 87 54
0.0662 -0.3189 1.0005 113 92 65
0.0722 -0.3189 1.0004 111 92 62
0.0782 -0.3189 1.0004 115 94 65
0.0842 -0.3189 1.0004 109 88 59
0.0902 -0.3189 1.0004 109 90 58
0.0963 -0.3189 1.0004 105 84 57
0.1023 -0.3189 1.0004 115 94 63
0.1083 -0.3189 1.0004 111 92 60
0.1143 -0.3189 1.0004 102 81 52
0.1203 -0.3189 1.0004 101 84 54
0.1263 -0.3189 1.0004 113 93 60
0.1324 -0.3189 1.0004 112 93 63
0.1384 -0.3189 1.0004 107 86 57
0.1444 -0.3189 1.0004 109 90 60
0.1504 -0.3189 1.0004 100 87 55
0.1564 -0.3189 1.0004 114 94 67
0.1624 -0.3189 1.0004 97 76 49
0.1685 -0.3189 1.0004 114 93 62
0.1745 -0.3189 1.0004 108 87 56
0.1805 -0.3189 1.0004 107 86 57
0.1865 -0.3189 1.0004 116 95 64
0.1925 -0.3189 1.0004 108 89 57
0.1985 -0.3189 1.0004 116 95 66
0.2046 -0.3189 1.0004 107 88 56
0.2106 -0.3189 1.0004 114 93 62
0.2166 -0.3189 1.0004 113 92 61
0.2226 -0.3189 1.0004 106 91 58
0.2286 -0.3189 1.0004 106 87 57
0.2346 -0.3189 1.0004 108 87 58
0.2407 -0.3189 1.0004 108 87 56
0.2467 -0.3189 1.0004 110 89 58
0.2527 -0.3189 1.0004 109 90 58
0.2587 -0.3189 1.0004 114 95 63
0.2647 -0.3189 1.0004 108 89 59
0.2707 -0.3189 1.0004 105 86 56
0.2767 -0.3189 1.0004 102 83 50
0.2828 -0.3189 1.0004 106 85 54
0.2888 -0.3189 1.0004 113 94 62
0.2948 -0.3189 1.0004 112 89 58
0.3008 -0.3189 1.0004 102 81 52
0.3068 -0.3189 1.0004 111 92 60
0.3128 -0.3189 1.0004 109 89 56
0.3189 -0.3189 1.0004 108 87 58
0.3249 -0.3189 1.0004 111 90 63
0.3309 -0.3189 1.0004 106 85 56
0.3369 -0.3189 1.0004 107 88 56
0.3429 -0.3189 1.0004 112 91 60
0.3489 -0.3189 1.0004 113 92 61
0.3550 -0.3189 1.0004 114 95 63
0.3610 -0.3189 1.0004 105 86 53
0.3670 -0.3189 1.0004 110 91 59
0.3730 -0.3189 1.0004 110 90 63
0.3790 -0.3189 1.0004 112 93 61
0.3850 -0.3189 1.0004 102 83 53
0.3911 -0.3189 1.0004 112 93 63
0.3971 -0.3189 1.0004 106 85 54
0.4031 -0.3189 1.0004 114 93 62
0.4091 -0.3189 1.0004 111 95 62
0.4151 -0.3189 1.0004 108 92 59
0.4211 -0.3189 1.0004 106 85 56
0.4272 -0.3189 1.0004 122 98 70
0.4332 -0.3189 1.0004 107 90 60
0.4392 -0.3189 1.0004 110 91 61
0.4452 -0.3189 1.0004 106 85 56
0.4512 -0.3189 1.0004 114 90 62
0.4572 -0.3189 1.0004 112 88 60
0.4633 -0.3189 1.0004 108 87 58
0.4693 -0.3189 1.0004 108 89 57
0.4753 -0.3189 1.0004 101 84 54
0.4813 -0.3189 1.0004 107 88 56
0.4873 -0.3189 1.0004 113 94 64
0.4934 -0.3189 1.0004 111 91 64
0.4994 -0.3189 1.0004 111 91 64
0.5054 -0.3189 1.0004 110 91 58
0.5114 -0.3189 1.0004 109 90 60
0.5174 -0.3189 1.0004 117 96 65
0.5234 -0.3189 1.0004 108 87 56
0.5295 -0.3189 1.0004 113 92 63
0.5355 -0.3189 1.0004 114 98 65
0.5415 -0.3189 1.0004 119 98 67
0.5475 -0.3189 1.0004 114 98 65
0.5535 -0.3189 1.0004 111 90 61
0.5596 -0.3189 1.0004 109 90 60
0.5656 -0.3189 1.0004 113 94 64
0.5715 -0.3188 1.0003 106 85 56
-0.5777 -0.3249 1.0005 112 86 59
-0.5717 -0.3250 1.0006 120 99 70
-0.5657 -0.3250 1.0007 113 96 66
-0.5597 -0.3250 1.0007 112 91 62
-0.5537 -0.3250 1.0007 107 86 59
-0.5476 -0.3250 1.0007 109 88 59
-0.5416 -0.3250 1.0007 111 90 59
-0.5356 -0.3250 1.0007 108 87 60
-0.5296 -0.3250 1.0007 118 98 65
-0.5236 -0.3250 1.0007 114 94 61
-0.5175 -0.3250 1.0007 113 92 63
-0.5115 -0.3250 1.0007 109 90 60
-0.5055 -0.3250 1.0007 109 88 59
-0.4995 -0.3250 1.0007 113 92 63
-0.4935 -0.3250 1.0007 112 91 62
-0.4875 -0.3250 1.0007 105 86 54
-0.4814 -0.3250 1.0007 116 97 65
-0.4754 -0.3250 1.0007 114 95 63
-0.4694 -0.3250 1.0007 109 88 57
-0.4634 -0.3250 1.0006 109 85 57
-0.4574 -0.3250 1.0006 110 86 58
-0.4513 -0.3250 1.0006 111 92 60
-0.4453 -0.3250 1.0006 111 97 62
-0.4393 -0.3250 1.0006 109 90 57
-0.4333 -0.3250 1.0006 118 99 69
-0.4273 -0.3250 1.0006 110 93 63
-0.4213 -0.3250 1.0006 115 95 62
-0.4152 -0.3250 1.0006 105 81 53
-0.4092 -0.3250 1.0006 108 85 54
-0.4032 -0.3250 1.0006 110 89 58
-0.3972 -0.3250 1.0006 113 94 64
-0.3912 -0.3250 1.0006 109 89 62
-0.3851 -0.3250 1.0006 112 91 62
-0.3791 -0.3250 1.0006 109 90 60
-0.3731 -0.3250 1.0006 111 92 60
-0.3671 -0.3250 1.0006 113 92 61
-0.3611 -0.3250 1.0006 113 89 61
-0.3550 -0.3250 1.0006 116 95 66
-0.3490 -0.3250 1.0006 106 85 56
-0.3430 -0.3250 1.0006 110 91 59
-0.3370 -0.3250 1.0006 115 96 64
-0.3310 -0.3250 1.0006 114 95 63
-0.3250 -0.3250 1.0006 106 85 54
-0.3189 -0.3250 1.0006 110 89 58
-0.3129 -0.3250 1.0006 108 84 56
-0.3069 -0.3250 1.0006 103 84 52
-0.3009 -0.3250 1.0006 105 86 53
-0.2949 -0.3250 1.0006 107 86 55
-0.2888 -0.3250 1.0006 115 92 61
-0.2828 -0.3250 1.0006 113 89 61
-0.2768 -0.3250 1.0006 115 94 67
-0.2708 -0.3250 1.0006 111 90 61
-0.2648 -0.3250 1.0006 113 92 63
-0.2588 -0.3249 1.0006 108 92 59
-0.2527 -0.3249 1.0006 109 90 58
-0.2467 -0.3249 1.0006 114 90 62
-0.2407 -0.3249 1.0006 106 86 59
-0.2347 -0.3249 1.0006 114 91 60
-0.2287 -0.3249 1.0006 108 89 57
-0.2226 -0.3249 1.0006 109 92 62
-0.2166 -0.3249 1.0006 109 88 57
-0.2106 -0.3249 1.0006 105 84 53
-0.2046 -0.3249 1.0006 109 88 57
-0.1986 -0.3249 1.0006 113 93 60
-0.1926 -0.3249 1.0006 109 90 58
-0.1865 -0.3249 1.0006 113 92 61
-0.1805 -0.3249 1.0006 108 92 58
-0.1745 -0.3249 1.0005 107 88 55
-0.1685 -0.3249 1.0005 114 90 62
-0.1625 -0.3249 1.0005 110 86 58
-0.1565 -0.3249 1.0005 108 87 58
-0.1504 -0.3249 1.0005 112 93 63
-0.1444 -0.3249 1.0005 111 92 62
-0.1384 -0.3249 1.0005 111 92 60
-0.1324 -0.3249 1.0005 107 91 57
-0.1264 -0.3249 1.0005 118 98 65
-0.1203 -0.3249 1.0005 115 96 63
-0.1143 -0.3249 1.0005 110 90 57
-0.1083 -0.3249 1.0005 111 92 60
-0.1023 -0.3249 1.0005 118 97 66
-0.0963 -0.3249 1.0005 107 87 54
-0.0903 -0.3249 1.0005 110 91 59
-0.0842 -0.3249 1.0005 109 92 62
-0.0782 -0.3249 1.0005 113 92 63
-0.0722 -0.3249 1.0005 114 93 64
-0.0662 -0.3249 1.0005 109 88 59
-0.0602 -0.3249 1.0005 104 85 55
-0.0542 -0.3249 1.0005 109 86 55
-0.0481 -0.3249 1.0005 113 92 61
-0.0421 -0.3249 1.0005 115 94 63
-0.0361 -0.3249 1.0005 112 91 60
-0.0301 -0.3249 1.0005 113 92 63
-0.0241 -0.3249 1.0005 111 88 57
-0.0181 -0.3249 1.0005 115 92 61
-0.0120 -0.3249 1.0005 116 95 64
-0.0060 -0.3249 1.0005 112 91 62
0.0000 -0.3249 1.0005 120 99 70
0.0060 -0.3249 1.0005 115 98 68
0.0120 -0.3249 1.0005 106 89 59
0.0181 -0.3249 1.0005 106 84 60
0.0241 -0.3249 1.0005 111 90 61
0.0301 -0.3249 1.0005 112 91 62
0.0361 -0.3249 1.0004 106 87 55
0.0421 -0.3249 1.0004 108 89 59
0.0481 -0.3249 1.0004 105 86 56
0.0542 -0.3249 1.0004 110 90 63
0.0602 -0.3249 1.0004 106 85 54
0.0662 -0.3249 1.0004 111 95 61
0.0722 -0.3249 1.0004 117 98 66
0.0782 -0.3249 1.0004 103 84 52
0.0842 -0.3249 1.0004 111 92 60
0.0902 -0.3249 1.0004 108 89 57
0.0963 -0.3249 1.0004 106 87 55
0.1023 -0.3249 1.0004 106 87 55
0.1083 -0.3249 1.0004 110 91 59
0.1143 -0.3249 1.0004 113 92 63
0.1203 -0.3249 1.0004 117 90 63
0.1263 -0.3249 1.0004 116 91 61
0.1324 -0.3249 1.0004 106 86 59
0.1384 -0.3249 1.0004 107 90 62
0.1444 -0.3249 1.0004 109 93 60
0.1504 -0.3249 1.0004 114 95 65
0.1564 -0.3249 1.0003 108 89 57
0.1624 -0.3249 1.0003 104 81 50
0.1685 -0.3249 1.0003 111 88 56
0.1745 -0.3249 1.0003 115 92 61
0.1805 -0.3249 1.0003 107 86 57
0.1865 -0.3249 1.0003 110 91 58
0.1925 -0.3249 1.0003 99 82 52
0.1985 -0.3249 1.0003 107 83 55
0.2045 -0.3249 1.0003 111 96 63
0.2106 -0.3249 1.0003 110 89 58
0.2166 -0.3249 1.0003 108 89 57
0.2226 -0.3249 1.0003 116 97 64
0.2286 -0.3249 1.0003 103 84 54
0.2346 -0.3249 1.0003 110 91 59
0.2406 -0.3249 1.0003 108 84 56
0.2467 -0.3249 1.0003 116 93 62
0.2527 -0.3249 1.0003 110 89 58
0.2587 -0.3249 1.0003 112 91 62
0.2647 -0.3249 1.0003 112 91 62
0.2707 -0.3249 1.0003 120 99 72
0.2767 -0.3249 1.0003 114 93 62
0.2828 -0.3249 1.0003 114 93 64
0.2888 -0.3249 1.0003 112 93 60
0.2948 -0.3249 1.0003 101 82 49
0.3008 -0.3249 1.0003 114 95 65
0.3068 -0.3249 1.0003 106 87 54
0.3128 -0.3249 1.0003 110 90 57
0.3189 -0.3249 1.0003 112 91 64
0.3249 -0.3249 1.0003 117 95 71
0.3309 -0.3249 1.0003 111 90 63
0.3369 -0.3249 1.0003 111 87 59
0.3429 -0.3249 1.0003 111 92 62
0.3489 -0.3249 1.0003 111 96 63
0.3550 -0.3249 1.0003 111 90 59
0.3610 -0.3249 1.0003 114 95 62
0.3670 -0.3249 1.0003 106 88 52
0.3730 -0.3249 1.0003 112 91 60
0.3790 -0.3249 1.0003 112 93 61
0.3850 -0.3249 1.0003 116 95 66
0.3910 -0.3249 1.0003 108 89 59
0.3971 -0.3249 1.0003 109 88 59
0.4031 -0.3249 1.0003 108 84 56
0.4091 -0.3249 1.0003 112 93 61
0.4151 -0.3249 1.0003 106 87 54
0.4211 -0.3249 1.0004 120 99 68
0.4271 -0.3249 1.0004 109 88 57
0.4332 -0.3249 1.0004 103 82 53
0.4392 -0.3249 1.0004 107 83 55
0.4452 -0.3249 1.0004 106 85 56
0.4512 -0.3249 1.0004 101 82 52
0.4572 -0.3249 1.0004 114 90 62
0.4633 -0.3249 1.0004 110 89 58
0.4693 -0.3249 1.0004 109 88 57
0.4753 -0.3249 1.0004 102 83 53
0.4813 -0.3249 1.0004 109 90 58
0.4873 -0.3249 1.0004 110 91 58
0.4933 -0.3249 1.0004 103 84 52
0.4994 -0.3249 1.0004 112 93 61
0.5054 -0.3249 1.0004 110 91 58
0.5114 -0.3249 1.0004 110 91 61
0.5174 -0.3249 1.0004 110 91 59
0.5234 -0.3249 1.0004 108 87 56
0.5294 -0.3249 1.0004 113 92 63
0.5355 -0.3249 1.0004 120 97 66
0.5415 -0.3249 1.0004 105 84 53
0.5475 -0.3249 1.0004 101 77 49
0.5535 -0.3249 1.0004 116 97 65
0.5595 -0.3249 1.0004 110 89 58
0.5656 -0.3249 1.0004 109 90 60
0.5715 -0.3248 1.0002 104 85 55
-0.5776 -0.3309 1.0005 111 90 61
-0.5717 -0.3310 1.0006 113 92 61
-0.5657 -0.3310 1.0006 109 88 57
-0.5597 -0.3310 1.0006 110 87 56
-0.5536 -0.3310 1.0006 110 89 62
-0.5476 -0.3310 1.0006 109 90 60
-0.5416 -0.3310 1.0006 118 97 66
-0.5356 -0.3310 1.0006 112 91 64
-0.5296 -0.3310 1.0006 106 87 54
-0.5236 -0.3310 1.0006 117 96 65
-0.5175 -0.3310 1.0006 106 85 54
-0.5115 -0.3310 1.0006 116 97 67
-0.5055 -0.3310 1.0006 113 92 65
-0.4995 -0.3310 1.0006 110 89 60
-0.4935 -0.3310 1.0006 108 87 58
-0.4874 -0.3310 1.0006 104 85 53
-0.4814 -0.3310 1.0006 115 96 66
-0.4754 -0.3310 1.0006 111 92 62
-0.4694 -0.3310 1.0006 106 87 57
-0.4634 -0.3310 1.0006 109 88 57
-0.4574 -0.3310 1.0006 118 97 66
-0.4513 -0.3310 1.0006 108 87 56
-0.4453 -0.3310 1.0006 108 87 56
-0.4393 -0.3310 1.0006 113 92 61
-0.4333 -0.3310 1.0006 107 91 57
-0.4273 -0.3310 1.0006 116 92 64
-0.4212 -0.3310 1.0006 109 88 59
-0.4152 -0.3310 1.0006 111 92 60
-0.4092 -0.3310 1.0006 112 91 60
-0.4032 -0.3310 1.0006 106 87 54
-0.3972 -0.3310 1.0006 108 92 58
-0.3911 -0.3310 1.0006 111 92 60
-0.3851 -0.3310 1.0006 115 92 61
-0.3791 -0.3310 1.0006 119 98 71
-0.3731 -0.3310 1.0006 110 89 58
-0.3671 -0.3310 1.0006 114 90 62
-0.3611 -0.3310 1.0006 111 90 61
-0.3550 -0.3310 1.0006 104 83 54
-0.3490 -0.3310 1.0006 110 89 60
-0.3430 -0.3310 1.0006 120 99 70
-0.3370 -0.3310 1.0006 116 97 65
-0.3310 -0.3310 1.0006 109 90 58
-0.3249 -0.3310 1.0006 118 99 67
-0.3189 -0.3310 1.0006 107 86 57
-0.3129 -0.3310 1.0006 104 87 57
-0.3069 -0.3310 1.0006 111 92 60
-0.3009 -0.3310 1.0006 112 88 60
-0.2949 -0.3310 1.0006 110 91 61
-0.2888 -0.3310 1.0006 116 96 69
-0.2828 -0.3310 1.0006 102 85 57
-0.2768 -0.3310 1.0006 115 100 67
-0.2708 -0.3310 1.0006 114 100 63
-0.2648 -0.3310 1.0006 102 85 55
-0.2587 -0.3310 1.0006 108 91 61
-0.2527 -0.3310 1.0006 110 86 58
-0.2467 -0.3310 1.0005 105 84 55
-0.2407 -0.3310 1.0005 109 88 59
-0.2347 -0.3310 1.0005 111 88 57
-0.2287 -0.3310 1.0005 101 82 50
-0.2226 -0.3310 1.0005 110 95 66
-0.2166 -0.3310 1.0005 101 82 52
-0.2106 -0.3310 1.0005 108 87 58
-0.2046 -0.3309 1.0005 111 90 61
-0.1986 -0.3309 1.0005 112 93 61
-0.1926 -0.3309 1.0005 122 101 70
-0.1865 -0.3309 1.0005 110 87 56
-0.1805 -0.3309 1.0005 106 87 55
-0.1745 -0.3309 1.0005 109 88 57
-0.1685 -0.3309 1.0005 105 84 55
-0.1625 -0.3309 1.0005 112 93 63
-0.1564 -0.3309 1.0005 111 92 62
-0.1504 -0.3309 1.0005 112 93 61
-0.1444 -0.3309 1.0005 110 91 61
-0.1384 -0.3309 1.0005 118 95 64
-0.1324 -0.3309 1.0005 111 91 58
-0.1264 -0.3309 1.0005 106 90 57
-0.1203 -0.3309 1.0005 109 88 59
-0.1143 -0.3309 1.0005 104 80 52
-0.1083 -0.3309 1.0005 112 92 65
-0.1023 -0.3309 1.0005 113 93 66
-0.0963 -0.3309 1.0005 115 96 63
-0.0903 -0.3309 1.0005 110 94 60
-0.0842 -0.3309 1.0005 119 103 70
-0.0782 -0.3309 1.0005 109 88 59
-0.0722 -0.3309 1.0005 110 89 58
-0.0662 -0.3309 1.0005 106 85 54
-0.0602 -0.3309 1.0005 106 89 59
-0.0542 -0.3309 1.0005 116 93 62
-0.0481 -0.3309 1.0005 111 88 57
-0.0421 -0.3309 1.0005 112 89 58
-0.0361 -0.3309 1.0005 114 91 60
-0.0301 -0.3309 1.0005 108 87 56
-0.0241 -0.3309 1.0004 108 85 53
-0.0181 -0.3309 1.0004 110 89 58
-0.0120 -0.3309 1.0004 110 91 61
-0.0060 -0.3309 1.0004 116 95 68
0.0000 -0.3309 1.0004 110 86 58
0.0060 -0.3309 1.0004 111 90 59
0.0120 -0.3309 1.0004 105 86 54
0.0180 -0.3309 1.0004 118 98 71
0.0241 -0.3309 1.0004 104 83 54
0.0301 -0.3309 1.0004 114 94 67
0.0361 -0.3309 1.0004 110 91 59
0.0421 -0.3309 1.0004 106 86 59
0.0481 -0.3309 1.0004 112 91 60
0.0541 -0.3309 1.0004 110 93 65
0.0602 -0.3309 1.0004 112 86 59
0.0662 -0.3309 1.0004 112 93 61
0.0722 -0.3309 1.0004 110 89 60
0.0782 -0.3309 1.0004 114 95 63
0.0842 -0.3309 1.0004 117 96 65
0.0902 -0.3309 1.0004 109 88 59
0.0963 -0.3309 1.0004 110 89 58
0.1023 -0.3309 1.0004 110 89 60
0.1083 -0.3309 1.0004 109 88 57
0.1143 -0.3309 1.0004 105 86 56
0.1203 -0.3309 1.0003 119 95 69
0.1263 -0.3309 1.0003 109 90 58
0.1324 -0.3309 1.0003 102 81 52
0.1384 -0.3309 1.0003 122 96 69
0.1444 -0.3309 1.0003 111 92 60
0.1504 -0.3309 1.0003 119 95 67
0.1564 -0.3309 1.0003 112 91 62
0.1624 -0.3309 1.0003 112 93 61
0.1684 -0.3309 1.0003 108 87 58
0.1745 -0.3309 1.0003 103 82 51
0.1805 -0.3309 1.0003 115 96 63
0.1865 -0.3309 1.0003 113 94 64
0.1925 -0.3309 1.0003 105 84 53
0.1985 -0.3309 1.0003 107 86 55
0.2045 -0.3309 1.0003 111 90 59
0.2106 -0.3309 1.0003 115 96 66
0.2166 -0.3309 1.0003 108 89 57
0.2226 -0.3309 1.0003 115 94 67
0.2286 -0.3309 1.0003 115 94 63
0.2346 -0.3309 1.0003 109 87 63
0.2406 -0.3309 1.0003 107 83 55
0.2467 -0.3309 1.0003 113 89 61
0.2527 -0.3309 1.0003 108 87 58
0.2587 -0.3309 1.0003 104 84 57
0.2647 -0.3309 1.0003 103 84 54
0.2707 -0.3309 1.0003 112 93 63
0.2767 -0.3309 1.0003 113 92 61
0.2828 -0.3309 1.0003 110 89 60
0.2888 -0.3309 1.0003 119 100 70
0.2948 -0.3309 1.0003 106 87 54
0.3008 -0.3309 1.0003 109 93 59
0.3068 -0.3309 1.0003 105 86 53
0.3128 -0.3309 1.0003 117 96 67
0.3188 -0.3309 1.0003 107 88 58
0.3249 -0.3309 1.0003 103 82 53
0.3309 -0.3309 1.0003 112 91 62
0.3369 -0.3309 1.0003 114 93 64
0.3429 -0.3309 1.0003 111 92 60
0.3489 -0.3309 1.0003 108 89 57
0.3549 -0.3309 1.0003 107 86 55
0.3610 -0.3309 1.0003 114 95 65
0.3670 -0.3309 1.0003 107 87 54
0.3730 -0.3309 1.0003 110 90 57
0.3790 -0.3309 1.0003 101 81 54
0.3850 -0.3309 1.0003 103 82 53
0.3910 -0.3309 1.0003 116 95 66
0.3971 -0.3309 1.0003 117 98 68
0.4031 -0.3309 1.0003 105 84 55
0.4091 -0.3309 1.0003 115 94 63
0.4151 -0.3309 1.0003 110 89 58
0.4211 -0.3309 1.0003 105 86 56
0.4271 -0.3309 1.0003 111 92 62
0.4332 -0.3309 1.0003 113 92 63
0.4392 -0.3309 1.0003 106 85 56
0.4452 -0.3309 1.0003 114 93 64
0.4512 -0.3309 1.0003 110 89 60
0.4572 -0.3309 1.0003 109 88 61
0.4632 -0.3309 1.0003 115 94 67
0.4693 -0.3309 1.0003 109 88 59
0.4753 -0.3309 1.0004 115 94 65
0.4813 -0.3309 1.0004 106 87 54
0.4873 -0.3309 1.0004 109 88 57
0.4933 -0.3309 1.0004 109 88 59
0.4993 -0.3309 1.0004 107 88 58
0.5054 -0.3309 1.0004 116 95 64
0.5114 -0.3309 1.0004 111 91 64
0.5174 -0.3309 1.0004 109 90 60
0.5234 -0.3309 1.0004 106 85 54
0.5294 -0.3309 1.0004 105 85 58
0.5354 -0.3309 1.0004 108 83 53
0.5415 -0.3309 1.0004 112 93 61
0.5475 -0.3309 1.0004 119 95 67
0.5535 -0.3309 1.0004 112 95 65
0.5595 -0.3309 1.0004 105 88 58
0.5655 -0.3309 1.0004 107 83 55
0.5714 -0.3308 1.0002 110 89 60
-0.5776 -0.3370 1.0005 114 99 66
-0.5717 -0.3370 1.0006 114 93 64
-0.5657 -0.3370 1.0006 103 84 54
-0.5597 -0.3370 1.0006 110 91 61
-0.5536 -0.3370 1.0006 108 87 58
-0.5476 -0.3370 1.0006 108 87 58
-0.5416 -0.3370 1.0006 108 89 59
-0.5356 -0.3370 1.0006 108 89 59
-0.5296 -0.3370 1.0006 111 87 61
-0.5235 -0.3370 1.0006 111 92 60
-0.5175 -0.3370 1.0006 117 97 64
-0.5115 -0.3370 1.0006 110 91 59
-0.5055 -0.3370 1.0006 112 93 63
-0.4995 -0.3370 1.0006 111 87 59
-0.4935 -0.3370 1.0006 110 89 60
-0.4874 -0.3370 1.0006 110 91 61
-0.4814 -0.3370 1.0006 117 98 68
-0.4754 -0.3370 1.0006 108 91 61
-0.4694 -0.3370 1.0006 107 86 55
-0.4634 -0.3370 1.0006 108 91 61
-0.4573 -0.3370 1.0006 119 96 65
-0.4513 -0.3370 1.0006 108 88 53
-0.4453 -0.3370 1.0006 109 90 57
-0.4393 -0.3370 1.0006 112 91 62
-0.4333 -0.3370 1.0006 106 90 57
-0.4272 -0.3370 1.0006 110 93 63
-0.4212 -0.3370 1.0006 107 88 58
-0.4152 -0.3370 1.0006 116 95 64
-0.4092 -0.3370 1.0006 111 95 62
-0.4032 -0.3370 1.0006 112 93 63
-0.3972 -0.3370 1.0006 114 90 62
-0.3911 -0.3370 1.0006 107 88 58
-0.3851 -0.3370 1.0006 112 95 65
-0.3791 -0.3370 1.0006 107 88 58
-0.3731 -0.3370 1.0006 110 91 61
-0.3671 -0.3370 1.0006 107 86 57
-0.3610 -0.3370 1.0006 112 91 62
-0.3550 -0.3370 1.0006 113 89 61
-0.3490 -0.3370 1.0006 121 97 69
-0.3430 -0.3370 1.0006 107 86 55
-0.3370 -0.3370 1.0006 106 87 57
-0.3310 -0.3370 1.0006 111 94 64
-0.3249 -0.3370 1.0006 116 97 65
-0.3189 -0.3370 1.0006 110 89 58
-0.3129 -0.3370 1.0006 106 87 57
-0.3069 -0.3370 1.0006 114 95 63
-0.3009 -0.3370 1.0006 113 92 61
-0.2949 -0.3370 1.0005 114 95 65
-0.2888 -0.3370 1.0005 108 92 59
-0.2828 -0.3370 1.0005 107 82 52
-0.2768 -0.3370 1.0005 110 91 59
-0.2708 -0.3370 1.0005 114 95 63
-0.2648 -0.3370 1.0005 108 92 59
-0.2587 -0.3370 1.0005 107 88 58
-0.2527 -0.3370 1.0005 103 84 54
-0.2467 -0.3370 1.0005 108 85 54
-0.2407 -0.3370 1.0005 102 83 51
-0.2347 -0.3370 1.0005 115 96 64
-0.2287 -0.3370 1.0005 110 91 59
-0.2226 -0.3370 1.0005 109 90 58
-0.2166 -0.3370 1.0005 118 97 66
-0.2106 -0.3370 1.0005 107 83 55
-0.2046 -0.3370 1.0005 111 90 63
-0.1986 -0.3370 1.0005 109 88 59
-0.1925 -0.3370 1.0005 109 90 60
-0.1865 -0.3370 1.0005 111 90 61
-0.1805 -0.3370 1.0005 113 92 61
-0.1745 -0.3370 1.0005 102 81 50
-0.1685 -0.3370 1.0005 114 95 65
-0.1625 -0.3370 1.0005 112 93 63
-0.1564 -0.3370 1.0005 111 90 59
-0.1504 -0.3370 1.0005 109 92 62
-0.1444 -0.3369 1.0005 102 85 55
-0.1384 -0.3369 1.0005 111 88 57
-0.1324 -0.3369 1.0005 112 89 58
-0.1264 -0.3369 1.0005 110 89 58
-0.1203 -0.3369 1.0005 109 89 62
-0.1143 -0.3369 1.0005 101 80 51
-0.1083 -0.3369 1.0005 114 93 62
-0.1023 -0.3369 1.0005 116 97 67
-0.0963 -0.3369 1.0005 108 89 57
-0.0903 -0.3369 1.0005 118 97 70
-0.0842 -0.3369 1.0005 102 81 50
-0.0782 -0.3369 1.0005 112 91 60
-0.0722 -0.3369 1.0005 114 98 64
-0.0662 -0.3369 1.0004 110 94 61
-0.0602 -0.3369 1.0004 118 98 71
-0.0542 -0.3369 1.0004 114 95 65
-0.0481 -0.3369 1.0004 116 95 64
-0.0421 -0.3369 1.0004 112 91 60
-0.0361 -0.3369 1.0004 117 96 65
-0.0301 -0.3369 1.0004 111 92 60
-0.0241 -0.3369 1.0004 122 99 68
-0.0180 -0.3369 1.0004 102 83 53
-0.0120 -0.3369 1.0004 109 92 66
-0.0060 -0.3369 1.0004 101 80 51
0.0000 -0.3369 1.0004 113 92 63
0.0060 -0.3369 1.0004 112 91 62
0.0120 -0.3369 1.0004 107 88 58
0.0180 -0.3369 1.0004 108 87 56
0.0241 -0.3369 1.0004 113 92 61
0.0301 -0.3369 1.0004 115 94 65
0.0361 -0.3369 1.0004 114 94 61
0.0421 -0.3369 1.0004 110 89 60
0.0481 -0.3369 1.0004 116 93 61
0.0541 -0.3369 1.0004 110 89 60
0.0602 -0.3369 1.0004 108 84 58
0.0662 -0.3369 1.0004 109 90 58
0.0722 -0.3369 1.0004 107 88 56
0.0782 -0.3369 1.0004 110 89 58
0.0842 -0.3369 1.0004 107 86 57
0.0902 -0.3369 1.0004 116 95 66
0.0963 -0.3369 1.0003 99 80 50
0.1023 -0.3369 1.0003 114 93 66
0.1083 -0.3369 1.0003 109 88 59
0.1143 -0.3369 1.0003 111 90 61
0.1203 -0.3369 1.0003 112 92 67
0.1263 -0.3369 1.0003 109 88 61
0.1324 -0.3369 1.0003 111 87 59
0.1384 -0.3369 1.0003 111 92 62
0.1444 -0.3369 1.0003 110 93 65
0.1504 -0.3369 1.0003 110 89 58
0.1564 -0.3369 1.0003 105 84 57
0.1624 -0.3369 1.0003 115 95 70
0.1684 -0.3369 1.0003 115 96 66
0.1745 -0.3369 1.0003 107 90 60
0.1805 -0.3369 1.0003 109 88 57
0.1865 -0.3369 1.0003 112 91 60
0.1925 -0.3369 1.0003 115 92 61
0.1985 -0.3369 1.0003 112 88 60
0.2045 -0.3369 1.0003 113 87 62
0.2106 -0.3369 1.0003 116 97 67
0.2166 -0.3369 1.0003 114 95 63
0.2226 -0.3369 1.0003 112 91 60
0.2286 -0.3369 1.0003 119 98 67
0.2346 -0.3369 1.0003 114 93 64
0.2406 -0.3369 1.0003 110 84 57
0.2467 -0.3369 1.0003 108 86 62
0.2527 -0.3369 1.0003 110 91 61
0.2587 -0.3369 1.0003 107 87 54
0.2647 -0.3369 1.0003 108 84 56
0.2707 -0.3369 1.0003 115 94 67
0.2767 -0.3369 1.0003 116 97 67
0.2827 -0.3369 1.0003 113 92 61
0.2888 -0.3369 1.0003 109 90 60
0.2948 -0.3369 1.0003 120 97 66
0.3008 -0.3369 1.0003 116 91 61
0.3068 -0.3369 1.0003 104 87 57
0.3128 -0.3369 1.0003 108 87 56
0.3188 -0.3369 1.0003 113 93 60
0.3249 -0.3369 1.0003 108 89 57
0.3309 -0.3369 1.0003 113 96 66
0.3369 -0.3369 1.0003 114 95 65
0.3429 -0.3369 1.0003 107 88 58
0.3489 -0.3369 1.0003 117 94 63
0.3549 -0.3369 1.0003 113 93 60
0.3610 -0.3369 1.0003 109 90 60
0.3670 -0.3369 1.0003 109 89 56
0.3730 -0.3369 1.0003 116 92 66
0.3790 -0.3369 1.0003 113 92 63
0.3850 -0.3369 1.0003 112 91 64
0.3910 -0.3369 1.0003 103 84 54
0.3971 -0.3369 1.0003 112 91 62
0.4031 -0.3369 1.0003 103 79 53
0.4091 -0.3369 1.0003 109 89 62
0.4151 -0.3369 1.0003 118 97 66
0.4211 -0.3369 1.0003 109 88 57
0.4271 -0.3369 1.0003 111 87 59
0.4332 -0.3369 1.0003 111 92 62
0.4392 -0.3369 1.0003 103 84 52
0.4452 -0.3369 1.0003 105 86 54
0.4512 -0.3369 1.0003 114 93 66
0.4572 -0.3369 1.0003 107 86 59
0.4632 -0.3369 1.0003 116 95 66
0.4693 -0.3369 1.0003 108 89 57
0.4753 -0.3369 1.0003 114 94 67
0.4813 -0.3369 1.0003 106 86 61
0.4873 -0.3369 1.0003 110 90 63
0.4933 -0.3369 1.0003 111 90 61
0.4993 -0.3369 1.0003 108 84 58
0.5054 -0.3369 1.0003 106 83 52
0.5114 -0.3369 1.0003 111 90 63
0.5174 -0.3369 1.0003 103 84 54
0.5234 -0.3369 1.0003 113 94 62
0.5294 -0.3369 1.0003 123 99 71
0.5354 -0.3369 1.0003 110 87 56
0.5414 -0.3369 1.0003 117 97 64
0.5475 -0.3369 1.0003 106 87 55
0.5535 -0.3369 1.0003 110 91 59
0.5595 -0.3369 1.0003 109 88 61
0.5655 -0.3369 1.0003 118 97 68
0.5714 -0.3368 1.0001 105 90 57
-0.5776 -0.3430 1.0005 106 87 57
-0.5717 -0.3430 1.0006 109 93 60
-0.5657 -0.3430 1.0006 108 89 57
-0.5596 -0.3430 1.0006 108 87 58
-0.5536 -0.3430 1.0006 103 82 51
-0.5476 -0.3430 1.0006 114 93 62
-0.5416 -0.3430 1.0006 116 95 64
-0.5356 -0.3430 1.0006 118 95 64
-0.5296 -0.3430 1.0006 113 89 61
-0.5235 -0.3430 1.0006 110 90 63
-0.5175 -0.3430 1.0006 115 94 65
-0.5115 -0.3430 1.0006 100 81 49
-0.5055 -0.3430 1.0006 114 95 63
-0.4995 -0.3430 1.0006 112 92 59
-0.4934 -0.3430 1.0006 110 89 60
-0.4874 -0.3430 1.0006 112 91 62
-0.4814 -0.3430 1.0006 111 92 62
-0.4754 -0.3430 1.0006 113 90 59
-0.4694 -0.3430 1.0006 104 88 55
-0.4634 -0.3430 1.0006 110 89 60
-0.4573 -0.3430 1.0006 107 92 59
-0.4513 -0.3430 1.0006 108 87 56
-0.4453 -0.3430 1.0006 109 83 56
-0.4393 -0.3430 1.0006 108 89 59
-0.4333 -0.3430 1.0006 105 89 56
-0.4272 -0.3430 1.0006 115 96 64
-0.4212 -0.3430 1.0006 104 85 53
-0.4152 -0.3430 1.0006 113 94 62
-0.4092 -0.3430 1.0006 113 92 61
-0.4032 -0.3430 1.0006 107 90 60
-0.3971 -0.3430 1.0005 107 86 59
-0.3911 -0.3430 1.0005 128 104 76
-0.3851 -0.3430 1.0005 113 94 64
-0.3791 -0.3430 1.0005 111 90 59
-0.3731 -0.3430 1.0005 106 87 55
-0.3671 -0.3430 1.0005 114 94 61
-0.3610 -0.3430 1.0005 106 85 56
-0.3550 -0.3430 1.0005 111 90 59
-0.3490 -0.3430 1.0005 110 89 58
-0.3430 -0.3430 1.0005 106 85 56
-0.3370 -0.3430 1.0005 107 86 57
-0.3310 -0.3430 1.0005 103 86 56
-0.3249 -0.3430 1.0005 118 97 68
-0.3189 -0.3430 1.0005 112 93 60
-0.3129 -0.3430 1.0005 113 94 64
-0.3069 -0.3430 1.0005 118 97 68
-0.3009 -0.3430 1.0005 106 85 54
-0.2948 -0.3430 1.0005 110 91 59
-0.2888 -0.3430 1.0005 116 95 64
-0.2828 -0.3430 1.0005 106 87 55
-0.2768 -0.3430 1.0005 102 81 50
-0.2708 -0.3430 1.0005 110 91 61
-0.2648 -0.3430 1.0005 112 96 63
-0.2587 -0.3430 1.0005 106 85 54
-0.2527 -0.3430 1.0005 104 87 57
-0.2467 -0.3430 1.0005 116 90 63
-0.2407 -0.3430 1.0005 106 89 59
-0.2347 -0.3430 1.0005 119 100 70
-0.2286 -0.3430 1.0005 107 86 55
-0.2226 -0.3430 1.0005 112 91 60
-0.2166 -0.3430 1.0005 115 94 63
-0.2106 -0.3430 1.0005 109 88 59
-0.2046 -0.3430 1.0005 100 79 52
-0.1986 -0.3430 1.0005 114 95 65
-0.1925 -0.3430 1.0005 104 84 57
-0.1865 -0.3430 1.0005 107 87 60
-0.1805 -0.3430 1.0005 104 83 54
-0.1745 -0.3430 1.0005 117 96 67
-0.1685 -0.3430 1.0005 113 87 60
-0.1625 -0.3430 1.0005 101 85 52
-0.1564 -0.3430 1.0005 110 94 61
-0.1504 -0.3430 1.0005 107 86 55
-0.1444 -0.3430 1.0005 110 89 58
-0.1384 -0.3430 1.0005 109 86 55
-0.1324 -0.3430 1.0005 109 85 57
-0.1264 -0.3430 1.0005 105 82 51
-0.1203 -0.3430 1.0004 106 87 55
-0.1143 -0.3430 1.0004 107 90 60
-0.1083 -0.3430 1.0004 112 93 63
-0.1023 -0.3430 1.0004 112 93 61
-0.0963 -0.3430 1.0004 107 86 55
-0.0903 -0.3430 1.0004 111 87 59
-0.0842 -0.3429 1.0004 111 88 57
-0.0782 -0.3429 1.0004 111 90 59
-0.0722 -0.3429 1.0004 110 91 61
-0.0662 -0.3429 1.0004 105 81 55
-0.0602 -0.3429 1.0004 115 89 62
-0.0541 -0.3429 1.0004 102 83 51
-0.0481 -0.3429 1.0004 110 94 61
-0.0421 -0.3429 1.0004 109 85 57
-0.0361 -0.3429 1.0004 110 89 60
-0.0301 -0.3429 1.0004 108 87 58
-0.0241 -0.3429 1.0004 115 95 62
-0.0180 -0.3429 1.0004 113 94 62
-0.0120 -0.3429 1.0004 110 91 61
-0.0060 -0.3429 1.0004 115 94 63
0.0000 -0.3429 1.0004 106 88 52
0.0060 -0.3429 1.0004 112 92 59
0.0120 -0.3429 1.0004 100 81 51
0.0180 -0.3429 1.0004 121 97 69
0.0241 -0.3429 1.0004 112 92 59
0.0301 -0.3429 1.0004 117 96 67
0.0361 -0.3429 1.0004 114 95 62
0.0421 -0.3429 1.0004 110 90 63
0.0481 -0.3429 1.0004 110 91 58
0.0541 -0.3429 1.0004 108 87 58
0.0602 -0.3429 1.0004 110 89 60
0.0662 -0.3429 1.0003 109 90 58
0.0722 -0.3429 1.0003 111 90 61
0.0782 -0.3429 1.0003 112 91 62
0.0842 -0.3429 1.0003 115 94 65
0.0902 -0.3429 1.0003 102 81 50
0.0963 -0.3429 1.0003 103 84 52
0.1023 -0.3429 1.0003 110 91 58
0.1083 -0.3429 1.0003 104 85 55
0.1143 -0.3429 1.0003 105 86 56
0.1203 -0.3429 1.0003 121 97 69
0.1263 -0.3429 1.0003 108 89 57
0.1324 -0.3429 1.0003 102 86 53
0.1384 -0.3429 1.0003 113 90 59
0.1444 -0.3429 1.0003 110 90 63
0.1504 -0.3429 1.0003 112 93 61
0.1564 -0.3429 1.0003 116 95 68
0.1624 -0.3429 1.0003 113 92 65
0.1684 -0.3429 1.0003 112 91 60
0.1745 -0.3429 1.0003 114 95 65
0.1805 -0.3429 1.0003 106 85 58
0.1865 -0.3429 1.0003 110 91 58
0.1925 -0.3429 1.0003 124 101 70
0.1985 -0.3429 1.0003 118 97 66
0.2045 -0.3429 1.0003 114 93 62
0.2106 -0.3429 1.0003 110 89 58
0.2166 -0.3429 1.0003 113 92 61
0.2226 -0.3429 1.0003 109 88 57
0.2286 -0.3429 1.0003 108 89 57
0.2346 -0.3429 1.0003 108 89 59
0.2406 -0.3429 1.0003 116 95 66
0.2466 -0.3429 1.0003 112 92 57
0.2527 -0.3429 1.0003 115 95 68
0.2587 -0.3429 1.0003 114 90 64
0.2647 -0.3429 1.0003 114 91 60
0.2707 -0.3429 1.0003 109 88 59
0.2767 -0.3429 1.0003 108 89 59
0.2827 -0.3429 1.0003 114 93 62
0.2888 -0.3429 1.0003 112 93 61
0.2948 -0.3429 1.0003 113 89 61
0.3008 -0.3429 1.0003 112 93 63
0.3068 -0.3429 1.0003 113 94 64
0.3128 -0.3429 1.0003 109 90 60
0.3188 -0.3429 1.0003 112 93 63
0.3249 -0.3429 1.0003 113 93 66
0.3309 -0.3429 1.0003 108 91 63
0.3369 -0.3429 1.0003 105 88 58
0.3429 -0.3429 1.0003 102 81 52
0.3489 -0.3429 1.0003 110 89 60
0.3549 -0.3429 1.0003 110 89 58
0.3610 -0.3429 1.0003 110 91 61
0.3670 -0.3429 1.0003 119 98 69
0.3730 -0.3429 1.0003 116 95 64
0.3790 -0.3429 1.0003 113 93 66
0.3850 -0.3429 1.0003 107 86 57
0.3910 -0.3429 1.0003 107 88 56
0.3970 -0.3429 1.0003 111 90 59
0.4031 -0.3429 1.0003 112 88 60
0.4091 -0.3429 1.0003 113 89 63
0.4151 -0.3429 1.0003 111 88 57
0.4211 -0.3429 1.0003 109 88 59
0.4271 -0.3429 1.0003 110 91 59
0.4331 -0.3429 1.0003 120 99 68
0.4392 -0.3429 1.0003 111 90 59
0.4452 -0.3429 1.0003 106 85 54
0.4512 -0.3429 1.0003 117 96 67
0.4572 -0.3429 1.0003 109 84 53
0.4632 -0.3429 1.0003 112 97 66
0.4692 -0.3429 1.0003 103 81 58
0.4753 -0.3429 1.0003 109 85 57
0.4813 -0.3429 1.0003 105 86 56
0.4873 -0.3429 1.0003 106 87 57
0.4933 -0.3429 1.0003 108 87 56
0.4993 -0.3429 1.0003 114 90 62
0.5053 -0.3429 1.0003 106 85 54
0.5114 -0.3429 1.0003 110 90 63
0.5174 -0.3429 1.0003 110 91 61
0.5234 -0.3429 1.0003 117 96 65
0.5294 -0.3429 1.0003 111 85 58
0.5354 -0.3429 1.0003 107 84 53
0.5414 -0.3429 1.0003 114 91 59
0.5475 -0.3429 1.0003 108 93 60
0.5535 -0.3429 1.0003 107 88 55
0.5595 -0.3429 1.0003 103 82 55
0.5655 -0.3429 1.0003 112 91 62
0.5714 -0.3428 1.0001 113 94 62
-0.5776 -0.3490 1.0005 109 85 59
-0.5716 -0.3490 1.0005 106 91 58
-0.5656 -0.3490 1.0006 99 80 47
-0.5596 -0.3490 1.0006 114 90 62
-0.5536 -0.3490 1.0006 112 95 65
-0.5476 -0.3490 1.0006 112 96 63
-0.5416 -0.3490 1.0006 116 97 65
-0.5356 -0.3490 1.0006 108 87 56
-0.5295 -0.3490 1.0006 119 98 69
-0.5235 -0.3490 1.0006 114 93 66
-0.5175 -0.3490 1.0006 112 92 65
-0.5115 -0.3490 1.0006 117 98 66
-0.5055 -0.3490 1.0006 112 93 61
-0.4995 -0.3490 1.0006 104 85 52
-0.4934 -0.3490 1.0006 106 87 57
-0.4874 -0.3490 1.0006 118 97 68
-0.4814 -0.3490 1.0006 114 90 62
-0.4754 -0.3490 1.0006 115 99 66
-0.4694 -0.3490 1.0006 108 87 56
-0.4633 -0.3490 1.0006 108 91 61
-0.4573 -0.3490 1.0006 111 90 59
-0.4513 -0.3490 1.0006 107 87 60
-0.4453 -0.3490 1.0006 109 89 62
-0.4393 -0.3490 1.0005 116 95 66
-0.4332 -0.3490 1.0005 113 92 61
-0.4272 -0.3490 1.0005 116 95 64
-0.4212 -0.3490 1.0005 109 88 57
-0.4152 -0.3490 1.0005 111 92 60
-0.4092 -0.3490 1.0005 112 91 60
-0.4032 -0.3490 1.0005 107 90 60
-0.3971 -0.3490 1.0005 107 88 58
-0.3911 -0.3490 1.0005 106 82 54
-0.3851 -0.3490 1.0005 112 86 59
-0.3791 -0.3490 1.0005 113 93 66
-0.3731 -0.3490 1.0005 106 85 58
-0.3670 -0.3490 1.0005 105 86 56
-0.3610 -0.3490 1.0005 109 88 59
-0.3550 -0.3490 1.0005 111 90 59
-0.3490 -0.3490 1.0005 112 91 60
-0.3430 -0.3490 1.0005 112 91 64
-0.3370 -0.3490 1.0005 113 89 63
-0.3309 -0.3490 1.0005 108 88 61
-0.3249 -0.3490 1.0005 110 89 60
-0.3189 -0.3490 1.0005 108 89 56
-0.3129 -0.3490 1.0005 114 95 65
-0.3069 -0.3490 1.0005 113 92 63
-0.3009 -0.3490 1.0005 108 87 58
-0.2948 -0.3490 1.0005 110 91 59
-0.2888 -0.3490 1.0005 114 97 67
-0.2828 -0.3490 1.0005 122 101 70
-0.2768 -0.3490 1.0005 110 91 61
-0.2708 -0.3490 1.0005 104 87 59
-0.2647 -0.3490 1.0005 108 89 59
-0.2587 -0.3490 1.0005 111 88 57
-0.2527 -0.3490 1.0005 108 91 61
-0.2467 -0.3490 1.0005 114 90 64
-0.2407 -0.3490 1.0005 110 93 65
-0.2347 -0.3490 1.0005 111 90 61
-0.2286 -0.3490 1.0005 111 87 59
-0.2226 -0.3490 1.0005 107 86 57
-0.2166 -0.3490 1.0005 105 88 58
-0.2106 -0.3490 1.0005 101 84 54
-0.2046 -0.3490 1.0005 109 90 60
-0.1986 -0.3490 1.0005 115 94 65
-0.1925 -0.3490 1.0004 114 93 64
-0.1865 -0.3490 1.0004 104 85 55
-0.1805 -0.3490 1.0004 113 92 61
-0.1745 -0.3490 1.0004 108 87 56
-0.1685 -0.3490 1.0004 104 83 54
-0.1625 -0.3490 1.0004 107 88 56
-0.1564 -0.3490 1.0004 116 93 62
-0.1504 -0.3490 1.0004 104 83 52
-0.1444 -0.3490 1.0004 112 92 59
-0.1384 -0.3490 1.0004 108 85 54
-0.1324 -0.3490 1.0004 108 84 58
-0.1263 -0.3490 1.0004 108 85 54
-0.1203 -0.3490 1.0004 110 90 57
-0.1143 -0.3490 1.0004 107 88 58
-0.1083 -0.3490 1.0004 112 93 63
-0.1023 -0.3490 1.0004 114 95 62
-0.0963 -0.3490 1.0004 103 82 51
-0.0902 -0.3490 1.0004 113 93 60
-0.0842 -0.3490 1.0004 110 89 58
-0.0782 -0.3490 1.0004 110 86 58
-0.0722 -0.3490 1.0004 110 86 58
-0.0662 -0.3490 1.0004 107 80 53
-0.0602 -0.3490 1.0004 104 78 53
-0.0541 -0.3490 1.0004 104 87 57
-0.0481 -0.3490 1.0004 112 95 65
-0.0421 -0.3489 1.0004 114 90 62
-0.0361 -0.3489 1.0004 108 87 58
-0.0301 -0.3489 1.0004 112 91 62
-0.0241 -0.3489 1.0004 113 92 63
-0.0180 -0.3489 1.0004 109 90 60
-0.0120 -0.3489 1.0004 106 86 59
-0.0060 -0.3489 1.0004 106 87 57
0.0000 -0.3489 1.0004 114 89 67
0.0060 -0.3489 1.0004 105 85 60
0.0120 -0.3489 1.0004 113 92 63
0.0180 -0.3489 1.0004 107 88 55
0.0241 -0.3489 1.0003 112 92 57
0.0301 -0.3489 1.0003 117 97 70
0.0361 -0.3489 1.0003 106 87 55
0.0421 -0.3489 1.0003 102 85 57
0.0481 -0.3489 1.0003 106 88 52
0.0541 -0.3489 1.0003 117 98 66
0.0602 -0.3489 1.0003 109 88 59
0.0662 -0.3489 1.0003 111 90 61
0.0722 -0.3489 1.0003 109 88 61
0.0782 -0.3489 1.0003 106 87 57
0.0842 -0.3489 1.0003 109 90 60
0.0902 -0.3489 1.0003 108 87 56
0.0963 -0.3489 1.0003 109 90 57
0.1023 -0.3489 1.0003 109 90 58
0.1083 -0.3489 1.0003 112 93 61
0.1143 -0.3489 1.0003 113 94 62
0.1203 -0.3489 1.0003 105 88 58
0.1263 -0.3489 1.0003 109 92 62
0.1323 -0.3489 1.0003 109 92 62
0.1384 -0.3489 1.0003 109 92 62
0.1444 -0.3489 1.0003 107 88 58
0.1504 -0.3489 1.0003 106 85 56
0.1564 -0.3489 1.0003 114 90 62
0.1624 -0.3489 1.0003 109 90 58
0.1684 -0.3489 1.0003 115 91 63
0.1745 -0.3489 1.0003 99 80 50
0.1805 -0.3489 1.0003 110 89 60
0.1865 -0.3489 1.0003 110 89 62
0.1925 -0.3489 1.0003 110 86 58
0.1985 -0.3489 1.0003 110 91 61
0.2045 -0.3489 1.0003 110 94 61
0.2106 -0.3489 1.0003 107 83 55
0.2166 -0.3489 1.0003 113 92 61
0.2226 -0.3489 1.0003 106 85 54
0.2286 -0.3489 1.0003 111 92 62
0.2346 -0.3489 1.0003 107 90 60
0.2406 -0.3489 1.0003 108 91 61
0.2466 -0.3489 1.0003 107 89 65
0.2527 -0.3489 1.0003 113 94 62
0.2587 -0.3489 1.0003 113 90 58
0.2647 -0.3489 1.0003 107 86 55
0.2707 -0.3489 1.0003 111 92 60
0.2767 -0.3489 1.0003 111 92 60
0.2827 -0.3489 1.0003 103 84 54
0.2888 -0.3489 1.0003 107 86 55
0.2948 -0.3489 1.0003 112 93 63
0.3008 -0.3489 1.0003 108 93 62
0.3068 -0.3489 1.0003 114 93 64
0.3128 -0.3489 1.0003 112 96 63
0.3188 -0.3489 1.0003 105 86 54
0.3249 -0.3489 1.0003 107 88 56
0.3309 -0.3489 1.0003 107 86 55
0.3369 -0.3489 1.0003 113 97 63
0.3429 -0.3489 1.0003 107 86 55
0.3489 -0.3489 1.0003 112 93 63
0.3549 -0.3489 1.0003 111 92 62
0.3609 -0.3489 1.0003 104 85 53
0.3670 -0.3489 1.0003 108 88 63
0.3730 -0.3489 1.0003 108 89 56
0.3790 -0.3489 1.0003 110 91 61
0.3850 -0.3489 1.0003 112 92 59
0.3910 -0.3489 1.0003 107 86 55
0.3970 -0.3489 1.0003 112 91 60
0.4031 -0.3489 1.0003 109 90 58
0.4091 -0.3489 1.0003 108 89 56
0.4151 -0.3489 1.0003 112 92 67
0.4211 -0.3489 1.0003 112 91 64
0.4271 -0.3489 1.0003 112 92 59
0.4331 -0.3489 1.0003 116 96 63
0.4392 -0.3489 1.0003 110 89 58
0.4452 -0.3489 1.0003 107 86 55
0.4512 -0.3489 1.0003 108 87 58
0.4572 -0.3489 1.0003 116 99 69
0.4632 -0.3489 1.0003 110 89 58
0.4692 -0.3489 1.0003 112 91 60
0.4753 -0.3489 1.0003 112 91 62
0.4813 -0.3489 1.0003 111 91 58
0.4873 -0.3489 1.0003 104 85 53
0.4933 -0.3489 1.0003 104 85 55
0.4993 -0.3489 1.0003 111 90 59
0.5053 -0.3489 1.0003 105 86 56
0.5114 -0.3489 1.0003 110 90 63
0.5174 -0.3489 1.0003 109 90 60
0.5234 -0.3489 1.0003 108 87 58
0.5294 -0.3489 1.0003 113 87 60
0.5354 -0.3489 1.0003 118 97 66
0.5414 -0.3489 1.0003 108 88 55
0.5474 -0.3489 1.0003 108 93 60
0.5535 -0.3489 1.0003 111 92 59
0.5595 -0.3489 1.0003 108 89 57
0.5655 -0.3489 1.0003 111 90 61
0.5714 -0.3489 1.0001 113 90 59
-0.5776 -0.3550 1.0005 108 87 56
-0.5716 -0.3550 1.0005 111 90 63
-0.5656 -0.3550 1.0006 114 94 67
-0.5596 -0.3550 1.0006 104 83 52
-0.5536 -0.3550 1.0006 114 95 65
-0.5476 -0.3550 1.0006 103 84 54
-0.5416 -0.3550 1.0006 117 96 67
-0.5356 -0.3550 1.0006 113 92 63
-0.5295 -0.3550 1.0006 111 94 66
-0.5235 -0.3550 1.0006 112 91 62
-0.5175 -0.3550 1.0006 114 95 65
-0.5115 -0.3550 1.0006 112 93 63
-0.5055 -0.3550 1.0006 106 85 54
-0.4994 -0.3550 1.0006 107 88 55
-0.4934 -0.3550 1.0006 114 95 65
-0.4874 -0.3550 1.0005 113 94 64
-0.4814 -0.3550 1.0005 109 92 62
-0.4754 -0.3550 1.0005 113 92 63
-0.4694 -0.3550 1.0005 108 91 61
-0.4633 -0.3550 1.0005 111 88 57
-0.4573 -0.3550 1.0005 111 87 61
-0.4513 -0.3550 1.0005 108 87 58
-0.4453 -0.3550 1.0005 116 98 62
-0.4393 -0.3550 1.0005 117 97 64
-0.4332 -0.3550 1.0005 112 91 60
-0.4272 -0.3550 1.0005 109 88 59
-0.4212 -0.3550 1.0005 112 91 62
-0.4152 -0.3550 1.0005 108 89 57
-0.4092 -0.3550 1.0005 109 88 59
-0.4031 -0.3550 1.0005 107 86 55
-0.3971 -0.3550 1.0005 116 93 62
-0.3911 -0.3550 1.0005 109 88 59
-0.3851 -0.3550 1.0005 112 88 60
-0.3791 -0.3550 1.0005 113 93 66
-0.3731 -0.3550 1.0005 119 99 72
-0.3670 -0.3550 1.0005 112 91 62
-0.3610 -0.3550 1.0005 116 95 64
-0.3550 -0.3550 1.0005 109 90 60
-0.3490 -0.3550 1.0005 113 94 64
-0.3430 -0.3550 1.0005 111 87 59
-0.3370 -0.3550 1.0005 116 95 64
-0.3309 -0.3550 1.0005 113 94 64
-0.3249 -0.3550 1.0005 110 89 60
-0.3189 -0.3550 1.0005 106 86 51
-0.3129 -0.3550 1.0005 118 99 67
-0.3069 -0.3550 1.0005 116 95 66
-0.3008 -0.3550 1.0005 116 95 66
-0.2948 -0.3550 1.0005 108 89 57
-0.2888 -0.3550 1.0005 109 92 62
-0.2828 -0.3550 1.0005 115 91 63
-0.2768 -0.3550 1.0005 103 84 52
-0.2708 -0.3550 1.0005 111 95 62
-0.2647 -0.3550 1.0005 108 87 58
-0.2587 -0.3550 1.0005 113 87 60
-0.2527 -0.3550 1.0005 116 100 67
-0.2467 -0.3550 1.0004 113 92 63
-0.2407 -0.3550 1.0004 100 85 56
-0.2347 -0.3550 1.0004 110 91 61
-0.2286 -0.3550 1.0004 110 89 58
-0.2226 -0.3550 1.0004 101 80 53
-0.2166 -0.3550 1.0004 117 98 68
-0.2106 -0.3550 1.0004 102 86 53
-0.2046 -0.3550 1.0004 107 88 56
-0.1985 -0.3550 1.0004 111 88 57
-0.1925 -0.3550 1.0004 118 97 68
-0.1865 -0.3550 1.0004 110 91 61
-0.1805 -0.3550 1.0004 111 92 60
-0.1745 -0.3550 1.0004 117 96 65
-0.1685 -0.3550 1.0004 108 89 59
-0.1624 -0.3550 1.0004 115 98 68
-0.1564 -0.3550 1.0004 106 85 56
-0.1504 -0.3550 1.0004 107 88 58
-0.1444 -0.3550 1.0004 109 88 57
-0.1384 -0.3550 1.0004 106 83 52
-0.1324 -0.3550 1.0004 112 88 60
-0.1263 -0.3550 1.0004 107 84 53
-0.1203 -0.3550 1.0004 109 88 59
-0.1143 -0.3550 1.0004 104 83 54
-0.1083 -0.3550 1.0004 107 86 55
-0.1023 -0.3550 1.0004 121 100 69
-0.0963 -0.3550 1.0004 116 95 68
-0.0902 -0.3550 1.0004 117 98 65
-0.0842 -0.3550 1.0004 107 88 58
-0.0782 -0.3550 1.0004 109 88 59
-0.0722 -0.3550 1.0004 113 92 61
-0.0662 -0.3550 1.0004 116 96 63
-0.0602 -0.3550 1.0004 110 89 58
-0.0541 -0.3550 1.0004 107 88 56
-0.0481 -0.3550 1.0004 102 83 53
-0.0421 -0.3550 1.0004 110 89 60
-0.0361 -0.3550 1.0004 103 84 54
-0.0301 -0.3550 1.0004 114 95 65
-0.0241 -0.3550 1.0004 112 93 61
-0.0180 -0.3550 1.0004 107 86 57
-0.0120 -0.3550 1.0003 112 91 62
-0.0060 -0.3550 1.0003 113 94 64
0.0000 -0.3550 1.0003 114 90 62
0.0060 -0.3550 1.0003 108 89 57
0.0120 -0.3549 1.0003 114 93 62
0.0180 -0.3549 1.0003 110 90 63
0.0241 -0.3549 1.0003 111 90 59
0.0301 -0.3549 1.0003 109 89 64
0.0361 -0.3549 1.0003 105 86 54
0.0421 -0.3549 1.0003 103 83 56
0.0481 -0.3549 1.0003 116 93 61
0.0541 -0.3549 1.0003 113 89 61
0.0602 -0.3549 1.0003 112 93 63
0.0662 -0.3549 1.0003 108 89 57
0.0722 -0.3549 1.0003 108 87 58
0.0782 -0.3549 1.0003 110 89 58
0.0842 -0.3549 1.0003 108 89 59
0.0902 -0.3549 1.0003 118 94 66
0.0963 -0.3549 1.0003 109 90 60
0.1023 -0.3549 1.0003 110 90 63
0.1083 -0.3549 1.0003 116 95 66
0.1143 -0.3549 1.0003 111 87 61
0.1203 -0.3549 1.0003 110 91 61
0.1263 -0.3549 1.0003 117 100 70
0.1323 -0.3549 1.0003 101 84 54
0.1384 -0.3549 1.0003 115 94 65
0.1444 -0.3549 1.0003 114 95 62
0.1504 -0.3549 1.0003 116 97 67
0.1564 -0.3549 1.0003 111 90 59
0.1624 -0.3549 1.0003 109 90 58
0.1684 -0.3549 1.0003 111 92 62
0.1745 -0.3549 1.0003 111 95 62
0.1805 -0.3549 1.0003 109 88 59
0.1865 -0.3549 1.0003 107 86 59
0.1925 -0.3549 1.0003 115 91 63
0.1985 -0.3549 1.0003 110 91 61
0.2045 -0.3549 1.0003 111 92 62
0.2105 -0.3549 1.0003 111 90 59
0.2166 -0.3549 1.0003 109 90 57
0.2226 -0.3549 1.0003 112 93 61
0.2286 -0.3549 1.0003 112 91 62
0.2346 -0.3549 1.0003 116 95 64
0.2406 -0.3549 1.0003 116 97 67
0.2466 -0.3549 1.0003 113 95 59
0.2527 -0.3549 1.0003 113 94 62
0.2587 -0.3549 1.0003 109 88 61
0.2647 -0.3549 1.0003 111 92 62
0.2707 -0.3549 1.0003 105 84 53
0.2767 -0.3549 1.0003 107 86 55
0.2827 -0.3549 1.0003 113 94 62
0.2888 -0.3549 1.0003 117 93 65
0.2948 -0.3549 1.0003 103 88 57
0.3008 -0.3549 1.0003 112 86 59
0.3068 -0.3549 1.0003 111 92 59
0.3128 -0.3549 1.0003 106 87 54
0.3188 -0.3549 1.0003 115 96 64
0.3248 -0.3549 1.0003 112 93 61
0.3309 -0.3549 1.0003 110 89 60
0.3369 -0.3549 1.0003 107 84 52
0.3429 -0.3549 1.0003 109 90 58
0.3489 -0.3549 1.0003 109 88 59
0.3549 -0.3549 1.0003 111 90 61
0.3609 -0.3549 1.0003 100 81 51
0.3670 -0.3549 1.0003 108 89 59
0.3730 -0.3549 1.0003 104 85 55
0.3790 -0.3549 1.0003 109 89 56
0.3850 -0.3549 1.0003 110 91 59
0.3910 -0.3549 1.0003 113 92 65
0.3970 -0.3549 1.0003 109 89 62
0.4031 -0.3549 1.0003 101 84 54
0.4091 -0.3549 1.0003 109 88 57
0.4151 -0.3549 1.0003 108 87 60
0.4211 -0.3549 1.0003 110 89 60
0.4271 -0.3549 1.0003 113 94 64
0.4331 -0.3549 1.0003 111 90 59
0.4392 -0.3549 1.0003 107 86 55
0.4452 -0.3549 1.0003 117 96 67
0.4512 -0.3549 1.0003 114 93 64
0.4572 -0.3549 1.0003 98 81 53
0.4632 -0.3549 1.0003 120 95 65
0.4692 -0.3549 1.0003 112 93 60
0.4753 -0.3549 1.0003 107 88 58
0.4813 -0.3549 1.0003 108 87 56
0.4873 -0.3549 1.0003 106 85 56
0.4933 -0.3549 1.0003 104 83 56
0.4993 -0.3549 1.0003 112 91 60
0.5053 -0.3549 1.0003 115 91 63
0.5113 -0.3549 1.0003 112 91 62
0.5174 -0.3549 1.0003 108 87 56
0.5234 -0.3549 1.0003 112 93 63
0.5294 -0.3549 1.0003 111 87 61
0.5354 -0.3549 1.0003 110 91 61
0.5414 -0.3549 1.0003 107 88 56
0.5474 -0.3549 1.0003 108 91 61
0.5535 -0.3549 1.0003 119 98 67
0.5595 -0.3549 1.0003 109 89 56
0.5655 -0.3549 1.0003 109 90 60
0.5714 -0.3549 1.0001 114 93 62
-0.5776 -0.3610 1.0004 108 88 63
-0.5716 -0.3610 1.0005 118 97 70
-0.5656 -0.3610 1.0005 110 89 60
-0.5596 -0.3610 1.0005 113 92 65
-0.5536 -0.3610 1.0005 111 88 57
-0.5476 -0.3610 1.0005 113 89 61
-0.5416 -0.3610 1.0005 114 93 66
-0.5355 -0.3610 1.0005 113 94 62
-0.5295 -0.3610 1.0005 101 82 52
-0.5235 -0.3610 1.0005 118 97 68
-0.5175 -0.3610 1.0005 104 83 52
-0.5115 -0.3610 1.0005 109 88 61
-0.5054 -0.3610 1.0005 113 92 61
-0.4994 -0.3610 1.0005 115 96 63
-0.4934 -0.3610 1.0005 113 92 61
-0.4874 -0.3610 1.0005 111 90 61
-0.4814 -0.3610 1.0005 114 95 63
-0.4754 -0.3610 1.0005 110 91 61
-0.4693 -0.3610 1.0005 115 96 66
-0.4633 -0.3610 1.0005 111 94 64
-0.4573 -0.3610 1.0005 115 96 66
-0.4513 -0.3610 1.0005 116 97 67
-0.4453 -0.3610 1.0005 105 86 54
-0.4392 -0.3610 1.0005 106 87 55
-0.4332 -0.3610 1.0005 116 97 65
-0.4272 -0.3610 1.0005 108 89 57
-0.4212 -0.3610 1.0005 113 92 63
-0.4152 -0.3610 1.0005 107 86 57
-0.4092 -0.3610 1.0005 111 92 60
-0.4031 -0.3610 1.0005 106 85 56
-0.3971 -0.3610 1.0005 112 85 56
-0.3911 -0.3610 1.0005 104 85 53
-0.3851 -0.3610 1.0005 108 87 58
-0.3791 -0.3610 1.0005 109 86 55
-0.3730 -0.3610 1.0005 109 90 58
-0.3670 -0.3610 1.0005 110 94 61
-0.3610 -0.3610 1.0005 114 93 62
-0.3550 -0.3610 1.0005 112 89 58
-0.3490 -0.3610 1.0005 120 100 65
-0.3430 -0.3610 1.0005 104 83 52
-0.3369 -0.3610 1.0005 104 85 53
-0.3309 -0.3610 1.0005 107 88 58
-0.3249 -0.3610 1.0004 116 95 68
-0.3189 -0.3610 1.0004 104 81 50
-0.3129 -0.3610 1.0004 108 88 55
-0.3069 -0.3610 1.0004 110 91 59
-0.3008 -0.3610 1.0004 112 93 63
-0.2948 -0.3610 1.0004 111 90 59
-0.2888 -0.3610 1.0004 109 86 54
-0.2828 -0.3610 1.0004 109 86 55
-0.2768 -0.3610 1.0004 115 91 63
-0.2707 -0.3610 1.0004 105 86 54
-0.2647 -0.3610 1.0004 112 93 60
-0.2587 -0.3610 1.0004 109 90 58
-0.2527 -0.3610 1.0004 100 81 51
-0.2467 -0.3610 1.0004 108 86 62
-0.2407 -0.3610 1.0004 109 88 59
-0.2346 -0.3610 1.0004 112 93 60
-0.2286 -0.3610 1.0004 116 96 63
-0.2226 -0.3610 1.0004 113 93 60
-0.2166 -0.3610 1.0004 113 97 64
-0.2106 -0.3610 1.0004 107 88 56
-0.2046 -0.3610 1.0004 112 93 61
-0.1985 -0.3610 1.0004 106 89 59
-0.1925 -0.3610 1.0004 112 95 65
-0.1865 -0.3610 1.0004 115 96 66
-0.1805 -0.3610 1.0004 117 94 63
-0.1745 -0.3610 1.0004 109 88 59
-0.1685 -0.3610 1.0004 117 93 67
-0.1624 -0.3610 1.0004 105 84 55
-0.1564 -0.3610 1.0004 115 92 61
-0.1504 -0.3610 1.0004 116 97 65
-0.1444 -0.3610 1.0004 112 93 60
-0.1384 -0.3610 1.0004 104 87 57
-0.1324 -0.3610 1.0004 111 95 62
-0.1263 -0.3610 1.0004 117 98 65
-0.1203 -0.3610 1.0004 115 94 63
-0.1143 -0.3610 1.0004 113 93 60
-0.1083 -0.3610 1.0004 108 87 56
-0.1023 -0.3610 1.0004 114 93 62
-0.0963 -0.3610 1.0004 105 84 55
-0.0902 -0.3610 1.0004 103 87 54
-0.0842 -0.3610 1.0004 108 88 53
-0.0782 -0.3610 1.0003 111 92 59
-0.0722 -0.3610 1.0003 102 83 53
-0.0662 -0.3610 1.0003 105 88 58
-0.0602 -0.3610 1.0003 110 90 63
-0.0541 -0.3610 1.0003 113 92 65
-0.0481 -0.3610 1.0003 109 86 54
-0.0421 -0.3610 1.0003 116 95 66
-0.0361 -0.3610 1.0003 109 87 63
-0.0301 -0.3610 1.0003 113 92 63
-0.0241 -0.3610 1.0003 110 91 59
-0.0180 -0.3610 1.0003 111 95 62
-0.0120 -0.3610 1.0003 105 86 54
-0.0060 -0.3610 1.0003 100 76 48
0.0000 -0.3610 1.0003 117 96 69
0.0060 -0.3610 1.0003 112 91 62
0.0120 -0.3610 1.0003 104 83 54
0.0180 -0.3610 1.0003 109 88 57
0.0241 -0.3610 1.0003 111 92 59
0.0301 -0.3610 1.0003 110 89 60
0.0361 -0.3610 1.0003 112 92 59
0.0421 -0.3609 1.0003 115 95 60
0.0481 -0.3609 1.0003 113 89 61
0.0541 -0.3609 1.0003 118 97 68
0.0602 -0.3609 1.0003 114 93 62
0.0662 -0.3609 1.0003 108 85 54
0.0722 -0.3609 1.0003 104 81 49
0.0782 -0.3609 1.0003 112 91 60
0.0842 -0.3609 1.0003 109 86 55
0.0902 -0.3609 1.0003 110 89 60
0.0963 -0.3609 1.0003 104 87 61
0.1023 -0.3609 1.0003 109 90 58
0.1083 -0.3609 1.0003 115 95 68
0.1143 -0.3609 1.0003 107 86 55
0.1203 -0.3609 1.0003 115 94 63
0.1263 -0.3609 1.0003 111 95 62
0.1323 -0.3609 1.0003 113 90 59
0.1384 -0.3609 1.0002 108 91 61
0.1444 -0.3609 1.0002 110 90 57
0.1504 -0.3609 1.0002 111 92 62
0.1564 -0.3609 1.0002 103 86 56
0.1624 -0.3609 1.0002 114 91 60
0.1684 -0.3609 1.0002 107 88 56
0.1744 -0.3609 1.0002 114 91 60
0.1805 -0.3609 1.0002 115 95 62
0.1865 -0.3609 1.0002 111 90 59
0.1925 -0.3609 1.0002 103 82 51
0.1985 -0.3609 1.0002 115 96 66
0.2045 -0.3609 1.0002 106 86 59
0.2105 -0.3609 1.0002 118 98 65
0.2166 -0.3609 1.0002 106 87 55
0.2226 -0.3609 1.0002 101 82 52
0.2286 -0.3609 1.0002 107 88 56
0.2346 -0.3609 1.0002 115 96 66
0.2406 -0.3609 1.0002 110 89 60
0.2466 -0.3609 1.0002 109 88 57
0.2527 -0.3609 1.0002 111 92 60
0.2587 -0.3609 1.0002 109 90 58
0.2647 -0.3609 1.0002 114 95 63
0.2707 -0.3609 1.0002 107 88 58
0.2767 -0.3609 1.0002 102 83 53
0.2827 -0.3609 1.0002 110 91 59
0.2887 -0.3609 1.0002 113 94 61
0.2948 -0.3609 1.0002 110 93 63
0.3008 -0.3609 1.0002 104 88 54
0.3068 -0.3609 1.0003 112 91 62
0.3128 -0.3609 1.0003 108 87 56
0.3188 -0.3609 1.0003 108 91 61
0.3248 -0.3609 1.0003 112 97 64
0.3309 -0.3609 1.0003 111 90 59
0.3369 -0.3609 1.0003 107 86 55
0.3429 -0.3609 1.0003 114 93 64
0.3489 -0.3609 1.0003 111 90 59
0.3549 -0.3609 1.0003 112 93 60
0.3609 -0.3609 1.0003 108 84 56
0.3670 -0.3609 1.0003 109 88 57
0.3730 -0.3609 1.0003 102 81 52
0.3790 -0.3609 1.0003 108 87 56
0.3850 -0.3609 1.0003 111 90 61
0.3910 -0.3609 1.0003 112 90 66
0.3970 -0.3609 1.0003 109 88 59
0.4030 -0.3609 1.0003 117 98 66
0.4091 -0.3609 1.0003 112 92 59
0.4151 -0.3609 1.0003 110 89 58
0.4211 -0.3609 1.0003 114 95 63
0.4271 -0.3609 1.0003 103 84 52
0.4331 -0.3609 1.0003 113 92 61
0.4391 -0.3609 1.0003 111 89 65
0.4452 -0.3609 1.0003 107 87 54
0.4512 -0.3609 1.0003 113 92 63
0.4572 -0.3609 1.0003 118 99 67
0.4632 -0.3609 1.0003 107 88 56
0.4692 -0.3609 1.0003 109 88 59
0.4752 -0.3609 1.0003 110 91 58
0.4813 -0.3609 1.0003 108 89 57
0.4873 -0.3609 1.0003 111 92 62
0.4933 -0.3609 1.0003 113 94 62
0.4993 -0.3609 1.0003 113 94 62
0.5053 -0.3609 1.0003 112 88 60
0.5113 -0.3609 1.0003 111 87 59
0.5173 -0.3609 1.0003 110 86 58
0.5234 -0.3609 1.0003 105 86 56
0.5294 -0.3609 1.0003 110 91 61
0.5354 -0.3609 1.0003 105 86 54
0.5414 -0.3609 1.0003 109 88 59
0.5474 -0.3609 1.0003 117 96 67
0.5534 -0.3609 1.0003 111 92 60
0.5595 -0.3609 1.0003 109 90 57
0.5655 -0.3609 1.0002 108 88 61
0.5714 -0.3609 1.0001 112 91 62
-0.5776 -0.3670 1.0004 105 85 58
-0.5716 -0.3670 1.0005 108 89 57
-0.5656 -0.3670 1.0005 113 90 59
-0.5596 -0.3670 1.0005 109 88 59
-0.5536 -0.3670 1.0005 103 88 57
-0.5476 -0.3670 1.0005 105 88 58
-0.5415 -0.3670 1.0005 110 86 58
-0.5355 -0.3670 1.0005 116 93 62
-0.5295 -0.3670 1.0005 107 88 58
-0.5235 -0.3670 1.0005 116 95 66
-0.5175 -0.3670 1.0005 115 95 62
-0.5114 -0.3670 1.0005 110 90 57
-0.5054 -0.3670 1.0005 112 97 64
-0.4994 -0.3670 1.0005 111 88 57
-0.4934 -0.3670 1.0005 97 80 50
-0.4874 -0.3670 1.0005 108 91 61
-0.4814 -0.3670 1.0005 110 86 58
-0.4753 -0.3670 1.0005 117 91 64
-0.4693 -0.3670 1.0005 117 96 67
-0.4633 -0.3670 1.0005 112 93 63
-0.4573 -0.3670 1.0005 110 91 58
-0.4513 -0.3670 1.0005 109 88 57
-0.4452 -0.3670 1.0005 113 92 65
-0.4392 -0.3670 1.0005 112 92 65
-0.4332 -0.3670 1.0005 120 101 71
-0.4272 -0.3670 1.0005 106 85 56
-0.4212 -0.3670 1.0005 112 91 62
-0.4152 -0.3670 1.0004 105 84 55
-0.4091 -0.3670 1.0004 108 89 56
-0.4031 -0.3670 1.0004 106 89 59
-0.3971 -0.3670 1.0004 102 81 50
-0.3911 -0.3670 1.0004 109 94 61
-0.3851 -0.3670 1.0004 105 85 60
-0.3790 -0.3670 1.0004 108 87 60
-0.3730 -0.3670 1.0004 108 87 58
-0.3670 -0.3670 1.0004 109 89 62
-0.3610 -0.3670 1.0004 110 91 61
-0.3550 -0.3670 1.0004 109 89 62
-0.3490 -0.3670 1.0004 114 95 65
-0.3429 -0.3670 1.0004 107 90 60
-0.3369 -0.3670 1.0004 107 88 55
-0.3309 -0.3670 1.0004 116 95 64
-0.3249 -0.3670 1.0004 114 93 66
-0.3189 -0.3670 1.0004 103 82 53
-0.3129 -0.3670 1.0004 109 90 58
-0.3068 -0.3670 1.0004 110 91 59
-0.3008 -0.3670 1.0004 107 86 57
-0.2948 -0.3670 1.0004 112 91 62
-0.2888 -0.3670 1.0004 110 94 60
-0.2828 -0.3670 1.0004 113 94 64
-0.2768 -0.3670 1.0004 116 92 64
-0.2707 -0.3670 1.0004 106 83 51
-0.2647 -0.3670 1.0004 103 82 55
-0.2587 -0.3670 1.0004 113 92 63
-0.2527 -0.3670 1.0004 117 98 68
-0.2467 -0.3670 1.0004 119 98 67
-0.2407 -0.3670 1.0004 110 89 62
-0.2346 -0.3670 1.0004 105 89 63
-0.2286 -0.3670 1.0004 107 90 62
-0.2226 -0.3670 1.0004 108 88 63
-0.2166 -0.3670 1.0004 102 87 56
-0.2106 -0.3670 1.0004 116 97 65
-0.2046 -0.3670 1.0004 107 88 58
-0.1985 -0.3670 1.0004 113 94 64
-0.1925 -0.3670 1.0004 110 91 59
-0.1865 -0.3670 1.0004 110 89 58
-0.1805 -0.3670 1.0003 107 86 57
-0.1745 -0.3670 1.0003 113 94 64
-0.1685 -0.3670 1.0003 110 91 61
-0.1624 -0.3670 1.0003 115 94 65
-0.1564 -0.3670 1.0003 105 85 52
-0.1504 -0.3670 1.0003 122 101 70
-0.1444 -0.3670 1.0003 111 92 59
-0.1384 -0.3670 1.0003 114 93 66
-0.1324 -0.3670 1.0003 107 86 57
-0.1263 -0.3670 1.0003 117 96 65
-0.1203 -0.3670 1.0003 101 82 52
-0.1143 -0.3670 1.0003 114 95 63
-0.1083 -0.3670 1.0003 109 88 57
-0.1023 -0.3670 1.0003 110 89 60
-0.0963 -0.3670 1.0003 112 88 60
-0.0902 -0.3670 1.0003 105 90 59
-0.0842 -0.3670 1.0003 106 86 53
-0.0782 -0.3670 1.0003 104 84 51
-0.0722 -0.3670 1.0003 112 91 60
-0.0662 -0.3670 1.0003 112 93 60
-0.0602 -0.3670 1.0003 104 85 55
-0.0541 -0.3670 1.0003 103 84 52
-0.0481 -0.3670 1.0003 110 90 63
-0.0421 -0.3670 1.0003 107 90 60
-0.0361 -0.3670 1.0003 108 89 56
-0.0301 -0.3670 1.0003 111 91 64
-0.0241 -0.3670 1.0003 112 91 60
-0.0180 -0.3670 1.0003 103 87 54
-0.0120 -0.3670 1.0003 118 99 67
-0.0060 -0.3670 1.0003 110 89 60
0.0000 -0.3670 1.0003 110 89 62
0.0060 -0.3670 1.0003 118 95 64
0.0120 -0.3670 1.0003 111 90 59
0.0180 -0.3670 1.0003 112 93 60
0.0241 -0.3670 1.0003 109 93 59
0.0301 -0.3670 1.0003 104 85 53
0.0361 -0.3670 1.0003 112 92 59
0.0421 -0.3670 1.0003 106 87 54
0.0481 -0.3670 1.0003 114 93 66
0.0541 -0.3670 1.0003 102 83 53
0.0602 -0.3670 1.0003 110 87 55
0.0662 -0.3669 1.0002 117 96 65
0.0722 -0.3669 1.0002 107 88 56
0.0782 -0.3669 1.0002 105 89 56
0.0842 -0.3669 1.0002 122 98 70
0.0902 -0.3669 1.0002 115 91 63
0.0962 -0.3669 1.0002 104 84 59
0.1023 -0.3669 1.0002 109 93 60
0.1083 -0.3669 1.0002 113 93 66
0.1143 -0.3669 1.0002 111 90 59
0.1203 -0.3669 1.0002 116 93 62
0.1263 -0.3669 1.0002 111 92 62
0.1323 -0.3669 1.0002 114 88 63
0.1384 -0.3669 1.0002 109 90 60
0.1444 -0.3669 1.0002 114 89 59
0.1504 -0.3669 1.0002 106 91 62
0.1564 -0.3669 1.0002 113 92 63
0.1624 -0.3669 1.0002 106 89 59
0.1684 -0.3669 1.0002 108 92 59
0.1744 -0.3669 1.0002 114 97 67
0.1805 -0.3669 1.0002 101 87 52
0.1865 -0.3669 1.0002 113 97 63
0.1925 -0.3669 1.0002 107 85 61
0.1985 -0.3669 1.0002 115 91 63
0.2045 -0.3669 1.0002 111 91 58
0.2105 -0.3669 1.0002 110 89 58
0.2166 -0.3669 1.0002 113 93 66
0.2226 -0.3669 1.0002 103 84 54
0.2286 -0.3669 1.0002 104 85 53
0.2346 -0.3669 1.0002 112 93 61
0.2406 -0.3669 1.0002 102 78 50
0.2466 -0.3669 1.0002 116 95 64
0.2526 -0.3669 1.0002 109 90 60
0.2587 -0.3669 1.0002 109 92 62
0.2647 -0.3669 1.0002 109 93 60
0.2707 -0.3669 1.0002 111 90 59
0.2767 -0.3669 1.0002 106 90 57
0.2827 -0.3669 1.0002 111 92 59
0.2887 -0.3669 1.0002 108 89 56
0.2948 -0.3669 1.0002 111 90 63
0.3008 -0.3669 1.0002 107 87 54
0.3068 -0.3669 1.0002 108 89 59
0.3128 -0.3669 1.0002 108 92 59
0.3188 -0.3669 1.0002 106 90 57
0.3248 -0.3669 1.0002 113 90 59
0.3308 -0.3669 1.0002 112 92 59
0.3369 -0.3669 1.0002 113 94 62
0.3429 -0.3669 1.0002 112 91 64
0.3489 -0.3669 1.0002 107 86 55
0.3549 -0.3669 1.0002 106 85 54
0.3609 -0.3669 1.0002 122 101 72
0.3669 -0.3669 1.0002 108 88 61
0.3730 -0.3669 1.0002 108 87 60
0.3790 -0.3669 1.0002 115 94 65
0.3850 -0.3669 1.0002 111 90 59
0.3910 -0.3669 1.0002 107 86 57
0.3970 -0.3669 1.0002 109 88 57
0.4030 -0.3669 1.0002 117 97 64
0.4091 -0.3669 1.0002 108 90 54
0.4151 -0.3669 1.0002 109 88 57
0.4211 -0.3669 1.0002 113 94 62
0.4271 -0.3669 1.0002 109 90 58
0.4331 -0.3669 1.0002 111 92 62
0.4391 -0.3669 1.0002 110 88 64
0.4451 -0.3669 1.0002 103 80 48
0.4512 -0.3669 1.0002 110 86 60
0.4572 -0.3669 1.0002 115 94 63
0.4632 -0.3669 1.0002 106 87 55
0.4692 -0.3669 1.0002 111 92 60
0.4752 -0.3669 1.0002 117 98 65
0.4812 -0.3669 1.0002 104 88 55
0.4873 -0.3669 1.0002 109 90 60
0.4933 -0.3669 1.0002 105 89 56
0.4993 -0.3669 1.0002 109 90 58
0.5053 -0.3669 1.0002 114 93 62
0.5113 -0.3669 1.0002 107 88 56
0.5173 -0.3669 1.0002 118 102 69
0.5233 -0.3669 1.0002 107 88 56
0.5294 -0.3669 1.0002 108 89 57
0.5354 -0.3669 1.0002 106 85 54
0.5414 -0.3669 1.0002 106 89 61
0.5474 -0.3669 1.0002 102 85 55
0.5534 -0.3669 1.0002 109 92 62
0.5594 -0.3669 1.0002 109 90 57
0.5654 -0.3669 1.0002 108 87 56
0.5714 -0.3669 1.0001 105 84 57
-0.5776 -0.3730 1.0004 111 90 61
-0.5716 -0.3730 1.0004 114 94 61
-0.5656 -0.3731 1.0005 104 85 53
-0.5596 -0.3731 1.0005 109 90 60
-0.5536 -0.3731 1.0005 108 91 63
-0.5475 -0.3730 1.0005 113 92 63
-0.5415 -0.3730 1.0005 113 90 58
-0.5355 -0.3730 1.0005 107 90 60
-0.5295 -0.3730 1.0005 109 90 57
-0.5235 -0.3730 1.0005 118 98 65
-0.5175 -0.3730 1.0005 109 88 57
-0.5114 -0.3730 1.0005 113 92 63
-0.5054 -0.3730 1.0005 112 88 60
-0.4994 -0.3730 1.0005 113 94 64
-0.4934 -0.3730 1.0005 100 79 50
-0.4874 -0.3730 1.0005 114 93 64
-0.4813 -0.3730 1.0005 110 91 61
-0.4753 -0.3730 1.0005 116 92 64
-0.4693 -0.3730 1.0005 113 92 63
-0.4633 -0.3730 1.0004 98 79 49
-0.4573 -0.3730 1.0004 110 91 61
-0.4513 -0.3730 1.0004 108 89 59
-0.4452 -0.3730 1.0004 111 90 59
-0.4392 -0.3730 1.0004 108 91 61
-0.4332 -0.3730 1.0004 114 93 64
-0.4272 -0.3730 1.0004 113 92 63
-0.4212 -0.3730 1.0004 106 87 57
-0.4151 -0.3730 1.0004 110 91 61
-0.4091 -0.3730 1.0004 111 91 58
-0.4031 -0.3730 1.0004 105 84 53
-0.3971 -0.3730 1.0004 111 92 60
-0.3911 -0.3730 1.0004 109 90 60
-0.3851 -0.3730 1.0004 104 84 57
-0.3790 -0.3730 1.0004 106 87 57
-0.3730 -0.3730 1.0004 105 89 56
-0.3670 -0.3730 1.0004 102 81 52
-0.3610 -0.3730 1.0004 113 93 60
-0.3550 -0.3730 1.0004 107 86 57
-0.3490 -0.3730 1.0004 109 88 59
-0.3429 -0.3730 1.0004 110 91 59
-0.3369 -0.3730 1.0004 107 86 55
-0.3309 -0.3730 1.0004 112 91 60
-0.3249 -0.3730 1.0004 112 91 60
-0.3189 -0.3730 1.0004 107 86 59
-0.3128 -0.3730 1.0004 113 94 64
-0.3068 -0.3730 1.0004 115 96 66
-0.3008 -0.3730 1.0004 108 87 58
-0.2948 -0.3730 1.0004 107 86 57
-0.2888 -0.3730 1.0004 108 89 57
-0.2828 -0.3730 1.0004 112 92 65
-0.2767 -0.3730 1.0004 113 93 66
-0.2707 -0.3730 1.0004 115 95 62
-0.2647 -0.3730 1.0004 114 91 59
-0.2587 -0.3730 1.0004 106 86 53
-0.2527 -0.3730 1.0004 112 91 62
-0.2467 -0.3730 1.0003 108 87 60
-0.2406 -0.3730 1.0003 110 87 56
-0.2346 -0.3730 1.0003 107 91 57
-0.2286 -0.3730 1.0003 105 86 53
-0.2226 -0.3730 1.0003 111 91 58
-0.2166 -0.3730 1.0003 111 92 60
-0.2106 -0.3730 1.0003 116 97 65
-0.2045 -0.3730 1.0003 115 96 66
-0.1985 -0.3730 1.0003 114 95 65
-0.1925 -0.3730 1.0003 108 84 56
-0.1865 -0.3730 1.0003 115 94 65
-0.1805 -0.3730 1.0003 106 89 59
-0.1745 -0.3730 1.0003 122 103 73
-0.1684 -0.3730 1.0003 117 101 68
-0.1624 -0.3730 1.0003 111 92 60
-0.1564 -0.3730 1.0003 114 95 63
-0.1504 -0.3730 1.0003 113 89 61
-0.1444 -0.3730 1.0003 111 92 62
-0.1384 -0.3730 1.0003 107 88 58
-0.1323 -0.3730 1.0003 108 88 61
-0.1263 -0.3730 1.0003 109 90 60
-0.1203 -0.3730 1.0003 109 92 62
-0.1143 -0.3730 1.0003 110 91 59
-0.1083 -0.3730 1.0003 117 99 63
-0.1023 -0.3730 1.0003 119 98 69
-0.0963 -0.3730 1.0003 112 89 58
-0.0902 -0.3730 1.0003 112 93 63
-0.0842 -0.3730 1.0003 104 87 57
-0.0782 -0.3730 1.0003 121 95 68
-0.0722 -0.3730 1.0003 108 84 60
-0.0662 -0.3730 1.0003 106 85 58
-0.0602 -0.3730 1.0003 112 92 67
-0.0541 -0.3730 1.0003 113 93 66
-0.0481 -0.3730 1.0003 104 85 53
-0.0421 -0.3730 1.0003 108 91 63
-0.0361 -0.3730 1.0003 109 88 61
-0.0301 -0.3730 1.0003 105 84 53
-0.0241 -0.3730 1.0003 109 89 56
-0.0180 -0.3730 1.0003 118 102 69
-0.0120 -0.3730 1.0003 113 92 63
-0.0060 -0.3730 1.0003 106 87 57
0.0000 -0.3730 1.0003 119 95 71
0.0060 -0.3730 1.0002 115 94 65
0.0120 -0.3730 1.0002 110 89 58
0.0180 -0.3730 1.0002 110 89 58
0.0241 -0.3730 1.0002 115 96 64
0.0301 -0.3730 1.0002 108 87 58
0.0361 -0.3730 1.0002 118 94 66
0.0421 -0.3730 1.0002 105 84 55
0.0481 -0.3730 1.0002 112 91 62
0.0541 -0.3730 1.0002 114 93 64
0.0602 -0.3730 1.0002 107 84 53
0.0662 -0.3730 1.0002 117 98 66
0.0722 -0.3730 1.0002 116 97 67
0.0782 -0.3730 1.0002 110 91 61
0.0842 -0.3729 1.0002 106 85 56
0.0902 -0.3729 1.0002 111 90 61
0.0962 -0.3729 1.0002 108 91 61
0.1023 -0.3729 1.0002 104 85 53
0.1083 -0.3729 1.0002 106 87 57
0.1143 -0.3729 1.0002 105 86 53
0.1203 -0.3729 1.0002 116 97 65
0.1263 -0.3729 1.0002 102 87 56
0.1323 -0.3729 1.0002 109 88 61
0.1383 -0.3729 1.0002 115 100 69
0.1444 -0.3729 1.0002 102 83 53
0.1504 -0.3729 1.0002 112 90 66
0.1564 -0.3729 1.0002 107 90 60
0.1624 -0.3729 1.0002 110 89 60
0.1684 -0.3729 1.0002 105 86 54
0.1744 -0.3729 1.0002 117 96 67
0.1805 -0.3729 1.0002 111 90 61
0.1865 -0.3729 1.0002 117 94 63
0.1925 -0.3729 1.0002 114 91 60
0.1985 -0.3729 1.0002 108 84 56
0.2045 -0.3729 1.0002 107 83 57
0.2105 -0.3729 1.0002 114 94 61
0.2165 -0.3729 1.0002 112 93 61
0.2226 -0.3729 1.0002 106 87 57
0.2286 -0.3729 1.0002 118 97 66
0.2346 -0.3729 1.0002 109 90 58
0.2406 -0.3729 1.0002 113 92 63
0.2466 -0.3729 1.0002 109 90 58
0.2526 -0.3729 1.0002 111 91 64
0.2587 -0.3729 1.0002 110 91 61
0.2647 -0.3729 1.0002 111 92 62
0.2707 -0.3729 1.0002 110 89 62
0.2767 -0.3729 1.0002 110 91 61
0.2827 -0.3729 1.0002 109 88 59
0.2887 -0.3729 1.0002 111 91 58
0.2947 -0.3729 1.0002 110 84 59
0.3008 -0.3729 1.0002 108 83 53
0.3068 -0.3729 1.0002 108 88 61
0.3128 -0.3729 1.0002 111 90 59
0.3188 -0.3730 1.0002 112 93 61
0.3248 -0.3730 1.0002 111 92 60
0.3308 -0.3730 1.0002 114 93 62
0.3369 -0.3730 1.0002 112 91 60
0.3429 -0.3730 1.0002 108 87 60
0.3489 -0.3730 1.0002 115 94 65
0.3549 -0.3730 1.0002 111 90 59
0.3609 -0.3730 1.0002 106 87 57
0.3669 -0.3730 1.0002 103 86 58
0.3730 -0.3730 1.0002 110 89 60
0.3790 -0.3730 1.0002 117 96 67
0.3850 -0.3730 1.0002 116 95 66
0.3910 -0.3730 1.0002 110 88 64
0.3970 -0.3730 1.0002 105 84 55
0.4030 -0.3730 1.0002 113 92 63
0.4090 -0.3730 1.0002 110 91 59
0.4151 -0.3730 1.0002 113 89 61
0.4211 -0.3730 1.0002 109 90 58
0.4271 -0.3730 1.0002 110 94 61
0.4331 -0.3730 1.0002 110 95 64
0.4391 -0.3730 1.0002 109 90 60
0.4451 -0.3730 1.0002 113 92 61
0.4512 -0.3730 1.0002 106 85 56
0.4572 -0.3730 1.0002 110 90 63
0.4632 -0.3730 1.0002 105 85 58
0.4692 -0.3730 1.0002 108 88 61
0.4752 -0.3730 1.0002 106 89 59
0.4812 -0.3730 1.0002 114 93 62
0.4873 -0.3730 1.0002 109 88 59
0.4933 -0.3730 1.0002 105 84 53
0.4993 -0.3730 1.0002 106 85 54
0.5053 -0.3730 1.0002 109 86 55
0.5113 -0.3730 1.0002 112 93 61
0.5173 -0.3730 1.0002 107 91 58
0.5233 -0.3730 1.0002 113 92 61
0.5294 -0.3730 1.0002 110 91 59
0.5354 -0.3730 1.0002 109 90 58
0.5414 -0.3730 1.0002 113 92 65
0.5474 -0.3730 1.0002 107 88 58
0.5534 -0.3730 1.0002 105 88 60
0.5594 -0.3730 1.0002 109 90 58
0.5654 -0.3730 1.0002 111 88 56
0.5714 -0.3729 1.0000 112 91 64
-0.5776 -0.3790 1.0004 112 89 58
-0.5715 -0.3790 1.0004 114 94 61
-0.5656 -0.3791 1.0005 107 90 62
-0.5596 -0.3791 1.0005 110 90 63
-0.5536 -0.3791 1.0005 104 85 53
-0.5475 -0.3791 1.0005 116 97 65
-0.5415 -0.3791 1.0005 110 89 60
-0.5355 -0.3791 1.0005 111 85 58
-0.5295 -0.3791 1.0005 110 89 58
-0.5235 -0.3791 1.0005 112 91 62
-0.5174 -0.3791 1.0005 109 88 59
-0.5114 -0.3791 1.0005 111 90 61
-0.5054 -0.3791 1.0005 109 83 56
-0.4994 -0.3791 1.0005 106 90 57
-0.4934 -0.3791 1.0005 115 94 63
-0.4874 -0.3791 1.0005 112 89 58
-0.4813 -0.3791 1.0005 110 93 63
-0.4753 -0.3791 1.0005 122 101 70
-0.4693 -0.3791 1.0005 114 95 62
-0.4633 -0.3791 1.0005 109 90 60
-0.4573 -0.3791 1.0004 110 93 63
-0.4513 -0.3791 1.0004 104 87 57
-0.4452 -0.3791 1.0004 115 96 63
-0.4392 -0.3791 1.0004 113 92 61
-0.4332 -0.3790 1.0004 106 85 56
-0.4272 -0.3790 1.0004 108 87 58
-0.4212 -0.3790 1.0004 111 92 60
-0.4151 -0.3790 1.0004 110 94 60
-0.4091 -0.3790 1.0004 109 89 56
-0.4031 -0.3790 1.0004 112 88 60
-0.3971 -0.3790 1.0004 113 94 64
-0.3911 -0.3790 1.0004 112 86 59
-0.3851 -0.3790 1.0004 113 89 63
-0.3790 -0.3790 1.0004 110 86 58
-0.3730 -0.3790 1.0004 116 99 69
-0.3670 -0.3790 1.0004 105 88 60
-0.3610 -0.3790 1.0004 115 96 64
-0.3550 -0.3790 1.0004 114 95 63
-0.3489 -0.3790 1.0004 113 94 61
-0.3429 -0.3790 1.0004 112 93 61
-0.3369 -0.3790 1.0004 117 96 69
-0.3309 -0.3790 1.0004 103 82 53
-0.3249 -0.3790 1.0004 110 91 59
-0.3189 -0.3790 1.0004 114 95 65
-0.3128 -0.3790 1.0004 110 86 58
-0.3068 -0.3790 1.0004 109 90 58
-0.3008 -0.3790 1.0004 110 95 62
-0.2948 -0.3790 1.0004 108 87 58
-0.2888 -0.3790 1.0004 110 87 56
-0.2828 -0.3790 1.0004 101 82 52
-0.2767 -0.3790 1.0004 102 85 55
-0.2707 -0.3790 1.0004 109 90 57
-0.2647 -0.3790 1.0003 113 93 66
-0.2587 -0.3790 1.0003 111 92 62
-0.2527 -0.3790 1.0003 110 91 58
-0.2467 -0.3790 1.0003 110 90 55
-0.2406 -0.3790 1.0003 103 84 54
-0.2346 -0.3790 1.0003 105 86 56
-0.2286 -0.3790 1.0003 103 79 51
-0.2226 -0.3790 1.0003 110 90 63
-0.2166 -0.3790 1.0003 117 98 66
-0.2106 -0.3790 1.0003 112 91 60
-0.2045 -0.3790 1.0003 108 87 58
-0.1985 -0.3790 1.0003 114 90 62
-0.1925 -0.3790 1.0003 110 89 60
-0.1865 -0.3790 1.0003 111 92 62
-0.1805 -0.3790 1.0003 116 97 65
-0.1745 -0.3790 1.0003 113 94 62
-0.1684 -0.3790 1.0003 112 89 58
-0.1624 -0.3790 1.0003 100 83 53
-0.1564 -0.3790 1.0003 113 89 61
-0.1504 -0.3790 1.0003 105 86 56
-0.1444 -0.3790 1.0003 110 89 62
-0.1384 -0.3790 1.0003 113 92 61
-0.1323 -0.3790 1.0003 121 100 73
-0.1263 -0.3790 1.0003 116 96 69
-0.1203 -0.3790 1.0003 107 86 55
-0.1143 -0.3790 1.0003 108 87 56
-0.1083 -0.3790 1.0003 115 94 65
-0.1023 -0.3790 1.0003 117 98 68
-0.0963 -0.3790 1.0003 117 96 65
-0.0902 -0.3790 1.0003 106 87 55
-0.0842 -0.3790 1.0003 111 95 61
-0.0782 -0.3790 1.0003 120 97 65
-0.0722 -0.3790 1.0003 109 88 57
-0.0662 -0.3790 1.0003 115 95 62
-0.0602 -0.3790 1.0003 114 95 63
-0.0541 -0.3790 1.0003 104 85 55
-0.0481 -0.3790 1.0003 106 85 58
-0.0421 -0.3790 1.0003 111 92 60
-0.0361 -0.3790 1.0003 114 94 59
-0.0301 -0.3790 1.0003 118 97 70
-0.0241 -0.3790 1.0003 117 96 65
-0.0180 -0.3790 1.0003 111 92 62
-0.0120 -0.3790 1.0002 112 88 60
-0.0060 -0.3790 1.0002 120 99 68
0.0000 -0.3790 1.0002 113 92 65
0.0060 -0.3790 1.0002 107 86 57
0.0120 -0.3790 1.0002 115 96 64
0.0180 -0.3790 1.0002 107 86 57
0.0241 -0.3790 1.0002 104 85 55
0.0301 -0.3790 1.0002 114 93 64
0.0361 -0.3790 1.0002 106 86 53
0.0421 -0.3790 1.0002 114 93 64
0.0481 -0.3790 1.0002 114 90 64
0.0541 -0.3790 1.0002 106 87 57
0.0602 -0.3790 1.0002 107 88 58
0.0662 -0.3790 1.0002 107 86 55
0.0722 -0.3790 1.0002 110 91 61
0.0782 -0.3790 1.0002 109 94 63
0.0842 -0.3790 1.0002 108 82 55
0.0902 -0.3790 1.0002 106 80 53
0.0962 -0.3790 1.0002 113 96 66
0.1023 -0.3790 1.0002 105 86 54
0.1083 -0.3790 1.0002 118 97 70
0.1143 -0.3790 1.0002 106 87 55
0.1203 -0.3790 1.0002 112 91 62
0.1263 -0.3790 1.0002 104 88 55
0.1323 -0.3790 1.0002 111 88 57
0.1383 -0.3790 1.0002 107 90 60
0.1444 -0.3790 1.0002 110 91 61
0.1504 -0.3790 1.0002 115 91 63
0.1564 -0.3790 1.0002 106 91 60
0.1624 -0.3790 1.0002 109 88 59
0.1684 -0.3790 1.0002 111 96 63
0.1744 -0.3790 1.0002 110 93 65
0.1805 -0.3790 1.0002 104 87 59
0.1865 -0.3790 1.0002 112 93 63
0.1925 -0.3790 1.0002 113 93 66
0.1985 -0.3790 1.0002 109 88 57
0.2045 -0.3790 1.0002 106 86 53
0.2105 -0.3790 1.0002 110 91 61
0.2165 -0.3790 1.0002 105 89 56
0.2226 -0.3790 1.0002 106 85 54
0.2286 -0.3790 1.0002 113 92 63
0.2346 -0.3790 1.0002 106 87 55
0.2406 -0.3790 1.0002 100 80 53
0.2466 -0.3790 1.0002 108 89 59
0.2526 -0.3790 1.0002 106 87 57
0.2587 -0.3790 1.0002 115 94 65
0.2647 -0.3790 1.0002 113 94 64
0.2707 -0.3790 1.0002 113 92 63
0.2767 -0.3790 1.0002 110 91 61
0.2827 -0.3790 1.0002 100 79 50
0.2887 -0.3790 1.0002 106 85 54
0.2947 -0.3790 1.0002 111 90 63
0.3008 -0.3790 1.0002 114 91 59
0.3068 -0.3790 1.0002 109 88 59
0.3128 -0.3790 1.0002 114 91 60
0.3188 -0.3790 1.0002 107 88 56
0.3248 -0.3790 1.0002 116 100 67
0.3308 -0.3790 1.0002 107 87 60
0.3369 -0.3790 1.0002 111 90 61
0.3429 -0.3790 1.0002 118 97 70
0.3489 -0.3790 1.0002 112 93 63
0.3549 -0.3790 1.0002 112 93 61
0.3609 -0.3790 1.0002 108 87 58
0.3669 -0.3790 1.0002 111 92 62
0.3730 -0.3790 1.0002 113 89 61
0.3790 -0.3790 1.0002 109 88 57
0.3850 -0.3790 1.0002 109 90 58
0.3910 -0.3790 1.0002 109 89 62
0.3970 -0.3790 1.0002 113 93 66
0.4030 -0.3790 1.0002 99 78 49
0.4090 -0.3790 1.0002 111 95 62
0.4151 -0.3790 1.0002 112 93 61
0.4211 -0.3790 1.0002 103 87 53
0.4271 -0.3790 1.0002 112 93 61
0.4331 -0.3790 1.0002 114 98 65
0.4391 -0.3790 1.0002 108 89 56
0.4451 -0.3790 1.0002 103 84 52
0.4512 -0.3790 1.0002 106 87 55
0.4572 -0.3790 1.0002 109 88 59
0.4632 -0.3790 1.0002 110 89 62
0.4692 -0.3790 1.0002 113 92 65
0.4752 -0.3790 1.0002 106 87 55
0.4812 -0.3790 1.0002 113 94 61
0.4873 -0.3790 1.0002 106 85 56
0.4933 -0.3790 1.0002 103 82 51
0.4993 -0.3790 1.0002 113 92 61
0.5053 -0.3790 1.0002 107 88 58
0.5113 -0.3790 1.0002 110 91 61
0.5173 -0.3790 1.0002 111 92 62
0.5233 -0.3790 1.0002 112 91 62
0.5294 -0.3790 1.0002 111 90 61
0.5354 -0.3790 1.0002 113 92 61
0.5414 -0.3790 1.0002 108 84 58
0.5474 -0.3790 1.0002 116 92 66
0.5534 -0.3790 1.0002 104 88 55
0.5594 -0.3790 1.0002 111 90 61
0.5654 -0.3790 1.0002 111 90 59
0.5713 -0.3789 1.0000 106 87 57
